speed,strenght,iq,battleiq
792390,655048,173,274
244787,164905,199,37
15672,892496,103,56
167067,632914,136,23
791136,96293,95,123
546237,259365,126,294
172428,796165,95,197
62849,860,45,134
594054,116116,225,240
931283,757973,115,179
149597,499777,74,192
28785,719887,85,281
460037,163536,271,0
425238,101929,192,180
551666,55551,59,165
653733,495224,127,118
760713,508863,125,234
607950,458028,112,255
950380,702840,279,237
656805,943112,113,216
289599,908225,20,13
823386,807377,202,16
395775,962330,32,3
711748,523302,280,130
348757,860054,197,62
84230,290168,247,58
214204,446395,121,133
399040,203263,96,224
287264,125849,144,29
677268,388227,17,27
835007,135846,81,261
631913,873260,299,48
780216,959293,202,201
281566,77657,298,97
875857,189497,172,193
271095,387490,161,18
409854,140403,178,169
315059,778956,186,134
200046,978708,52,121
292479,742792,16,165
73792,295389,128,14
549483,724819,262,263
46331,338649,124,275
497500,665041,66,106
163205,158223,174,298
434472,495650,16,165
568607,857637,24,20
337954,94187,184,196
429077,314575,207,88
98335,261462,189,137
782082,838924,180,293
21325,195215,138,243
850521,31825,123,218
2839,230372,147,97
66040,66186,245,142
715347,733279,235,256
606680,774745,9,221
651031,817522,59,269
505900,243694,137,279
540274,759277,55,7
926722,149498,117,73
189105,628418,25,75
658984,215871,239,299
110784,227680,56,66
206546,280712,87,255
915671,978349,94,140
331955,921601,262,288
86102,816245,2,260
284708,55316,34,60
333315,43474,60,111
995655,301401,118,293
5743,408409,88,223
112385,456882,168,109
899856,305529,134,171
873358,278066,267,73
197101,610660,200,228
644880,883905,84,22
165010,844130,60,13
62843,202297,258,212
637028,604493,272,137
597363,871797,267,67
928485,152454,89,42
946052,893895,290,295
802609,921376,223,132
252443,420363,203,34
962983,523949,76,224
751948,836368,219,125
664425,249432,26,85
52426,161617,17,161
937904,548863,86,262
154576,333337,203,35
710001,120858,262,297
471392,471383,32,175
758565,576684,228,178
183271,813860,253,257
284746,383357,141,182
450533,439701,28,230
587044,798707,195,258
81846,648887,136,256
658840,743729,277,119
706856,914389,255,77
46206,691983,59,145
703784,682881,40,92
792170,162227,222,268
776938,191669,175,102
259497,646456,46,275
107242,438284,95,105
65097,842290,156,99
24066,328900,243,275
873802,74212,147,109
294435,650047,257,74
465570,449030,168,125
641964,405930,214,198
792611,932627,277,33
800561,564515,211,51
317580,535389,82,254
231768,841932,18,169
990448,840949,136,136
585770,455375,95,116
366920,287138,265,119
456793,778081,61,78
345776,759579,134,30
72572,72132,230,196
835567,730189,88,266
665813,985850,42,249
189859,577039,198,19
107709,108427,136,133
61187,925948,19,228
32935,194940,145,128
983870,485825,0,33
81561,453839,57,265
658259,794134,278,118
681864,26705,111,22
576513,269258,66,109
817840,781801,86,99
191903,604284,94,156
366777,241040,219,17
172104,614627,3,261
645243,139589,80,104
897697,492125,168,228
143853,463136,209,52
559155,492963,78,202
726013,697192,162,17
473078,321075,206,213
961561,300552,46,30
310916,384128,135,61
592963,596021,100,15
609546,930172,187,15
894392,59660,112,3
916209,935613,123,53
640373,771850,241,179
526064,686492,283,272
788505,576881,294,152
977485,97101,118,97
671392,504468,105,224
280978,215942,21,199
75784,346398,262,280
770817,62275,9,275
116910,160578,11,71
843802,713305,189,127
939476,168450,290,66
114431,465358,176,106
760608,289096,232,51
431957,138885,73,6
921215,119069,38,185
765772,943117,0,164
987338,305882,176,219
261767,579961,127,238
302911,61499,25,213
826531,200860,142,10
138885,436062,216,293
981584,320605,246,9
725161,796353,26,81
243809,826192,123,238
372135,71026,123,84
253288,690600,77,150
181877,330699,300,87
491393,416566,260,161
56954,102256,67,47
819813,196365,216,264
922701,171286,284,298
241224,79072,32,228
254378,492569,46,233
632690,912725,213,20
246439,170261,58,195
827647,895815,26,204
466102,570216,295,257
708958,45525,233,138
954095,449815,300,71
486425,533962,0,211
756751,78490,278,288
17838,695336,207,168
613946,564419,187,88
130873,351354,46,114
372372,779575,157,188
618644,704824,7,42
368259,414812,98,4
387624,844491,21,235
669241,914091,28,180
891211,533303,45,259
715302,988667,39,71
858276,164983,34,232
244031,101311,112,207
691437,322962,65,141
71766,843363,146,111
183726,47282,264,91
52873,172356,41,109
363693,494668,32,97
894206,590901,203,55
511984,722693,287,42
835500,884290,252,265
399462,942636,264,55
798655,122843,17,37
460419,711362,297,192
449385,443536,259,218
222361,243649,132,101
378326,846918,166,156
735492,530085,266,19
817135,803245,91,54
495131,10088,79,188
607938,824052,200,235
320842,837142,164,231
994685,458878,240,207
885316,196759,248,229
90161,580079,225,7
671895,667257,80,145
494639,408450,194,198
430354,234801,204,80
235739,799880,292,50
889135,777490,153,87
238586,574038,174,175
674153,453607,152,263
265871,782486,68,284
541093,421523,28,264
5898,444791,175,108
847936,878578,273,240
468924,739547,241,82
741725,461099,245,292
698171,555,297,98
761271,230004,147,134
142897,133347,278,236
261475,751267,286,12
360421,780105,259,282
446014,171410,59,284
805884,908024,157,77
316527,58395,146,161
697126,935279,266,233
529085,634038,284,230
727891,766466,214,264
839855,551242,180,125
153250,984643,114,267
151540,407576,134,204
253276,578068,143,241
791651,314566,58,258
905856,71059,142,180
759388,685833,299,183
376133,525575,190,79
9378,416217,33,53
585449,154419,83,205
820633,298996,239,246
875153,300770,186,194
982374,686711,104,207
889636,155023,52,135
777814,282338,296,83
6276,233575,129,119
785682,526889,85,177
989552,431483,132,82
266010,658722,88,156
461128,974948,291,241
457155,342588,31,50
903307,598584,249,22
75712,344171,120,7
545805,502843,239,200
196394,787954,251,115
111042,50501,29,102
879138,811507,237,163
661162,592256,292,95
880604,103167,214,253
610030,452643,164,222
218344,341554,101,22
552080,184678,170,82
443691,10113,289,160
98647,28704,271,163
509765,102239,293,287
449378,691689,15,266
450509,388083,287,8
748060,199716,33,75
654427,380163,153,111
923982,349189,37,227
994615,317205,159,231
692143,23200,11,106
217951,251188,193,39
406007,848627,48,173
660979,341453,176,279
280305,396260,255,31
896208,419002,221,38
351019,486973,191,128
899034,93966,115,29
467664,931361,276,97
841799,581093,126,131
947247,224182,28,194
438040,570108,286,87
761642,841003,33,95
611909,608354,239,278
340242,488277,199,40
54103,902266,245,200
744494,40544,83,242
478641,718713,83,67
689340,946546,11,274
392489,195298,97,5
85444,973148,7,117
290421,305341,164,32
32670,460144,170,159
485725,737195,19,105
497458,772818,157,85
878168,23702,175,196
307953,518953,169,37
119248,530215,145,243
98381,771754,231,166
94215,744895,11,70
315620,323896,208,245
116927,617208,224,31
463482,476907,204,201
508463,769253,82,167
650906,410468,139,234
327404,125893,16,110
613625,790360,275,227
625224,144492,293,185
184898,998696,183,84
226946,273085,29,15
834518,600548,87,150
490757,712293,2,212
297412,965818,218,204
492646,270060,133,75
98052,870979,131,199
755095,517902,15,8
511585,29386,80,89
527188,872359,240,109
502502,676670,81,291
509595,584509,246,121
714595,477648,185,295
377133,317931,181,247
278435,279809,95,135
917095,993587,23,204
347096,294211,223,145
454686,973240,43,135
875008,663164,97,45
158213,590925,89,113
607730,208932,151,227
818286,668128,266,246
836397,962181,208,216
562375,264220,158,208
313124,310770,12,23
568755,494869,133,162
931964,241148,162,283
771539,229747,45,222
246172,997364,226,43
954947,852868,51,38
582768,746304,77,83
516231,454575,26,80
863067,545456,33,31
509711,299267,192,272
268793,687138,120,86
747792,999132,279,209
716697,743154,77,252
312845,78226,150,75
112268,43436,245,177
25639,989580,27,162
896969,448468,124,74
562716,988012,40,81
774631,354314,243,118
186693,892547,215,20
358843,421434,165,300
528672,50653,167,253
356832,656385,295,96
488557,602549,76,173
899482,318521,195,264
968876,984287,249,145
684740,755721,292,148
807648,851450,85,139
49724,300454,26,83
24850,575392,176,145
275498,464643,259,213
677986,695516,236,260
125052,646467,153,8
467815,264347,167,130
283188,964879,191,102
416420,972951,188,85
996217,92776,137,20
960578,729557,247,280
941040,781894,217,163
397926,467479,294,127
971736,712557,279,8
137066,399102,135,199
732868,694770,21,112
238098,511751,55,128
453277,318291,100,227
244593,555047,126,237
958673,934157,259,219
393470,342011,281,52
46176,920957,213,235
170321,253236,242,92
215021,137235,125,110
687298,233411,20,268
225560,891699,222,96
951441,566536,121,118
21625,816580,5,109
18020,573564,14,273
658474,586812,283,20
389785,124889,185,186
340424,371567,262,297
823023,561387,48,196
367245,823358,109,19
456001,107573,200,55
700582,711492,131,98
110138,278634,150,19
179360,310609,1,172
2286,788384,46,15
947285,467412,54,276
704528,697715,80,242
442496,633093,271,68
957497,796752,75,12
174942,34452,22,287
723515,577752,208,193
709135,315570,140,287
544465,652136,298,115
768257,201235,39,163
310508,386353,237,244
387304,568080,236,229
608631,473276,209,269
547538,3022,83,122
141623,548351,11,210
961778,472560,211,292
137743,802354,119,31
228575,881821,293,121
814553,402374,53,264
462446,848802,207,295
707141,282334,173,121
768778,38731,231,80
882473,505950,217,23
921097,730469,125,143
691581,899451,54,60
966447,385291,270,170
832378,784269,122,140
109313,865272,99,177
817234,637920,283,25
971406,796568,141,117
722128,295108,282,197
43899,231498,120,59
474808,248385,271,175
264446,449457,21,247
305856,9517,183,9
439253,308925,153,249
697587,18078,107,2
81932,730052,194,161
392732,29657,222,50
416495,214118,128,74
344483,393475,78,254
879845,145382,6,243
561034,366742,284,65
463923,628801,234,128
632748,452204,167,77
413636,913011,1,166
31606,534168,147,79
360540,498489,29,241
975389,31148,188,198
936701,171834,115,34
857066,543622,25,27
64503,746438,138,183
884741,533903,162,173
345626,337013,136,179
467894,249099,79,285
411538,998082,139,93
377980,501485,281,179
199295,537496,50,295
378209,876677,199,270
82927,406357,181,220
392860,741284,12,21
248081,834653,211,206
346344,469745,74,255
748201,389630,286,225
948910,235130,257,66
898313,539432,144,296
107300,288395,118,201
165601,71294,32,267
94657,982583,157,290
652376,766919,209,40
434422,643736,291,35
433564,47256,233,146
828403,4627,223,67
663464,474415,60,57
914370,567007,255,38
881981,288845,118,252
497613,392091,195,228
634143,185531,223,234
297041,412495,105,76
985270,911243,42,47
965682,586204,23,158
868502,223702,16,51
422374,129249,11,74
24503,401073,227,203
479026,981601,211,135
485842,303243,189,142
160523,29662,116,190
648742,318781,12,242
798549,565691,294,127
878179,886045,231,212
267595,625218,202,76
838178,886167,156,118
689817,526146,122,178
296734,141358,289,95
408240,605755,150,135
293772,525769,123,11
609759,654490,179,276
15971,591767,236,78
718994,351969,173,140
213148,278736,249,159
756416,186914,56,223
868733,253715,25,29
659497,141776,230,59
175093,403360,89,47
142943,261636,135,166
143044,357150,239,287
247523,894386,257,174
348246,728481,124,117
824177,983128,88,87
296515,278604,196,247
588888,547355,1,281
78509,570937,292,21
387874,505723,83,210
351642,839352,112,263
945161,25889,293,94
320964,247591,32,260
643841,269790,259,125
938847,497807,168,4
390652,707016,297,195
658159,944625,69,255
37258,267155,106,231
535489,566603,229,254
319444,806804,104,121
332819,771544,55,113
143019,764999,203,57
158672,320551,211,93
415857,429997,203,38
468400,223373,214,6
672142,151661,173,270
915980,674428,271,29
997181,231851,242,236
82898,363289,190,204
493262,93728,238,291
871590,225727,218,232
153677,321526,27,182
103584,117892,7,97
821253,726800,43,16
719185,768381,96,123
69904,453883,231,137
143921,952695,98,56
766320,248872,177,295
523360,232057,52,89
23959,706435,163,214
724946,352082,1,189
738000,749948,247,6
894352,11099,153,5
258560,698073,63,37
811687,84742,271,83
817981,308748,299,49
595784,666985,166,82
827153,467206,66,152
317645,920114,96,170
640310,933772,158,287
7047,178269,222,121
894238,38431,212,187
991286,644927,120,173
448874,660727,48,272
828295,62438,286,263
820949,332335,281,295
361403,440746,298,172
150400,768494,264,271
55749,255007,137,136
909720,335260,248,138
703777,159724,211,98
170215,842434,206,72
798821,236401,45,12
942885,756065,145,9
418484,988243,20,278
893425,551976,73,97
741886,743781,124,273
815305,623671,195,51
635948,943029,260,109
729027,741461,14,154
263462,565076,17,136
415362,607587,252,208
391879,842014,7,238
682737,951910,202,57
387809,303833,18,17
492814,84858,91,26
807470,89100,194,173
173634,300967,246,207
75161,831117,12,51
293725,643097,142,187
793811,867480,139,234
430477,915265,81,169
195789,923058,83,214
551316,511568,125,28
45685,529867,125,190
867669,416491,3,57
728577,667719,159,248
95054,824150,19,264
300039,282295,274,113
545128,302570,154,175
52333,929927,256,240
154478,216310,156,298
528650,769393,94,176
355992,511399,157,229
882042,827684,183,58
143598,716462,246,92
821076,940852,143,177
868748,727130,188,170
23612,517645,103,213
339456,564162,135,188
981384,359239,213,97
134484,591676,256,268
943834,689032,141,251
812064,748231,294,158
889986,657180,253,187
886337,92046,152,253
472640,91559,99,133
383769,204210,205,9
248049,395996,42,268
85835,867753,169,69
754416,21927,211,247
276562,868694,150,296
555405,772970,191,253
685974,771028,72,167
157475,672805,129,253
636948,54111,0,228
975380,174753,228,249
384337,409386,64,110
617260,406287,52,259
62388,940668,150,24
774852,906562,279,60
246627,409763,34,202
992484,884893,274,123
21161,599464,195,44
668911,30410,210,288
986734,510068,206,5
323700,133889,8,133
561083,529461,102,227
837798,59202,183,95
149723,430713,143,237
310516,16191,298,33
805968,781440,258,28
190185,713843,200,19
9863,16567,190,158
28012,712829,143,16
592769,783655,136,242
455169,682508,48,261
340767,881248,65,268
872940,636672,206,196
90034,929950,236,246
348733,212285,90,145
628792,393610,270,14
104051,101239,41,164
135696,330494,78,116
273375,929750,82,113
759024,646237,231,253
522226,672174,229,270
364059,66441,224,280
506006,975732,262,212
704216,306660,101,173
707249,971806,179,166
396427,167587,16,81
95298,680646,165,263
36017,831741,100,47
298384,476067,131,37
628348,507854,110,98
399434,122240,148,23
250856,873911,261,235
103987,543678,257,68
799969,943677,68,118
161212,777880,215,171
606778,433297,174,3
288060,671500,248,237
35936,325486,229,0
936311,65596,35,53
222387,52221,290,187
284788,623552,298,234
672962,869434,273,5
247485,640678,187,127
289086,91621,216,72
563481,627574,81,186
63545,410954,23,130
211809,795970,218,227
83927,562716,99,96
995180,178359,55,154
188508,697816,89,50
360386,422549,140,188
460671,33335,13,155
138585,598803,91,12
683235,516730,199,26
248862,258964,131,7
49088,171318,171,115
702003,752917,70,254
226984,464279,72,159
986003,670338,123,123
915108,355225,40,23
932544,475773,5,278
267747,303530,44,72
887551,876209,71,212
60622,494120,284,33
297992,24405,299,31
562745,85041,159,264
255401,471504,158,89
101766,16762,110,30
98082,543532,145,30
201341,227795,107,51
299935,998602,210,131
981422,27700,28,140
986227,149232,186,154
286984,955694,160,281
599792,393563,47,59
355679,493509,118,87
691142,686506,179,253
879223,208207,219,70
3164,91224,189,79
359736,853659,252,252
949984,499252,274,215
978411,57301,238,169
25347,87258,163,14
364056,16704,14,15
676978,424343,73,159
218694,504404,99,127
170338,63247,32,66
861160,856677,132,18
238520,856534,285,277
976719,960053,26,258
788958,105709,212,111
250899,862896,124,5
933862,269290,94,67
52473,413812,150,221
355459,336941,1,83
355657,610646,30,128
722518,335216,173,3
489898,391194,74,140
789581,266040,33,83
922806,666815,131,84
918447,370871,246,101
76712,3984,204,195
107513,233148,185,65
75922,615561,53,272
3099,128157,147,290
163232,865999,62,254
523534,50696,296,129
748418,377295,58,238
134937,294122,96,161
144581,83388,3,176
2885,806111,52,121
376840,316325,164,175
490116,575281,103,9
818794,746748,2,297
933098,488449,155,58
475181,511498,231,201
166884,338076,238,266
27584,366059,136,276
228983,337975,203,66
817274,605099,252,90
235850,205162,290,31
445819,79284,95,180
873903,108040,95,75
316771,872991,258,217
30534,372615,109,295
37040,22823,86,261
128180,649561,4,43
863235,516537,133,281
58456,996712,68,89
940556,411821,235,46
191317,871531,185,32
386283,892042,194,137
466744,650226,180,218
940116,815898,293,224
587680,139599,200,111
672834,932234,127,129
147155,284615,152,252
219508,841407,94,85
20046,743352,77,242
721416,504915,296,268
694453,756577,250,207
157357,208260,184,84
462877,147858,271,8
112004,622548,202,144
456836,896294,221,125
612452,840603,255,41
695755,1030,62,24
385446,406686,12,23
337786,245911,44,73
922754,353825,158,31
985736,668262,64,218
759295,620838,257,217
963090,478855,288,191
305491,136231,212,195
121899,161664,253,230
818263,837106,272,300
14390,637080,233,227
997351,851602,263,201
228921,940963,116,125
501892,30651,290,117
607306,324270,168,150
688768,303998,6,43
381408,761465,114,283
816342,5658,138,8
792326,870957,62,182
392304,363985,45,31
462097,616869,66,87
175128,97913,123,219
680874,922023,83,118
687005,482542,193,89
686892,99987,27,173
524157,305888,290,108
130531,799550,276,226
798646,333386,198,8
637416,714052,218,233
527432,775796,102,153
997907,542920,42,282
789433,854403,208,86
500151,605919,235,287
262993,756999,167,201
699161,882689,298,183
380482,65744,262,254
863817,667480,229,198
434913,644828,254,145
635683,902774,175,179
891138,77367,123,193
248145,132780,153,62
946418,489967,213,50
721958,165582,233,105
323130,56566,280,299
119563,309508,38,183
52557,674727,208,80
971931,544429,118,121
279067,820274,245,49
736088,647672,111,12
686448,594466,97,103
674814,209713,175,212
216843,298525,60,283
278277,636322,198,100
282228,345306,137,109
46067,221651,24,130
719410,531916,121,163
949146,473068,283,187
869189,110548,148,249
340188,344881,251,281
773010,871176,128,157
562948,534487,49,285
516317,166633,37,182
431578,462642,185,280
34142,269544,16,168
935766,670997,121,82
318181,379592,152,16
35445,374557,248,148
328227,860615,65,151
16122,221504,80,134
172943,841856,31,67
677215,560640,204,251
718386,147387,155,129
133940,80915,104,160
440176,21655,38,285
219141,66374,161,174
24389,793434,266,261
110987,285938,122,36
848760,263038,183,289
344762,866960,231,217
835799,478432,169,255
681017,482807,288,57
228894,808189,148,108
777286,353217,75,32
586276,119810,174,207
611659,269592,31,108
299952,216598,114,84
213229,349326,202,187
572955,566015,251,70
173453,205707,249,268
558979,727018,232,102
203204,911090,217,172
884963,839113,131,216
705396,90265,36,83
705817,304344,229,175
180032,956699,192,248
840708,870696,255,124
540980,740782,254,8
436793,378789,176,131
144111,517714,240,252
199838,155820,117,12
630345,923875,244,277
755732,949701,18,228
385739,411105,54,213
579452,556596,108,118
340775,699510,25,126
836011,748211,261,74
161505,958864,196,241
585332,467488,184,63
588078,967980,130,257
507185,786582,290,61
12229,344825,292,77
744797,444055,194,87
842135,497420,231,268
790843,174637,68,299
459093,647988,16,166
963999,20553,116,282
578407,568113,254,144
135928,967877,15,23
349659,254281,37,57
129965,834077,18,23
991779,58671,186,244
227415,446177,142,295
320909,58475,64,103
288068,663789,243,52
499032,683175,46,1
883766,589938,246,151
838461,445572,240,167
467177,94866,126,97
898827,241795,27,226
437943,387167,235,211
171853,469361,288,87
671163,859719,24,94
697772,968907,188,283
596797,408588,2,242
820591,627980,66,233
99737,941421,126,114
628652,976133,204,289
273548,764474,188,249
176219,204226,258,124
108652,120397,150,64
762991,964319,75,19
263068,809079,179,52
102692,277297,85,96
636169,381981,268,193
202941,378748,159,187
434046,769260,268,277
479175,937230,244,285
151290,580396,181,259
649160,313553,214,240
38176,862760,15,140
652012,255246,204,201
929905,468492,240,165
532982,946607,206,268
366850,432343,285,190
260958,309284,229,288
269007,958959,185,174
844524,861258,222,217
500890,419661,58,114
468350,42783,70,7
965647,258890,24,113
105989,714057,265,237
54547,185955,279,8
526106,88946,146,114
111985,811408,133,224
281993,258420,287,54
181897,635299,116,92
382233,22502,25,188
512867,193954,91,212
338561,512870,244,240
393812,941895,115,75
723287,519332,40,191
642828,253922,157,15
95611,211338,64,65
827645,481275,268,0
989034,80168,187,86
224276,498695,223,4
377700,120136,95,11
378269,247441,253,236
597781,817499,86,129
624025,323102,142,4
888321,580071,207,260
374215,647167,34,38
672416,6817,229,245
878872,45126,165,9
120294,751869,221,108
400261,279683,234,110
263963,648860,205,12
385965,22633,56,85
725618,422869,45,81
898543,926867,3,77
551274,976585,10,269
560314,868046,94,150
368530,277854,300,237
466312,459278,198,10
453974,638318,130,154
889502,275504,268,151
883149,99359,242,193
232952,479108,219,217
566973,767164,208,1
141567,751965,290,268
890089,843642,163,139
133881,611297,100,69
829083,539183,89,219
870738,191761,252,109
862825,68465,97,59
684570,319361,45,235
41107,705421,279,43
686968,371810,100,201
207397,675394,110,126
121567,773223,164,227
410615,2778,32,67
477874,444515,91,137
658717,840993,220,81
528861,738103,19,235
101752,275433,12,82
726257,311722,70,190
43586,805234,68,228
714001,313476,121,271
377572,47332,132,91
933939,757177,126,292
611141,539029,290,87
744578,380304,225,197
637204,499319,148,293
670599,111541,19,264
438446,116871,252,6
708574,850394,233,32
825520,736271,117,171
673706,516812,258,5
939738,303446,276,28
263955,703673,90,1
931640,542218,150,203
277772,558621,186,144
708511,483689,160,5
744036,928073,41,257
278234,614127,23,31
453458,956680,36,159
167311,148082,97,79
640960,874958,226,268
907918,753016,290,135
780153,278136,103,139
478726,510334,132,85
78080,210151,133,196
394033,788916,227,290
641103,85196,106,255
907981,337579,182,116
833135,583283,63,105
208161,790895,278,50
656818,87791,84,111
926757,180668,204,189
104236,265646,58,4
949077,904057,232,102
161209,783526,161,78
407877,52864,136,184
339366,936322,169,220
615535,441165,267,101
702272,309908,249,174
259172,528918,137,232
829857,893001,73,203
412926,426201,133,106
11722,336173,122,159
225492,723631,164,123
60435,269604,286,3
42542,312806,295,265
961772,679529,264,214
61384,70930,168,112
296363,515079,112,192
77881,818482,186,128
300235,216565,250,51
812433,742368,147,38
847265,530743,188,131
472307,974844,264,237
593357,359696,141,115
669450,793997,258,217
75397,261998,95,107
856821,199031,16,256
903631,893074,71,144
973474,481373,81,25
625907,579981,54,220
481153,997389,244,254
461329,958086,288,13
196810,329996,170,50
417072,530042,45,235
609695,785430,219,178
318833,441717,86,279
650407,21967,97,239
182759,164221,11,244
367263,253512,300,183
171354,885739,214,274
215498,329807,92,171
914777,632372,251,212
294549,102878,120,51
527061,186878,16,119
247624,433984,75,194
484471,280914,127,58
143200,848416,153,91
739429,130538,85,109
696521,182255,88,285
887654,794688,176,26
307774,179140,144,244
759899,663379,61,217
931264,625761,209,98
59820,822491,61,56
575951,691413,106,200
899341,341077,266,178
415424,846749,69,226
998508,180248,41,78
100430,887514,198,211
293842,813064,186,118
12452,480852,7,54
226990,399046,157,121
142012,463325,291,289
960725,124760,15,120
40694,937888,187,126
921916,294202,262,98
450677,934002,193,123
17962,320478,265,139
653966,761758,20,141
924390,345130,277,137
975796,52270,87,154
793476,983216,152,174
486620,849955,69,54
822335,463720,126,187
307660,750761,39,271
439224,398645,162,230
712011,258542,23,253
824810,374500,281,193
816864,760363,154,257
868267,184324,208,272
829942,623131,253,265
945165,191526,287,184
144529,503899,185,284
316653,734885,237,159
35963,963190,42,269
869294,164325,107,136
686681,833589,225,23
826515,243728,254,217
543617,975482,135,218
730557,342627,1,170
970029,683402,166,282
908818,413769,114,269
222009,855692,195,197
44688,834090,212,167
101827,274752,70,46
509744,986039,291,227
80374,133861,125,28
657195,928928,205,179
392932,931767,92,269
149882,183590,161,235
174705,302470,146,31
407352,21344,32,144
284587,156377,261,208
345073,999765,126,209
758189,613546,41,201
757266,849068,244,90
614453,259192,21,261
423630,263419,50,144
30799,518805,16,269
930687,540127,295,124
83006,766287,272,257
645046,854221,147,55
322722,328075,170,144
970132,931033,226,245
631641,754490,300,9
574583,405604,157,162
484431,776796,110,280
359388,29837,218,198
347050,312807,102,137
501171,988387,279,74
828301,772051,87,72
490362,362954,203,149
899440,73293,31,214
664976,399373,39,23
624307,746957,4,241
173949,814176,123,224
237978,831362,22,271
461646,635768,2,298
157667,469696,265,137
935836,482941,29,196
677591,253483,21,15
524341,563936,210,79
45211,998159,233,262
836565,793981,223,101
333164,179986,149,5
110132,127011,19,98
489469,513470,66,92
210486,153926,119,111
113465,471055,258,275
653151,458877,188,83
13177,614533,170,143
89097,827421,182,91
589237,381375,279,228
185763,557253,256,188
730600,228360,284,127
861910,289144,247,73
762293,295635,118,45
314808,476219,134,73
835872,681141,26,89
171795,179135,18,226
415761,529856,269,227
896602,253220,127,7
142729,941015,297,234
784877,794771,216,7
349762,586977,241,48
915003,884038,139,170
678829,442426,163,218
878898,352155,29,174
640562,423925,105,278
289464,653611,82,204
746208,259531,266,280
231518,281648,113,126
257837,339928,75,156
498306,169623,24,104
217392,188483,221,290
983592,544909,92,206
137422,305977,9,287
228353,386578,78,178
504512,73201,196,43
653593,167,251,59
585941,682027,23,61
426496,426301,137,219
270730,106376,223,173
27062,894165,196,213
436594,795814,188,117
429536,951131,173,292
481941,367791,240,274
454952,688066,25,284
244867,213712,176,127
417552,293244,101,161
453426,206901,170,146
436513,864333,265,35
257518,159614,207,164
602508,684770,115,89
98621,893890,221,197
294408,899244,76,234
250160,874656,265,274
144453,790665,185,235
173861,81161,259,229
277183,652405,201,79
559512,209383,12,86
440203,519001,5,62
177461,834828,112,292
553677,542648,176,2
590407,33238,149,26
76007,559206,63,272
338636,580316,67,219
587852,818319,78,165
856147,934770,198,62
767380,483606,8,296
720242,109825,135,258
709263,364052,42,15
92620,207875,64,30
240238,616339,224,62
972647,156125,191,97
325442,702890,62,181
579666,156568,30,65
955539,804196,55,158
715082,751648,269,288
645456,647162,157,209
628997,102845,92,88
314860,811221,18,3
172896,524088,228,205
918230,72369,17,34
896791,640996,78,138
712239,134146,5,196
878332,994064,158,229
292220,849700,291,87
487101,270196,62,275
267781,816101,137,19
737188,326871,105,16
845264,297796,28,188
924855,886390,54,211
360345,638279,9,113
267960,892852,270,219
846259,477753,33,98
670780,340797,201,79
645819,396456,46,37
789914,380917,138,254
515065,268017,6,47
730787,783439,216,165
110401,444394,215,278
970944,561170,227,223
428579,59628,36,130
954891,442524,78,33
379269,451105,79,203
899893,370621,7,0
310183,138010,242,236
424701,405357,174,56
527848,724098,103,41
597455,536826,276,17
530697,18042,50,179
627239,848838,58,33
319194,562761,212,100
129994,231238,117,294
805386,110755,196,141
392843,191201,84,5
257810,210632,60,175
502063,902697,207,198
333236,765020,86,55
902275,747047,62,119
978184,679195,44,15
389446,598365,209,164
249277,708031,99,145
681499,560088,20,241
759923,439218,240,201
506174,835647,235,79
753494,961896,142,120
741556,80277,91,97
42853,330454,13,193
80871,925939,155,27
730325,28645,255,153
948141,747640,101,193
606898,630304,240,209
17306,945615,274,201
202180,876689,9,42
632979,926810,192,282
401988,154983,194,1
247987,791784,144,269
369296,465477,64,31
773387,558512,100,10
427276,585061,196,247
833311,718813,148,50
87986,232737,288,82
152168,380889,290,53
255475,19345,207,23
298774,244735,35,245
37955,517148,33,0
165349,280081,94,296
205790,789099,144,249
150411,914996,214,236
759237,326116,142,160
928290,939090,172,165
930761,551513,264,2
30935,932611,69,280
359661,56155,75,52
711388,450857,208,35
12358,336118,49,186
463725,92304,166,219
953824,31972,202,19
88903,731911,96,76
303112,276222,93,102
674763,229558,167,34
811361,975387,83,273
624229,215205,59,190
326883,52797,172,131
522466,513743,114,273
860684,604058,140,198
889930,807771,61,269
539846,350103,284,35
183402,230185,15,294
698558,907306,138,115
659803,582414,127,66
548595,598496,149,265
374739,438353,42,278
614777,904782,150,178
143616,65267,98,75
296078,654751,143,268
262648,445646,176,9
972773,870414,175,176
831277,272696,240,269
812783,529488,3,229
263002,919157,216,94
271778,797979,281,288
657364,698385,200,56
410752,897039,248,128
645598,31652,82,122
434711,131841,268,71
868019,18766,185,170
427890,391008,2,69
538456,112223,144,92
760648,626567,206,212
235850,322748,268,51
895871,503540,123,3
791409,675915,210,124
674726,237755,270,145
177061,272514,182,245
868360,974130,20,283
517057,66971,229,103
769441,633138,224,278
108000,597707,279,168
91103,958717,68,269
652052,788132,94,246
830258,682790,66,58
697281,957339,28,15
829401,749419,264,108
681104,87900,159,70
433538,154768,40,93
856037,291470,207,75
307888,763390,249,204
504306,696106,36,14
801533,567124,188,173
92857,425505,19,247
437850,352059,106,280
938193,638945,290,255
988022,76506,24,46
727117,914917,145,165
216802,552172,230,195
419187,554429,297,92
684565,716282,12,260
895304,442018,114,212
822404,95108,75,203
783139,132401,274,120
45808,712891,224,122
90220,896499,63,32
56726,124730,85,179
221644,313260,25,84
210423,722326,51,60
156386,969161,24,31
135643,488997,133,296
212798,3974,181,95
897006,212590,53,82
249813,640432,27,15
518360,351186,195,225
184079,467413,180,292
856895,905554,48,248
871751,209878,115,36
317512,263042,129,149
462017,545008,224,124
791758,740424,169,86
81020,80428,185,278
829283,313976,217,74
308983,657353,126,205
822548,836530,257,208
203747,855544,209,30
695593,197993,176,85
211382,953530,240,258
241723,547547,129,215
724466,954434,36,271
883720,328656,199,143
135565,911321,191,1
949656,67550,136,241
616856,586509,51,4
480889,949260,10,86
482356,615921,12,100
163773,709332,39,73
882992,86308,108,136
96861,798419,53,246
976143,90668,138,52
685292,463043,136,31
564462,283377,125,267
88150,704792,273,282
453333,285752,26,292
960187,636359,116,232
586826,956768,161,90
444890,421187,212,93
160205,685033,185,40
727273,737673,112,230
961574,540479,94,195
771121,157260,75,252
104146,573530,219,194
838770,418617,298,129
763663,813677,67,262
51731,170954,33,271
501876,59244,154,259
925638,125636,97,3
663636,931128,102,255
106153,533063,224,102
949757,204108,5,188
717298,85554,262,41
31082,959853,113,59
569304,44840,3,131
437801,25709,263,193
386997,302577,57,30
901167,357205,135,167
99033,919393,143,95
897333,939711,131,141
625976,528456,33,232
707768,671904,41,191
837049,225427,162,269
643307,872910,205,65
466626,669313,61,19
233700,311017,260,51
503209,967474,234,56
998785,738717,218,17
240604,377927,265,294
736541,270433,88,261
968221,391445,57,14
766515,96994,29,219
196010,869740,214,193
261852,802408,163,98
741917,239249,164,17
306612,915621,247,246
254926,639914,86,203
754359,785816,121,208
288266,868530,147,106
314384,225028,213,273
906801,105251,113,29
99735,113730,71,29
601409,446022,154,219
216725,954572,109,205
224168,245569,145,230
754831,401799,108,284
750285,679464,40,169
948806,240330,1,121
158936,428767,196,212
269820,246981,67,247
117832,626906,84,275
187296,456667,90,42
697131,486980,184,282
600138,416280,214,282
895029,331167,53,267
597799,335374,78,241
383039,635927,31,28
727095,535294,230,150
806906,671386,58,286
790913,755417,57,93
8430,247749,18,149
919309,660997,86,249
601191,385126,112,278
746862,611022,65,200
325790,812106,28,80
901327,53638,117,196
347145,485481,76,100
21999,357026,70,121
899143,620597,268,157
342786,177216,96,212
232462,45871,79,114
812443,595425,77,77
428636,905273,283,269
601304,552087,55,135
146959,358744,162,111
883912,727267,1,5
255376,192145,175,270
779108,458633,298,18
675683,198418,280,17
930618,981098,129,161
433170,665037,251,46
430841,831579,10,150
260634,15327,222,274
797115,270401,53,250
643370,822889,290,113
42503,45095,56,204
630022,457556,191,198
21991,368995,204,84
51639,986180,185,199
403758,183905,128,112
359159,419532,77,38
426682,165658,73,172
322935,446958,99,209
309884,210171,99,85
860787,7830,145,149
578357,551832,175,53
371138,642773,95,267
92888,848097,275,101
40084,511128,173,36
135092,527310,253,229
867296,408705,256,82
907435,79054,78,138
628102,298801,273,15
152709,300096,16,89
607698,434155,187,140
850763,8483,167,138
425167,41334,288,176
338798,841075,94,87
841178,409479,208,216
730434,343573,122,265
848376,183004,79,253
439374,375879,118,36
70630,4571,109,286
291218,793917,280,113
373818,504456,162,231
723241,228006,13,222
783177,233206,177,267
318000,108440,277,114
790279,760582,86,96
591075,138988,4,167
329661,637153,93,275
65597,367831,238,18
337929,925816,120,7
409274,377217,98,12
741756,467461,253,159
82191,274036,280,10
88709,14523,5,41
650175,840166,63,123
93265,339403,64,268
777680,819587,178,185
929542,828406,7,244
410246,180513,89,10
535041,647939,172,44
149192,179813,183,150
742369,649754,139,141
966243,775331,138,257
507542,663511,283,141
166115,247789,134,265
781391,461834,10,125
815407,931990,45,158
199719,671610,150,81
504506,716782,277,1
282876,283779,143,277
538313,999285,242,254
548025,723211,66,74
261364,725245,168,52
378536,771850,141,292
96822,331051,70,193
72774,382125,145,276
97105,497157,88,289
167286,574568,189,213
205026,124480,23,124
510352,94173,147,274
850218,506738,143,95
706235,371993,72,200
199931,598672,215,144
564,985334,103,59
270676,928765,31,253
403550,72509,5,269
681149,541749,131,268
473249,103816,277,99
444090,760331,30,168
844903,35093,202,196
315916,10447,191,270
583508,932328,41,3
331772,929324,280,180
799486,172135,106,200
451283,17670,229,207
768646,421222,0,227
196069,595655,53,41
351921,794578,152,259
573598,892959,31,6
251829,419824,263,128
766914,654204,25,163
87704,388363,189,166
622201,217595,174,116
658030,693814,214,212
964061,299358,251,37
261870,21572,121,218
671530,845515,83,297
10730,745458,39,251
454786,259401,270,83
803062,703912,50,158
569313,627213,28,98
335350,372302,288,18
361524,625875,154,32
619667,97678,279,48
355204,744525,68,252
853531,246273,217,44
986288,210848,2,298
909316,520331,31,92
161696,977628,140,60
573568,698166,295,11
661377,422610,120,274
601328,574631,232,14
90141,968283,210,60
163147,414272,127,29
120594,994648,258,176
944401,345417,227,275
956241,893455,100,205
487791,667384,133,142
123762,274339,278,299
230645,16877,188,43
179979,824718,55,65
289678,963991,273,294
980935,273399,299,283
435734,395378,17,266
421611,258550,11,6
787944,530949,35,28
779690,226282,126,244
214852,418545,86,249
898664,477857,28,295
248858,245357,61,63
56982,220837,101,52
279669,613604,246,282
96384,188351,31,236
21567,504427,24,202
293830,192725,119,269
428809,785823,289,87
876911,593997,171,187
23922,847884,279,247
349753,980288,157,147
602530,104078,229,97
108376,451913,46,51
131734,831522,66,230
741831,587291,17,285
291171,145133,292,248
434122,523336,228,271
690166,184331,166,73
994778,563655,234,105
431680,444646,124,137
368539,788716,3,131
956526,190477,271,129
745998,119452,165,112
78188,133805,221,93
318057,401440,167,246
567197,339113,299,29
331203,609978,61,217
722298,330712,95,132
739094,832263,9,37
221256,656909,27,73
257132,58331,164,23
581902,717844,170,41
612264,898630,166,69
435499,48640,275,256
42259,468325,67,147
221893,427238,43,250
688857,246110,147,101
760557,93479,300,277
383086,935558,165,210
149916,465955,70,186
727098,41360,166,246
156938,827035,242,56
591916,571205,235,26
746907,730221,209,291
396225,891351,143,99
162074,899412,114,21
526357,220637,235,165
610642,393920,139,153
15751,417646,39,33
422689,929385,235,34
158322,496958,249,225
603070,772673,244,134
647741,331147,165,34
483035,649978,97,176
377442,225411,245,199
659705,8499,44,76
609241,132236,253,31
860203,493315,75,176
959739,353927,292,187
829274,303442,263,139
939048,329420,215,178
434291,66612,292,105
906606,224216,182,120
659668,958666,258,151
165254,144814,124,223
521255,275630,141,221
22959,135267,242,134
483280,804887,282,244
642205,635921,220,269
79304,594860,138,29
917703,114330,6,74
545801,736704,60,5
30840,60454,77,121
395653,452399,286,56
289879,21180,234,74
107564,744570,268,28
190637,393812,207,265
180257,952545,297,221
203057,97049,161,47
848689,485635,273,224
732475,104844,4,46
233275,46497,107,82
662104,653994,189,3
387769,966527,275,13
256300,589671,245,97
684990,400053,80,229
114886,290781,294,142
547177,648645,293,211
824069,372520,107,138
293586,548387,291,142
784486,477339,118,237
187332,245073,167,154
962322,630382,156,235
926606,948960,36,128
809200,48480,243,246
218555,390524,104,71
841027,690170,11,76
303721,47652,287,113
914145,588480,159,285
908294,725994,38,2
724129,714878,140,102
923150,101465,239,177
299789,251775,33,19
835822,765347,294,270
680559,422867,12,169
844957,288909,15,54
41433,922832,152,175
207072,740320,147,90
497673,744026,31,292
675662,972532,299,120
412829,405741,33,239
683924,198451,242,157
172023,835859,295,264
588176,576425,188,115
822688,279015,113,38
563362,727643,297,67
488742,902981,78,133
453329,745255,52,171
199183,619505,72,185
848453,479935,290,258
814997,320227,76,243
244524,132519,278,273
838873,309007,193,122
272730,69427,27,17
31534,871385,253,257
693973,929286,55,21
622825,260915,195,9
213364,58872,223,294
890728,657764,275,177
751842,436131,36,103
979297,385433,26,240
796020,521603,46,191
401997,319259,145,283
827132,422659,132,232
480714,516629,285,8
146118,484143,55,181
289205,147855,53,148
507651,536087,43,148
547216,202719,249,280
479243,706254,140,238
152297,739469,96,190
686551,890931,157,174
177654,498214,203,134
303659,264418,49,234
56563,907460,58,210
28093,699809,247,153
897353,307587,239,24
162885,905110,215,297
849245,763805,136,136
311122,655919,20,139
961445,407054,284,104
715125,14263,144,6
801893,903344,0,141
257178,379848,238,52
28641,506559,260,219
521751,713079,40,239
602556,968108,168,292
486899,357735,81,174
713317,595099,100,110
653886,688051,73,192
696599,786294,292,206
380927,84156,98,81
415512,651001,103,27
606411,618953,215,145
2781,246927,77,245
431710,755324,69,110
224240,916740,206,99
951243,17845,279,80
949718,664691,247,237
514997,486190,17,151
897895,609247,53,281
480290,160879,258,123
645987,416245,144,138
317596,426202,84,102
341030,525435,125,260
985787,185428,53,137
336069,561545,282,236
214549,679924,67,216
794973,751015,126,259
366182,59246,146,61
643405,843562,42,53
425849,185957,199,266
738221,354926,45,109
848276,553556,53,130
111593,100357,249,114
336300,538113,122,30
279094,878382,104,69
871498,270030,59,262
765796,362975,204,42
485237,641016,92,26
512507,217867,248,46
921095,423679,180,124
506021,426792,178,295
794474,964662,142,173
842814,215730,204,262
37794,163198,77,146
585308,446179,92,25
955669,910419,146,177
935603,583198,63,238
756826,445448,256,50
159788,42277,178,151
808573,971199,300,127
988625,46135,146,269
394546,84892,293,101
843892,160033,124,8
558192,724830,281,278
751578,439222,72,300
865997,703252,89,258
914006,309697,288,257
153063,849459,231,195
510978,777107,150,202
474718,948875,277,44
198937,706460,101,253
497530,551589,200,65
406239,716834,74,104
688838,709011,284,150
86452,511958,15,92
532713,400667,147,200
893530,591688,58,44
51610,643791,193,90
238524,315373,262,75
908033,553959,121,232
202674,528335,201,196
589394,247341,248,49
510895,322425,82,58
19847,24198,177,59
167365,824478,201,1
446166,186618,96,265
865055,67447,299,121
326541,594044,209,252
636002,93359,199,7
248225,913659,117,40
657378,255066,72,134
518089,157229,269,192
542596,200711,270,111
724645,264306,14,33
380610,401563,32,37
148152,833657,144,232
816897,259403,288,26
377867,51604,254,276
51924,487080,41,261
309793,279122,206,6
181199,91601,17,4
459396,323337,27,253
379653,761536,282,171
388181,442581,31,111
876160,693585,44,63
95268,547359,76,148
872059,748773,173,3
700875,873060,278,97
57252,562699,127,67
155127,945912,137,241
830095,139502,211,106
711593,497105,178,109
145719,155101,109,217
433077,413419,103,89
751272,923253,245,91
66655,705600,215,173
120837,687559,114,131
676445,232332,84,176
100969,940674,146,33
753844,882461,293,216
307051,22600,41,172
209061,829239,215,192
473386,760751,125,230
839581,225117,126,256
256450,266062,251,111
133695,500233,240,99
362666,339362,243,14
638114,940728,143,279
593470,367177,200,54
31016,423796,129,32
13475,830844,51,101
870780,178675,75,37
639499,252669,289,233
917009,302816,33,243
641601,289009,194,36
687850,735389,32,279
806302,490925,124,56
609608,361477,269,138
649237,843910,293,138
179548,110283,278,33
687664,311115,55,161
611525,839319,203,241
264250,12860,146,122
336327,346027,193,183
9393,700049,16,4
663232,406350,292,253
406911,910484,42,135
595627,732427,159,58
867854,454329,216,270
599408,962336,190,127
748228,980507,81,25
738749,991808,70,143
529707,520687,28,174
801185,653360,49,286
202145,586897,300,181
874601,17982,171,75
276014,667036,77,298
991787,907288,149,56
300393,986213,138,65
616681,572068,104,278
758413,365451,92,184
170721,114550,66,195
242626,128748,86,170
231086,990797,19,233
475318,140417,269,36
57346,260259,77,52
642754,649395,113,55
153677,511074,292,195
217091,424484,134,212
957661,841356,95,229
458996,855990,238,118
954607,720918,108,73
684886,252909,185,10
378740,648950,118,201
131698,494105,72,287
270604,167378,199,74
829699,964471,109,36
870452,600283,258,191
849569,973347,78,71
129046,924162,238,252
218468,769898,149,57
484584,931461,26,103
485161,336238,62,68
663696,452898,120,268
767134,916967,165,160
668916,423446,30,242
388740,733923,231,93
450559,419914,138,186
976053,102869,172,59
34905,815134,11,229
164293,760315,223,30
642942,565301,147,146
695144,236078,251,218
487392,821317,264,261
820975,335723,32,223
188165,729846,163,53
973654,754879,81,191
743654,457084,86,92
399359,334631,3,165
116847,844581,216,171
62114,182301,100,108
11941,941353,186,241
409166,899853,269,252
78791,439339,214,79
786471,139280,139,240
437027,122716,76,3
265311,299158,299,243
791262,827896,140,132
541722,142533,120,50
744718,718581,63,154
619402,787271,181,274
954820,182775,32,277
227364,201862,122,120
593542,392047,117,33
133644,535064,36,244
380582,2988,173,277
102345,773696,182,73
941384,538854,240,300
425661,265338,262,102
656504,882993,83,264
653923,580912,261,236
134432,22756,201,157
642676,535036,296,151
334094,760587,146,298
91242,680009,95,7
899717,610126,129,59
929869,437857,244,244
738191,698716,287,101
857485,578982,127,175
919576,566815,83,165
545355,978921,157,100
281751,787335,6,105
917296,413151,223,198
700560,691755,33,291
366271,752817,78,219
490613,549276,196,244
537810,308686,246,66
4352,73454,289,221
903012,925407,218,92
194145,14011,136,208
888603,278440,87,76
737754,283150,296,250
810350,257805,277,281
450495,854230,114,271
534521,168696,248,269
989586,570439,204,31
692765,157820,131,20
619138,142125,149,63
135047,684727,77,192
470666,858746,263,34
751437,320302,280,112
957935,414595,87,291
822605,430186,78,185
319064,691438,154,241
172239,866626,39,236
868130,777233,238,56
853841,772485,128,200
100285,924691,29,119
281091,850194,99,30
43577,152754,174,243
941380,521587,147,48
603212,408273,92,131
39246,967513,226,198
659324,167811,270,199
81634,227085,220,167
913046,202796,150,198
79591,891390,169,274
3314,290725,29,211
224348,287475,183,149
628010,397932,54,208
531263,986968,80,203
240395,608925,86,232
714760,232737,235,22
937246,939848,25,106
80603,310888,62,6
966309,627066,131,277
461333,759548,258,166
134211,590377,117,56
911107,773773,143,40
134957,954151,108,12
219219,656602,89,113
318384,459497,1,119
498981,749608,192,17
761803,972242,185,194
340751,29870,180,41
547838,853404,285,249
752788,619712,56,182
541779,14746,265,70
341597,108417,10,1
608665,736541,158,5
797985,901172,90,274
159776,27163,123,219
599272,456057,285,197
362242,296203,17,213
208525,912111,55,58
674664,792779,15,62
754994,268352,58,249
363763,314483,70,90
731004,385333,87,71
655686,369274,221,19
573138,869163,22,6
52512,361474,102,173
403058,586932,48,232
840796,274906,185,74
93881,583653,268,149
643239,130408,26,85
11568,394449,251,204
310762,760081,39,252
350653,954381,113,293
567288,999740,183,75
235109,952710,133,270
920166,410003,280,109
315159,779663,260,174
602629,777032,111,205
661557,635175,212,214
518772,441479,31,252
546790,862712,158,182
383264,306168,113,184
216202,515084,108,33
977164,382660,269,27
539790,786014,158,232
989813,837307,107,131
478656,665917,167,189
766693,561840,220,247
824212,647535,238,204
427236,947490,282,106
128690,160904,69,264
137397,174160,300,231
622928,582174,20,55
863550,722232,44,104
963690,72594,112,280
495625,321583,262,260
824247,57369,27,233
273085,205296,25,82
943206,619151,188,57
654182,471960,119,233
1680,426296,293,251
657514,847191,118,215
944130,664699,168,139
850170,637376,79,186
562161,194003,146,185
329286,19964,182,0
198702,37899,62,256
240174,239369,243,134
17620,79989,217,220
42974,142046,199,187
685330,727199,151,29
239618,880091,30,287
738905,855112,101,67
721139,458849,1,129
218962,302547,242,83
856625,125270,238,200
715734,350430,201,228
512740,218374,290,4
759935,834261,220,277
646912,790359,8,267
210770,105821,222,289
340967,762664,23,283
708391,385197,278,136
224512,284786,173,203
494383,872987,212,179
911140,384151,115,226
88716,384565,136,180
952008,945206,185,86
519787,207987,152,249
441204,61984,91,26
90176,216823,239,72
260717,890101,178,123
184356,123800,188,108
313889,557986,16,265
442871,725270,75,24
299188,75030,292,141
570725,966618,281,46
261532,787266,285,221
234121,474551,6,236
431726,105505,199,297
51168,2195,249,299
87322,766447,286,6
50656,253509,18,36
350120,140091,193,243
325330,214558,195,87
737234,673583,294,287
175798,339664,272,121
672248,268640,280,226
846300,860538,148,216
690157,98824,175,242
701695,569881,280,149
275325,523566,141,300
599442,990524,292,79
643032,410213,147,144
803590,212427,69,163
612176,27817,232,68
275258,631758,235,287
412362,33355,231,141
845486,877934,47,193
684341,644092,204,210
325587,534122,176,70
676074,140765,206,33
341566,534053,87,3
28663,955569,15,3
823083,447903,281,32
278467,741033,229,145
617840,385710,224,170
490852,476509,8,85
735794,35670,233,91
798520,685064,216,101
571186,658524,10,126
815781,683316,68,110
640560,55753,231,241
241403,993511,18,43
491860,626087,119,251
884252,103102,259,185
400256,37525,163,201
718373,685103,263,45
221089,45654,217,19
666281,488297,202,62
943541,460286,38,292
480245,276392,208,99
284883,75647,234,161
94132,717931,8,266
700485,656182,193,224
384606,351550,111,4
396687,735907,203,40
347839,11489,218,204
296777,412454,246,147
122090,64520,238,12
808695,513344,177,7
917700,133990,283,62
115785,947938,224,206
810457,592276,113,212
110329,568931,191,153
288197,591151,189,181
692665,96491,216,249
745290,937539,282,290
470439,675747,85,148
340935,92307,78,29
652249,883592,114,13
834880,321911,130,248
121967,751779,187,172
973604,842134,160,177
288299,668195,152,72
634820,525668,183,237
374082,921071,91,276
757311,30444,140,165
952575,237539,212,14
968778,117,174,188
60318,731409,3,205
80675,769133,149,53
742257,290774,27,122
299838,369020,131,60
962699,522051,272,252
964310,422527,99,135
833011,437483,198,240
751035,821322,294,270
655304,135478,170,274
977456,323756,11,6
238354,243447,135,268
922188,89303,185,93
278956,676091,135,38
818245,816913,273,117
428021,937076,85,56
484466,33832,152,242
796349,890275,216,89
284061,708207,217,143
899265,178066,275,16
395244,613220,249,236
50466,557388,47,163
564310,174147,59,94
552618,577568,62,264
380791,751703,137,140
591210,500958,270,96
477345,638473,146,39
778044,167859,146,280
358727,766794,53,228
97964,730842,281,144
985552,385786,230,181
490419,202826,242,176
471585,940415,190,77
150058,672211,51,266
410806,445825,28,195
323484,873731,160,78
340580,833111,15,290
89034,943337,251,262
367257,365487,119,25
318782,557159,255,104
528870,827489,234,180
140164,288258,34,49
255639,166689,292,24
339376,300951,35,85
967456,419041,13,138
878866,774869,258,37
6352,348059,227,76
195611,273832,173,168
587413,18788,140,22
847563,831100,233,11
402099,687467,116,138
235121,931623,276,139
820057,484991,14,175
680701,310913,183,128
634697,463890,105,200
202883,849935,156,158
382763,914581,246,157
470785,411703,42,135
965119,490438,247,197
492658,620458,227,4
779097,588056,288,293
317548,19357,180,251
760565,146515,51,155
160124,766034,13,107
638513,353542,262,260
428387,183484,99,9
851917,880476,36,261
203054,226706,118,224
71857,585947,95,236
213141,836922,137,285
610029,886788,137,188
401074,986625,155,62
807059,220820,198,169
75143,873868,183,139
339237,450042,65,191
989531,457952,28,299
741277,923460,160,288
129293,56851,218,210
988234,746501,195,261
634785,726075,81,198
245514,498441,170,277
704299,834319,205,252
490643,481532,20,251
888183,532258,198,243
431514,121684,258,142
181494,758900,99,131
371618,66006,169,275
767686,536917,14,181
497099,728199,23,116
54064,192574,222,208
320221,488134,112,205
74079,704348,88,48
278525,215075,282,275
805627,626271,84,96
336745,519476,83,66
373078,191590,1,269
851873,782601,115,196
638708,323690,132,259
81012,692916,193,264
152102,607848,40,187
266771,807208,285,296
102417,936271,250,228
2459,593039,251,6
446846,291453,109,297
967001,963387,72,168
874237,283534,20,155
95767,990216,131,120
21518,322401,183,79
122596,627266,272,77
665910,241437,105,11
42622,400645,169,197
920800,487761,51,62
910221,573509,104,296
64208,100073,97,52
228964,882010,48,163
964372,482459,41,66
238628,372959,161,156
450807,432442,95,250
159624,649684,251,264
493465,669831,114,24
911132,226410,156,261
114392,841368,274,291
160063,840943,72,154
792463,841342,45,163
366582,299903,243,236
235581,756491,127,138
170154,415175,211,278
539026,426667,91,296
624375,49630,191,274
636940,821426,59,157
318892,887783,269,188
430958,897858,10,162
811489,487813,273,241
889706,792542,40,231
348368,17642,187,298
169397,565656,287,14
906621,909855,139,163
340481,842253,198,41
289015,763804,102,28
403498,312405,102,187
583417,418951,220,209
919891,206407,56,184
662059,798536,106,224
907764,724792,180,169
303767,494450,116,181
794749,734978,163,114
269402,926571,206,292
117378,901554,261,38
984896,78090,52,170
167589,230154,162,225
502996,34514,250,112
973789,674650,160,129
403143,910089,215,7
918783,672165,219,285
148710,372649,173,74
241794,131781,231,90
469447,667462,69,161
775429,732177,292,293
909474,247657,129,64
171821,772587,263,242
490255,870040,201,1
738365,840040,269,190
664284,36891,181,134
50477,886062,129,231
434776,461627,22,244
95831,374492,227,96
164680,47645,2,164
880602,832694,188,115
101159,166298,134,232
219342,486199,264,207
389544,97966,124,41
879065,727208,58,172
877562,888321,171,230
863261,881901,34,123
598319,778593,49,127
689903,683297,115,130
6198,772588,197,123
613311,112218,167,156
219820,6780,130,217
971980,756421,28,1
960344,132677,59,245
870223,546272,216,200
493124,628133,163,181
291985,660423,252,28
205584,384700,282,268
211305,93116,173,257
498550,825980,262,226
673,511081,253,195
218770,880997,259,48
485634,90749,24,15
935050,778086,156,233
169540,688925,269,14
68369,611533,190,191
584469,653899,72,29
340019,48219,123,58
402796,146914,54,102
252714,754277,201,11
943739,807260,245,294
466117,134380,113,71
545396,351122,0,215
38042,36535,62,270
389565,576017,231,200
354943,591652,23,117
784843,183348,195,174
718926,391405,282,197
720363,546247,26,46
682489,573058,194,95
323808,175274,133,272
846029,779041,228,101
370374,698490,273,284
709657,494050,23,235
124241,596801,221,76
68753,827905,261,86
35641,140007,2,190
117178,976663,193,233
694045,692480,288,187
249801,314108,204,60
654083,137459,78,48
366862,298524,23,204
735632,911903,285,237
543713,924926,18,1
484384,532290,123,164
344689,691404,5,68
706279,525276,199,35
327006,862339,160,147
507688,35919,110,74
399991,654380,146,32
862898,993869,182,81
203830,959921,107,246
488157,518421,218,231
515400,854192,178,226
961530,290432,8,29
477934,343716,219,88
575040,131946,190,125
624452,282045,68,264
722430,940186,5,255
201328,634257,292,100
120647,965461,187,64
606596,982964,200,57
875514,120842,152,37
542202,726510,214,261
441782,887680,8,186
563337,893007,210,153
337635,915774,115,206
34487,742982,80,255
419809,81056,38,140
665156,667810,234,176
457700,813858,198,7
971591,961618,66,179
135866,600153,105,50
292057,605394,80,224
454289,74266,12,246
579819,123550,118,224
288431,208894,105,265
256630,171565,173,222
434883,471489,185,276
691467,839554,69,284
968898,155659,170,69
950208,361423,195,192
483417,767045,261,136
799091,512751,290,165
362593,984492,244,100
237051,563379,17,158
622871,884434,9,139
350748,828888,16,271
563277,359274,182,300
384488,897683,103,33
464535,906238,19,251
582724,109899,202,114
849002,895159,254,4
551076,793930,22,45
167127,233476,109,138
932115,415064,282,213
947913,214921,216,76
689323,786393,28,109
98230,901494,251,259
152165,193104,159,75
861872,515985,185,230
786885,349256,239,93
335858,796168,152,139
201850,669203,233,193
292887,482594,101,115
361176,895050,177,268
697886,257136,272,133
608123,26367,26,259
788628,613442,240,153
753869,674395,41,18
383505,213640,200,90
622416,921557,27,71
466064,849042,271,54
77637,995114,201,143
662222,464946,40,164
681438,606100,257,105
925153,684634,86,280
919421,601750,73,9
73927,505887,48,290
489176,413744,97,61
124216,582050,250,155
832742,918199,291,247
97423,732524,42,241
205909,782447,208,136
88692,910325,121,290
809442,496593,295,7
924928,485667,152,199
829916,423939,239,290
267077,80881,133,185
242226,490285,196,227
679184,811053,255,20
840777,126821,214,36
965778,367668,230,136
451575,997998,8,279
548180,207274,153,94
405063,814553,8,270
451565,200071,133,43
134732,412922,103,226
818109,856647,275,195
520480,194798,287,88
442481,715060,88,8
535293,790036,32,186
182080,806202,67,172
382087,219295,55,267
903728,899329,40,196
678084,68010,200,123
306785,111252,296,184
390572,800296,161,134
893851,670007,254,76
135926,120922,159,195
812263,166368,288,292
559650,57705,295,118
471677,459497,28,164
149155,333450,253,222
30516,884032,130,64
125136,203795,20,118
368605,751464,97,220
968165,96778,75,290
239374,719553,252,277
442867,922496,243,5
144544,954850,125,127
52544,448281,190,152
711069,735707,271,154
996726,35445,94,134
359494,879746,266,72
818322,367655,25,237
444582,381166,178,61
543666,86059,68,74
197978,959314,229,191
451976,310497,228,32
466765,767511,166,168
488795,745086,138,13
454128,248740,248,168
714540,447301,268,286
173322,178780,203,259
944047,297492,148,76
935531,671356,192,70
320408,279155,17,238
705206,62956,23,9
694751,450713,121,229
499965,341869,153,238
677163,221999,157,300
592248,872299,24,93
327115,527486,115,43
830927,885634,145,49
569055,365390,81,253
519900,476120,198,174
962232,772985,159,132
878434,74579,237,88
558675,640259,35,158
258199,984291,245,199
647443,499353,299,78
508794,500829,119,289
213731,70993,74,66
606568,49308,174,293
590347,448812,161,8
706760,848763,148,149
904455,746999,189,212
485896,41952,120,130
779344,702648,292,294
383481,808433,70,118
738316,537187,179,170
971493,899195,102,151
287383,462267,128,210
404881,736308,289,175
884263,865391,58,192
800546,888857,262,94
75261,871671,254,154
604929,787986,293,145
802890,975292,18,140
889757,666875,175,200
899228,551936,140,6
189933,198520,259,205
343052,485991,50,263
171764,457302,12,267
736334,483966,273,194
708744,898615,77,203
231496,800078,215,40
896819,756322,4,115
710904,346617,144,85
344836,944799,55,15
871910,406358,181,236
475995,971560,220,109
601525,944243,42,4
500524,42684,156,19
990819,16697,0,25
464855,601427,292,286
464936,605597,201,126
170715,19207,21,218
676638,85635,148,73
825654,592236,290,288
448956,803714,63,202
725316,649413,266,278
835500,580671,73,163
895615,812564,15,43
263756,171949,267,38
345103,808275,62,269
656436,282799,3,95
901301,329291,85,289
430554,946300,187,70
295421,73139,284,117
877805,348980,102,255
374325,762185,8,296
386192,619260,224,14
990788,210920,229,245
622110,692392,286,288
75711,959693,297,94
392773,486313,229,266
591677,938706,150,7
115054,134989,272,45
703964,313514,70,98
465520,65864,21,229
108420,111835,209,134
660359,483296,129,185
308724,924113,65,126
666296,908683,49,85
659918,46843,147,238
888089,994478,118,1
402419,433953,92,178
594738,687612,220,299
755960,350830,58,20
745524,171792,38,97
861679,215947,293,261
85970,585765,295,165
836783,618405,107,237
615162,824261,284,177
484113,331129,239,21
588804,694357,177,35
86846,127035,112,150
330751,184408,61,101
659192,562639,199,207
993776,39763,89,44
70548,450142,234,141
810974,417412,214,3
565276,134432,160,289
191525,213151,213,23
558257,925476,84,291
824390,634870,151,25
318530,963409,227,119
499233,665835,264,43
156754,379555,86,291
698407,497853,247,239
847091,703369,31,195
133660,398086,137,53
512866,669797,224,224
610167,216115,70,179
480648,519118,167,176
617921,796196,104,227
198113,386067,20,265
480188,132866,103,63
391164,265090,66,249
970415,665510,178,17
614417,696591,259,8
847738,973595,188,12
833315,72196,95,279
713995,372056,37,39
684780,231884,131,33
685406,853053,206,99
603228,433723,277,191
920349,608416,198,171
848720,45145,80,127
234187,850820,111,168
418636,208407,48,12
581142,239865,127,190
241352,883684,96,294
328562,679874,87,175
235078,743383,199,104
739816,875542,159,23
770878,366225,108,80
851314,754731,272,10
621776,895228,194,58
734515,14063,113,194
764252,553790,176,39
186536,661709,207,114
594085,112254,2,287
858022,723627,72,150
394244,348608,165,124
742873,981723,247,29
470972,24564,276,270
509478,620339,257,25
489795,40918,75,226
596408,559943,183,215
392357,605309,280,52
261216,232421,288,65
137784,913083,195,182
116976,917653,231,149
887451,422404,249,229
764439,728819,262,55
264385,889125,271,199
460312,285302,101,25
729800,850996,124,84
80112,165476,136,210
548788,845909,80,15
303160,925580,67,173
963627,733694,21,109
395178,834642,210,99
713048,456219,268,288
875988,690821,153,5
528654,969035,292,43
174380,380022,18,299
986188,659095,163,112
323015,540072,181,36
372546,839995,248,119
140746,479775,69,145
162094,814402,112,231
115618,845990,136,173
822772,850664,215,201
81582,386923,0,213
856863,374737,241,242
497143,865916,171,188
840882,937069,123,104
473281,772681,153,296
666603,444934,277,232
187524,39298,104,225
611246,482011,226,14
194640,403372,88,182
24964,617911,111,68
693770,805523,264,81
92823,770522,279,100
26751,42611,138,208
9059,42800,238,159
881714,408489,233,66
442835,201779,92,53
504214,643916,286,260
292083,173265,74,186
248577,867902,138,232
415276,803753,116,104
142585,919306,163,55
815323,937201,70,84
721769,16217,286,148
877472,126686,183,46
417017,573986,183,173
419189,953564,149,54
707864,457325,232,43
158211,81455,254,43
29673,564505,67,241
979934,145194,177,198
423217,823549,60,77
242884,42950,278,120
142438,700798,45,38
514194,796217,66,106
772648,411722,183,6
494039,590101,175,103
749834,363441,259,116
474254,525396,165,292
134859,772410,119,114
599272,988095,174,287
466241,674262,231,32
783013,231847,7,264
669926,28909,193,56
699321,616535,227,130
673218,124590,161,70
435732,19483,212,78
381848,601197,173,25
691612,867757,7,138
650216,537324,25,155
757907,190078,50,122
900897,630804,178,260
981759,297029,53,88
650472,773237,284,135
648193,748100,271,172
548278,477840,244,103
727776,529134,85,80
421949,909064,71,118
624557,806794,14,235
390635,434973,249,113
421519,797381,158,237
270758,710831,293,89
755102,480252,1,77
516815,771395,59,205
198024,176560,153,272
441195,859195,5,177
565940,390554,140,197
360076,388060,105,109
128640,855401,258,73
977938,420640,72,136
701709,17229,20,161
56233,901215,130,188
683159,857929,226,274
253703,932029,178,171
540174,923737,85,92
66770,420704,56,102
699383,827237,81,101
27374,429851,260,139
443193,600140,104,64
464659,217875,18,2
645111,35764,149,118
909615,253151,12,108
402097,383320,25,89
301405,862493,193,169
215646,420304,252,18
969008,705523,125,227
111672,443637,147,34
94337,449993,77,90
882056,444151,32,278
541321,467003,95,34
994910,34297,253,125
644817,708526,111,57
290590,279651,143,282
317258,897509,253,264
913960,817938,117,71
7787,156779,223,176
8893,475922,75,232
164111,429646,26,59
404298,377571,185,2
531303,134100,206,274
105794,552467,125,212
531257,368783,224,139
27055,690126,74,262
753428,911539,197,271
145758,300807,18,224
508829,339092,100,229
593194,676260,72,213
773820,109713,118,214
706013,613536,250,217
263144,666978,161,180
124112,380343,60,129
589997,334943,58,166
802455,253787,284,77
63923,229698,250,62
544050,848083,291,239
894383,512608,267,296
839162,522147,199,50
883675,544127,43,144
715588,691442,213,163
513393,155966,2,196
51368,991627,15,249
893618,419815,170,12
190290,935017,89,181
921188,224667,223,12
223728,146357,204,7
850914,796376,39,181
166250,82360,36,284
629399,363375,265,133
873511,898791,285,6
198147,870078,290,202
283807,740191,163,299
169010,758496,291,98
138953,862367,55,96
250853,279457,7,42
743402,951115,151,44
944306,133758,132,124
241398,198453,41,156
650998,41763,235,134
11235,230397,298,152
775505,289018,41,235
451783,675279,146,27
852921,521605,233,160
493142,457720,182,281
892030,485258,128,154
142451,305430,284,15
811900,438142,105,91
768986,753067,13,296
534413,513765,99,208
752255,149717,297,185
9018,62826,258,37
270869,976531,101,2
719900,233390,273,103
581252,616111,157,191
89791,620915,31,58
453523,895764,115,102
75889,920219,88,56
150577,710297,48,247
390748,108349,188,246
987524,402506,213,188
34253,156461,129,237
339997,654870,227,121
923855,409685,140,44
107014,249490,272,139
544128,632315,63,51
669859,971235,73,240
613238,590732,17,220
500533,631491,126,87
720191,815614,107,44
884954,567890,253,16
423054,606236,144,163
615371,644902,249,100
62916,748292,266,38
945206,67622,97,29
295000,60217,23,112
791604,421377,64,196
919371,157025,57,177
966121,904053,147,50
441624,407189,93,138
67602,413422,161,51
274734,408868,252,78
402547,303707,116,25
908337,122589,38,98
520252,278800,184,174
409414,967798,17,75
780633,652260,189,51
878360,205471,18,126
92885,102894,66,193
421247,648584,181,67
581353,975165,49,26
122737,292825,69,159
677473,217593,188,20
847369,187116,160,152
435241,777260,254,150
412356,115234,98,226
508138,824157,140,200
63645,606396,7,178
93091,479528,110,205
530084,379060,28,32
265458,681686,293,4
685272,606399,11,269
624006,790494,170,144
759483,828870,46,110
675559,594705,33,48
777925,298747,113,24
969573,154281,16,140
52113,226795,298,202
964283,902062,183,143
648268,194752,265,92
119439,517250,247,287
607432,427448,186,132
911003,532167,31,106
758370,134386,284,251
618269,542670,95,130
641181,604489,4,174
377068,739216,121,62
411423,917204,191,257
203034,676135,195,98
828329,361227,124,119
247930,661048,232,194
252398,468534,12,147
483392,400869,92,231
886402,836977,99,160
785067,525833,173,25
204739,359321,200,119
680349,254950,77,19
381705,41414,252,252
586326,100560,178,198
12418,771176,161,159
823459,717336,143,293
615284,620840,17,155
786601,42986,124,229
401184,730100,266,246
622329,385889,74,32
549425,506719,137,294
228748,300250,101,198
931356,182236,118,44
848323,376821,242,40
911942,795828,24,30
10679,774502,80,297
768562,685037,82,135
644785,334726,148,181
441822,876476,215,113
765878,706774,82,249
261506,739820,245,217
901008,941151,275,138
646808,573928,86,77
443966,412939,63,246
855584,559024,267,243
750610,814231,204,61
767066,377226,193,58
923045,375593,163,123
119418,411804,179,145
133551,935609,258,36
25809,384542,171,114
352026,703040,160,72
307065,981838,299,149
739483,978225,246,156
502156,532543,62,188
324235,466902,148,294
300951,469498,254,28
601156,317629,56,160
471977,9432,176,117
230527,643233,35,82
258690,407702,136,232
890350,407454,266,245
181529,908683,187,159
404193,237378,209,129
923714,570521,216,292
645969,886114,114,86
178793,922601,169,119
892962,295841,53,282
976191,955005,103,139
429166,6081,25,99
121211,166826,137,77
476780,534524,87,267
176365,82404,233,211
657803,103067,266,221
181480,862361,5,72
383457,556167,175,155
539383,799454,268,295
326108,769480,199,151
193384,246230,49,293
307019,584608,61,37
795777,968776,223,110
658220,683505,182,228
391469,745209,106,219
741098,915486,63,21
789716,759442,256,121
428223,966039,142,264
793558,340874,51,268
275309,634311,219,181
938544,514430,240,123
533247,336586,268,53
39088,398464,199,74
916582,640726,145,255
336176,573815,172,27
740890,28295,73,139
428112,212159,188,255
188372,556514,198,46
274547,915129,75,26
280924,486470,64,155
403047,713216,98,5
679858,929796,97,72
872124,360220,189,168
327314,911981,24,274
46958,342406,45,140
901298,101737,279,192
425211,72269,163,24
711160,77931,137,19
757728,445907,134,114
523772,272615,171,203
988086,177528,207,38
842046,288684,254,241
599001,19680,133,224
737502,495017,85,249
90873,975526,98,28
527491,922916,82,80
442315,575413,88,210
199870,505764,249,297
81592,826616,104,161
588688,118209,95,194
511519,885204,47,276
947739,915959,131,197
949479,365496,213,106
733269,781597,274,129
927447,604325,79,134
363332,940108,236,262
475135,364505,171,211
423882,848190,230,75
388640,189618,33,219
130353,669141,110,105
810190,438153,8,281
26,49599,19,47
594593,816821,190,139
454112,413377,98,225
57228,120030,224,261
327504,664728,284,35
610943,66126,155,133
248830,305842,253,298
792386,262205,28,169
775375,340736,194,284
66319,660208,272,93
912457,838840,249,160
657039,899739,138,10
120641,165584,114,28
82383,663945,267,135
584514,628260,205,40
475819,413886,102,174
799131,817303,241,130
114815,828365,110,154
494134,684502,34,245
207762,583913,239,271
28094,817317,14,223
735305,903807,22,273
629914,621379,44,2
120287,1172,205,130
558147,374400,55,111
839958,956186,228,84
565518,625942,234,153
697809,285074,112,150
777929,806870,120,220
995793,558145,19,60
106259,960870,92,17
716578,62833,186,268
476916,651589,84,72
932402,460952,200,199
887456,623383,93,8
301718,786936,22,240
474741,861241,129,40
340000,600060,55,38
336484,104104,243,54
748169,543162,112,59
974070,335857,122,167
480193,319326,99,255
926251,470711,135,18
889284,398042,165,3
619273,401143,260,172
357790,350392,78,265
85904,580273,71,0
438643,252702,221,299
615976,752417,220,243
210284,713646,287,48
800585,660170,175,298
161401,313275,108,74
41453,196946,42,27
937724,203284,13,126
197819,117817,180,119
682386,207587,280,28
414999,117905,26,5
129272,786151,140,243
839727,643237,62,128
132078,592759,18,136
782821,346582,147,77
724108,90821,237,65
627119,540121,100,50
416383,361243,117,10
436927,909226,65,77
706061,722957,158,248
485013,9981,130,299
243051,909973,120,133
786794,155843,54,162
277824,996435,196,264
376092,231509,168,142
391350,751715,285,258
718425,757469,167,57
357236,62327,72,27
539149,177810,82,202
383249,322812,38,217
353613,335861,59,120
274797,464678,41,187
523499,777997,276,160
215836,694058,167,190
955138,143367,152,271
326259,899720,99,222
516261,162623,197,90
246590,383688,200,139
71418,413314,239,157
920334,912355,117,10
609280,68411,122,266
379695,680625,90,198
67880,994589,187,168
638626,384803,29,208
612677,562385,233,228
845218,798364,180,283
891527,110448,93,23
720196,670206,38,32
256314,337508,244,232
159374,961625,77,186
601339,900501,139,173
952448,411760,68,17
455036,745259,89,251
958139,612856,78,222
680287,805509,58,18
382785,328363,59,281
690259,18734,170,300
472282,267372,113,269
412724,438801,263,22
702006,848294,118,137
575185,185574,70,6
701573,878076,288,160
2530,909098,25,278
614341,361019,238,60
953020,509389,225,187
22979,485458,164,299
850349,348008,245,183
650690,720091,238,20
47940,839628,51,270
66858,834444,299,211
293369,108646,109,4
495220,73237,3,15
608798,420601,160,233
17457,663851,249,209
891535,727713,164,128
468286,950483,210,142
831128,868095,287,193
531794,631072,155,97
700166,670360,157,163
354575,730188,7,199
127588,956723,152,131
355256,302557,163,222
83254,351103,292,198
652368,855623,222,231
438450,129385,293,51
775589,58328,135,100
889041,693554,174,166
452802,491202,273,293
531728,86715,219,177
270552,213476,200,167
254652,583968,224,181
819173,120477,142,76
987970,317037,118,226
45981,610755,112,103
40740,274705,94,199
913648,651130,251,7
900489,822677,265,50
676677,517579,140,285
892994,487789,36,176
522001,921718,12,259
374846,311734,298,202
765585,504352,184,285
853621,74691,154,43
895919,202661,41,262
13018,416136,80,158
283544,186561,92,113
824696,283573,145,103
132379,392550,221,286
394820,701659,171,101
410293,597757,198,246
773454,108751,53,156
391795,191879,249,46
175651,176178,16,280
324510,610532,259,259
724448,614441,61,179
529828,993463,80,44
930553,675932,185,199
765180,461687,244,240
448269,895668,192,151
828768,939277,118,255
894136,861588,57,252
261503,716686,74,50
763799,723969,178,199
529057,677371,160,185
332548,714153,113,251
597059,338573,76,273
584382,838966,191,183
565935,447436,236,6
418754,359539,51,133
625604,979805,114,40
170667,591589,21,98
86744,8362,57,132
795716,347093,297,33
410058,784119,174,204
528251,122933,171,160
151551,327707,261,142
558168,51930,102,130
410282,95723,211,101
297298,737588,36,82
404977,117811,255,48
526018,622567,292,36
864748,317488,60,174
854036,714359,157,161
943972,767746,172,205
289329,694065,294,115
116820,950057,133,130
982718,878220,58,279
651529,172739,21,217
865041,486399,279,26
191448,610405,62,33
59880,576405,108,50
476113,219157,224,85
387270,430993,207,147
811330,658555,37,299
56743,431127,292,282
697801,802123,40,107
995866,486123,106,90
864498,917219,74,182
662087,519849,233,198
30486,559545,7,97
606782,496460,210,236
592697,557473,274,78
682418,276550,19,207
884758,459292,250,166
406426,777785,64,278
601828,253293,105,55
226831,933011,267,200
690035,214594,212,209
894199,535276,62,199
91894,444902,114,27
717269,301661,296,218
616580,665183,166,115
766965,39129,8,284
65403,844508,52,296
36052,781641,223,185
551183,312839,68,20
655121,930287,185,185
103310,337755,253,50
975380,122120,34,74
393027,648911,199,17
48532,298969,96,93
817444,842339,177,291
533890,580308,143,241
120961,926003,12,241
564829,250601,192,17
152798,553454,155,203
355306,546199,143,78
938489,462679,112,34
441425,718038,94,141
470179,849577,152,68
262137,380747,67,158
449974,15532,173,101
964006,669200,88,13
551171,268580,106,27
968825,643821,128,8
52070,494526,68,133
163772,724325,181,55
901100,847817,2,120
997916,125656,248,23
49192,791379,297,141
167635,562532,155,64
993614,229747,232,132
639675,452785,51,295
342665,917767,144,79
673322,276943,133,139
574907,311855,287,190
301359,186557,219,30
362436,863287,190,120
386065,638039,148,270
46634,508383,4,128
67160,680177,110,222
787308,919473,106,90
77473,486419,279,15
475433,783972,240,131
79265,744521,62,31
74198,456143,185,198
315608,106291,151,218
295781,891643,82,34
58815,268270,12,31
685085,272552,219,139
209558,637154,295,225
363949,853344,100,8
472654,860624,79,86
226365,488173,64,73
970219,546937,37,225
97374,633391,288,135
265925,270367,201,185
256525,992211,237,273
156610,576425,211,67
675811,35992,43,168
682622,502913,241,93
9067,125035,99,220
254205,713836,220,262
326866,549091,146,138
862255,693342,229,184
113506,314011,189,164
380771,498401,134,136
818013,967112,213,199
616490,822376,236,17
830436,906245,233,231
564551,382979,37,212
170693,606733,288,23
737715,20605,259,229
896173,874029,4,3
51542,930017,293,44
368738,821196,151,163
812393,334175,282,212
232842,944223,120,156
897335,360473,148,5
295146,55120,137,187
709975,283388,226,176
898006,613929,52,120
987328,763791,261,243
977070,987327,268,274
645685,691976,133,1
666701,439356,58,223
808192,90997,220,220
755515,547070,229,166
431046,784753,58,255
494015,879256,220,168
772735,51258,254,98
497060,813140,135,257
365344,577976,69,146
369822,167100,15,206
802088,415514,154,132
315186,794457,130,216
614227,439677,162,161
952400,690079,115,216
95638,90050,68,22
789836,55915,175,39
924546,581319,44,175
955670,310254,29,9
273354,183295,85,138
47708,994536,294,128
956816,811708,189,190
163059,489339,36,123
659873,934561,30,223
45488,424948,137,20
997910,779495,113,290
11008,759623,175,133
88670,280547,118,227
878321,340252,120,149
277219,716581,100,237
799,282009,113,8
406284,264546,14,125
654539,67935,205,167
732207,644964,291,98
285902,707104,208,226
460945,813739,46,150
394184,443030,117,39
204185,124925,153,96
723211,598443,74,162
598036,250209,62,102
219637,422303,125,8
615570,225055,24,201
304092,538085,248,112
51220,265575,246,112
732850,620682,102,230
411490,776181,174,197
17265,476718,280,233
734291,975811,144,136
822426,142007,193,213
765956,202866,197,48
359351,423528,131,195
188467,505351,90,233
770148,48568,223,2
33989,764015,58,167
382989,500937,279,150
320210,595153,181,172
645479,353436,207,109
188256,17057,246,10
278647,844949,172,282
206324,330637,154,108
311260,80116,32,179
41081,89264,148,71
79240,30047,67,152
794740,460480,152,20
578262,457274,273,224
437860,198928,114,75
600868,237377,291,134
618650,179234,262,30
686305,687634,146,70
374478,888606,299,132
323771,798600,136,261
25844,106154,4,170
658723,199103,285,213
67810,62318,205,65
216830,709052,158,231
219280,423534,41,120
418566,793228,176,275
884608,761921,190,145
846035,726307,214,131
882075,533002,238,152
976122,198613,172,81
792894,391955,93,251
249079,205156,251,193
309511,790992,179,205
434711,773654,19,203
728866,946036,84,172
179645,274220,299,68
570612,778684,15,177
889794,74387,181,68
650798,949205,106,205
890022,871483,230,27
368348,564032,106,231
105694,763555,33,108
94477,700167,144,162
41280,102497,171,43
636515,703645,251,279
494264,40008,170,55
379628,541853,95,182
539498,932542,243,11
645854,374467,132,139
249194,96372,125,264
386117,737078,60,106
313435,720263,235,110
64369,882839,89,139
647037,708896,91,229
885211,344388,199,271
61812,887835,275,262
407939,323165,281,282
405504,214289,92,185
125584,313958,54,241
979842,644619,277,134
844502,8473,21,13
627245,960008,290,194
973258,429560,182,144
431514,979257,242,225
529627,380630,167,70
381418,483804,189,155
268524,522461,80,283
357145,933292,42,122
50372,152667,165,222
875594,462281,43,172
55031,380462,109,9
171881,190260,88,239
878002,452940,94,283
221517,464220,92,183
544824,531473,263,38
615329,963337,15,181
428886,708075,38,245
694907,839638,104,248
5986,202598,135,265
407818,28808,20,14
612942,120164,290,214
142082,686905,173,10
262441,709107,156,158
174822,438584,33,194
967423,452915,94,70
497822,853878,275,264
518727,913277,285,149
614034,984327,47,237
442374,923365,73,74
824999,22218,18,232
670748,734792,221,279
644737,353723,265,185
390486,610929,282,61
354894,604583,272,59
69673,234951,179,199
552884,801574,64,58
324479,702744,283,244
230648,163772,159,196
582859,84955,157,25
142748,727037,11,225
561093,871647,57,32
53915,434190,103,50
804178,182307,78,184
773598,149199,159,111
673777,104630,0,126
534266,342447,190,58
622758,507151,245,127
534083,508627,271,66
587955,521491,175,94
930869,724999,182,100
153234,486191,72,132
606665,214093,204,80
44470,841200,246,286
101984,914466,82,266
810599,9878,271,300
356990,422949,289,259
641533,187215,159,207
279198,238236,164,116
773390,867110,177,261
616442,123998,151,35
359457,407286,222,212
205218,261095,290,91
527346,784253,288,204
742499,609939,233,246
880390,216208,227,124
858375,635077,277,196
13989,450783,243,12
422269,658272,69,85
247087,858240,117,173
50902,270535,148,67
592747,348575,161,190
138656,975818,283,15
678584,601036,60,238
709632,506076,82,219
201441,243824,158,181
358219,597379,29,300
852717,540742,65,118
860741,210636,166,36
100376,92470,149,259
380966,973829,161,251
780417,713373,150,66
171643,380547,241,77
103415,445270,146,255
364110,785790,243,21
333929,781095,255,245
528950,172707,120,40
284009,453141,125,114
431116,282627,258,226
134002,287945,200,138
836053,365960,234,198
387926,724448,167,119
956665,111981,203,235
781754,804073,95,91
685777,266590,136,52
171291,783559,85,247
357043,500915,104,229
453407,445915,207,28
775026,567880,89,268
406041,178515,159,268
67999,707352,256,179
949336,380877,183,223
831621,829837,11,144
306380,104574,18,144
768762,648186,80,295
122222,536887,148,64
405810,937127,198,192
391848,56413,174,245
524938,902634,134,190
690259,824848,244,182
954218,70554,138,65
586873,437208,11,181
68368,357455,193,36
858233,702135,159,3
594385,153697,15,286
922521,22905,238,186
268365,890633,84,263
270360,560726,87,67
155453,443418,15,97
510601,900614,275,162
109538,144160,295,46
369481,584857,272,189
597834,21421,136,29
417937,684469,199,276
314737,144310,204,196
59364,18039,67,233
375833,941484,55,42
202713,318952,196,15
976766,380430,217,254
577488,94922,238,297
262212,328192,139,124
359778,67244,125,177
791408,81664,213,145
949451,950008,132,21
141769,338223,0,84
84492,629004,33,14
451936,453531,222,141
365510,447708,224,212
801426,829093,218,44
552056,904683,257,1
563307,315240,257,116
847086,668168,70,108
985884,309014,88,228
502005,984008,55,187
804460,455724,174,0
11349,544631,193,8
478474,795958,31,284
210872,307123,81,285
672575,164294,69,299
919363,6195,163,243
64459,66534,164,132
509984,443283,4,18
203488,849526,197,62
437681,497421,188,29
515244,98013,244,175
723993,126631,247,217
150077,304252,242,121
661130,533137,273,48
512888,630945,191,0
514383,579338,170,58
976859,445949,27,14
978139,55881,200,152
467124,528135,97,251
264727,430567,101,106
935166,882699,202,296
838974,82025,114,128
436005,497723,259,80
605909,417319,104,253
27705,445798,252,50
836443,446388,183,261
452584,74235,123,267
822613,748433,274,166
190018,799752,200,161
18177,972449,196,272
698301,695604,111,181
40973,294822,190,4
985444,838561,150,259
367869,31159,82,113
574580,34240,263,38
549837,471304,13,215
763099,330309,114,234
520208,524154,52,273
188613,660222,73,144
164279,477030,21,270
358808,429287,226,233
227630,905365,148,185
608076,227574,249,248
939510,752895,195,176
37322,119638,140,100
204143,81781,165,51
436207,873175,33,53
444600,857,235,291
638809,756205,23,284
760330,442280,185,4
920457,502490,131,260
116923,428433,6,239
953260,221426,0,278
175778,390685,97,101
504314,287966,268,3
305064,640941,72,92
190982,589798,81,43
607509,990616,99,164
472036,402694,207,70
386709,315372,27,152
721771,590280,26,4
737837,774327,92,255
551763,117698,41,184
819974,475235,232,198
13928,693622,183,64
919687,127663,215,232
903913,994082,9,257
780209,908470,32,158
278737,867286,214,288
161033,399184,10,23
305886,680873,1,205
692894,949816,236,143
927678,347588,233,282
682252,586531,131,191
121934,366422,219,51
856423,144630,82,107
200725,660958,107,180
409406,639191,237,120
501927,59369,82,100
516379,718075,270,285
113251,727955,280,29
919989,997756,172,268
45029,559069,227,133
745349,386798,291,97
904605,855019,176,157
571652,943547,217,8
79845,808658,82,202
967671,794631,121,216
38228,101836,138,208
260824,799995,135,296
987310,838231,208,244
673193,511382,208,199
587550,505069,264,40
275205,738487,288,232
177678,377747,250,112
381588,100713,206,242
828456,194456,96,262
932534,714535,130,60
508028,349077,42,123
247741,99966,182,268
210061,96653,252,24
48145,238723,70,262
184481,465287,238,18
967845,30294,150,268
733777,87992,282,298
730959,54955,40,266
530312,649235,47,102
628043,506089,261,30
253991,766202,29,291
116196,351290,33,237
565061,644974,213,51
800445,10406,174,85
15656,246781,268,239
76262,9341,189,125
572361,224108,143,26
958993,330918,283,107
943017,448434,160,220
168059,25406,218,240
148231,711795,127,20
16131,964810,204,205
440087,872290,198,281
158288,634443,246,71
107255,305212,207,193
615757,859176,190,127
857512,195548,39,256
83186,819820,54,87
175299,116669,54,126
748429,515341,208,110
894896,359203,189,190
242662,890000,280,77
901740,510939,258,271
6119,773759,161,228
3059,511395,231,198
411749,30780,35,15
457145,125022,246,192
761013,512026,216,84
721530,550301,182,185
681694,383765,250,171
849576,710040,246,189
880318,496200,173,35
726369,439003,159,27
201741,547526,60,298
510631,763288,9,205
706801,162438,40,272
114952,468162,158,251
802896,866048,58,29
394540,217453,109,234
641190,490191,213,82
865660,658165,145,53
385748,409215,78,17
675056,768351,224,235
66524,60559,112,5
483132,73599,3,130
175212,154212,115,261
694519,336275,131,179
670052,962491,140,157
389932,518737,80,50
753993,57000,299,268
183172,78188,69,147
313926,383662,15,198
508018,879563,168,26
125570,149353,175,267
385515,467164,12,126
882914,814410,174,95
570982,881097,2,157
352272,176192,20,287
605484,456173,70,46
308178,475259,292,133
443462,513263,48,18
864774,442541,297,179
756662,502270,282,230
442826,875918,60,240
280466,204079,258,124
709960,335913,239,150
803755,825685,95,103
866489,64160,94,1
256074,730698,54,185
958731,233601,251,16
613398,730082,193,118
182862,394396,135,157
66729,782446,152,206
383369,399267,278,242
725888,965132,11,237
308557,625651,227,228
139204,877413,8,232
285599,229950,193,68
422016,980741,122,92
410177,286710,171,141
405993,813231,30,29
884626,843183,10,15
361674,191179,229,179
549928,908519,207,25
380669,786520,249,53
570846,258171,204,99
479558,740345,88,57
578533,8702,140,64
73461,19448,137,255
728065,825975,214,176
975965,759278,20,261
820998,349921,29,179
510357,537636,119,140
321035,43431,150,203
738882,764543,202,213
420980,400994,100,84
395683,247919,165,269
788371,876469,121,248
873114,231787,171,119
691970,656753,294,13
293948,423023,241,285
101631,23766,276,295
497477,891382,7,131
635495,339369,97,172
352910,923793,275,209
498678,982514,120,175
609728,759605,221,268
429122,351611,205,56
999179,726658,90,104
292677,930088,233,172
460279,601788,269,94
203567,179505,11,125
795833,454112,87,140
629482,469555,251,182
841361,419719,296,1
101471,502970,222,211
665287,38339,258,182
507489,426951,197,41
355023,686920,251,162
191905,807354,11,142
352392,741632,49,172
790200,310801,289,35
145658,145281,88,71
179774,582347,230,199
999963,441,268,216
260293,259094,273,262
631386,485464,126,93
478428,950295,227,282
802839,94749,222,91
291478,541895,71,235
777270,175805,25,285
870458,654508,36,66
833565,861656,90,38
291303,370652,35,122
431835,142139,123,67
458443,785701,190,263
201049,919833,281,0
278528,962366,115,265
758457,353252,75,291
278317,521706,145,232
909111,855051,71,4
150220,614368,283,38
922649,255122,114,191
100103,867890,275,292
89554,981632,137,287
953284,793710,221,78
1476,152474,126,1
646559,596890,31,98
348863,144621,297,288
55015,957023,26,31
599059,434612,107,155
630708,552501,146,118
816435,357188,230,145
719102,71043,223,285
135715,156561,8,289
6540,795800,67,245
95677,386730,270,218
934905,645382,60,123
697883,551657,282,97
318044,446578,52,43
522422,811185,26,107
953050,29047,10,225
78921,583749,284,192
536304,963559,123,218
524903,131509,29,19
328384,816873,154,97
149392,130841,247,135
467328,124158,106,110
587200,363863,212,99
340178,530277,192,272
237253,725777,84,160
362167,274705,70,144
479255,716231,187,245
20147,985043,6,26
208373,275637,61,222
715200,734138,258,293
122384,727695,227,58
842872,928983,20,86
218115,835437,96,69
712044,279812,120,264
809134,549017,222,130
877297,769043,272,185
676510,587074,201,240
600451,251235,57,71
272072,533799,61,246
891171,256166,292,62
999157,493093,35,235
826809,658739,28,292
23288,59315,123,152
658445,371421,123,45
769963,896963,298,255
627643,165781,281,291
71968,96074,81,32
978896,491959,63,136
492555,543629,267,255
852375,722656,165,54
430518,940247,226,295
172691,307014,235,200
609252,407944,40,12
612117,580700,119,120
558100,922355,123,79
81072,661633,104,91
675142,978234,9,16
207691,656624,12,138
526555,575448,128,214
81478,880427,158,14
120010,403743,199,215
863320,64924,24,292
305297,430564,20,130
528176,358185,125,156
220910,719616,167,235
485865,787733,271,275
370533,780462,46,36
741792,527734,245,146
829559,364167,245,22
584672,163598,232,36
499675,996111,160,1
168946,565169,98,13
565249,479792,162,214
564675,554774,28,199
174743,623102,128,41
116013,117677,227,219
489999,782501,4,54
368376,456431,280,260
325335,929742,91,123
996647,366125,170,69
254753,555577,79,142
234229,957107,116,108
727980,849783,248,157
687931,694570,155,224
471629,670787,173,146
384333,223539,299,33
601990,74764,236,159
429653,174874,112,128
525552,555567,257,202
19849,963496,258,9
571207,931754,265,91
998093,811919,155,208
63831,946315,224,112
469713,507981,16,171
75127,436683,135,294
307217,108161,74,205
132693,594162,57,87
40301,490700,87,249
429779,820823,299,204
944247,469566,39,73
263288,737145,46,187
822107,713367,180,24
438764,972708,125,92
220972,64340,38,147
80331,83240,108,196
604755,908994,109,194
285284,678475,85,10
966596,551318,237,245
48778,453555,118,163
254415,161756,7,135
645113,466991,107,72
24204,727977,284,187
345810,177643,120,193
472817,961097,219,147
223602,914331,163,54
114716,398164,54,31
771525,180958,225,133
3345,172655,280,234
926167,674573,118,179
635986,967108,296,80
946906,430855,181,142
914182,764158,243,123
959723,221806,86,214
248944,699321,166,227
736457,577981,187,70
352164,515544,248,90
27241,94954,278,143
158532,89675,60,260
195618,707390,178,23
238470,823466,285,20
235426,773608,210,177
804858,596600,249,215
175054,984739,92,300
969095,56679,167,64
406782,962500,153,199
452330,725682,54,154
512414,97521,143,164
930827,112002,10,236
424398,339332,55,227
227826,369848,116,128
455812,786999,60,252
907889,328135,97,289
873029,509381,197,93
374595,940555,273,44
884814,795911,75,2
345781,919131,3,165
487503,676479,200,137
347240,667715,74,88
436826,214218,212,48
846966,95225,126,71
415269,957371,104,289
943734,995010,65,45
812305,874342,2,297
130326,965285,165,77
284741,615583,94,37
549882,414132,76,120
707599,44186,139,289
921328,60135,201,117
166658,623488,244,200
86333,832946,251,2
647741,214972,285,186
812115,688490,32,220
598353,998664,298,65
201662,772433,161,256
866164,509597,229,205
996541,507733,71,95
970019,452404,31,198
423112,532037,35,247
194248,314677,103,199
433157,824985,73,66
73491,813177,264,275
554836,986642,122,192
806212,281333,57,100
564842,304733,191,182
314584,807582,168,242
312842,90966,40,21
726612,152107,39,248
16849,942736,0,223
586992,552554,97,210
523890,483605,42,258
267114,141587,204,40
118612,522749,278,174
500065,368840,112,139
561951,544853,268,203
291885,118060,95,149
458764,968207,188,224
257655,473653,123,23
589832,653709,85,167
95058,676424,191,109
466402,661942,79,193
880629,571982,168,175
689477,735673,116,23
236375,16374,130,272
385632,393642,73,54
469407,202891,223,48
219052,997207,167,185
596027,383009,222,180
557698,239962,176,111
953840,229001,33,121
670537,650204,1,197
921015,931051,215,35
285335,983971,149,67
869372,942545,182,208
392022,511108,248,158
875812,34370,135,256
903406,175240,287,264
92949,280137,113,43
693604,451317,6,44
471146,736476,95,108
412202,297834,168,163
701724,139062,56,76
929650,976890,78,9
826691,924528,94,109
219810,636656,58,169
813024,433823,292,129
375223,85475,233,24
811346,309294,291,232
584394,332104,7,162
231327,925601,55,135
895379,468906,27,54
563263,484069,58,292
730213,652703,254,280
544951,894482,296,253
124018,80998,214,38
615705,590801,38,58
159811,748783,72,246
171342,345619,129,121
356367,45944,40,230
741389,336296,62,173
381334,522447,205,149
167449,59765,257,12
231720,586665,125,30
156275,808711,88,134
219072,713453,277,216
12832,322367,18,35
666717,914003,120,66
781788,582863,239,8
900719,580346,155,34
149578,523907,228,121
327226,654840,300,130
285307,52394,125,284
824261,799874,212,247
83616,724918,277,296
330558,737508,24,229
586491,833232,104,109
690445,428684,288,25
518418,491056,203,261
841460,909051,290,211
70023,417904,238,166
828495,360353,1,9
388637,313127,260,83
261717,286671,102,9
950039,99334,190,70
266569,874008,207,130
771297,255362,65,117
165275,421274,202,27
789116,38677,183,93
868551,829677,184,92
352108,722931,43,267
631502,142169,116,164
925771,961246,3,254
852707,767347,71,11
281387,777623,27,120
472269,731742,227,183
108740,883858,292,121
16532,871463,178,121
209417,829502,234,295
202507,370257,36,110
896764,56094,195,112
879217,206503,192,224
515154,79619,281,129
573349,504647,151,25
928866,713974,176,272
933392,298413,250,289
799873,97360,143,255
509940,636220,95,49
252419,735719,21,92
872115,191650,196,249
410457,886009,179,147
537488,113937,140,147
439619,29376,79,189
646206,627889,234,92
209402,477400,242,280
875784,7627,63,188
849914,534824,128,145
51167,938656,219,179
301135,324736,182,155
29297,660992,108,102
129596,343064,83,160
856551,860486,285,33
949414,596645,0,104
470716,347535,113,29
963548,459858,271,287
362860,168045,53,14
189304,802238,281,121
782344,332362,149,38
683212,795825,128,209
995292,3070,222,254
961465,909947,188,295
76546,518828,13,74
352667,777983,3,222
490365,224605,110,129
196692,690586,189,206
117763,941348,120,81
557505,811671,49,91
564094,509258,216,84
968170,317389,73,99
769040,748687,190,232
911084,697271,40,47
25073,744435,32,20
213876,119954,27,119
735353,655741,274,161
119204,529209,123,4
819448,517156,108,162
139910,198159,197,201
944690,900154,95,236
137914,986693,173,101
64775,525449,64,296
241044,361627,151,141
599419,703337,282,196
844531,612862,236,44
574346,218778,169,223
206096,832998,208,50
993057,165145,177,10
152547,471234,96,62
619680,733456,104,25
282921,796609,28,151
262416,707222,109,275
250642,210157,142,94
78285,311010,218,6
371408,495373,211,175
425285,699140,178,84
320337,243416,163,281
365858,428251,40,13
37151,170732,207,110
767140,69863,63,245
404208,756854,295,14
468223,246347,170,68
634837,758987,103,90
799852,441733,109,155
145587,381202,158,54
820863,964514,120,254
749960,636800,248,32
859726,753931,261,41
943540,314006,195,77
558689,767342,272,212
791955,536402,41,32
539194,704218,34,23
696870,14803,235,39
729171,559556,103,2
336536,924171,89,85
833669,698099,103,134
723289,246901,152,298
394241,240607,230,276
624956,275707,155,284
18281,691853,245,60
44908,808970,212,174
605639,99006,49,209
129570,811404,289,117
546733,933169,218,37
805594,575647,261,220
619464,189514,73,80
203915,47844,45,246
295996,912703,31,132
971608,302599,185,17
223776,911924,248,71
571841,5785,203,26
364331,227302,66,195
748867,296403,275,208
254966,909362,282,105
256563,830716,247,117
803596,157137,207,201
279959,771430,166,228
490278,690607,288,7
125193,103994,175,94
967814,448062,37,294
699676,834995,268,201
568380,718010,104,295
936540,503714,88,268
802522,774673,202,114
622167,841849,245,64
114137,536480,18,142
727414,558084,289,250
288641,779971,87,226
671947,559595,178,33
8572,467767,263,9
496340,584147,44,233
938180,19774,185,88
922662,887483,88,180
918229,645030,281,130
973245,165395,146,232
832896,360000,258,36
80500,717255,261,15
126216,867717,33,41
890916,728896,65,28
703380,78652,291,295
701014,928297,224,150
626062,888431,166,11
935507,365108,210,88
944421,235128,112,127
996899,538145,14,144
431127,870274,241,269
504249,50672,215,267
951132,934790,217,280
156083,406235,90,4
458676,138740,255,129
354424,705859,298,214
338326,553443,291,249
686019,426233,120,58
838462,192763,292,214
498621,265167,92,90
8127,237101,106,2
896487,539197,168,149
690203,47391,136,93
775995,449551,193,196
46705,358555,42,203
663233,268259,244,170
784061,748875,102,263
1548,36866,135,5
835056,759958,118,225
938634,268945,68,116
139997,75681,124,237
951830,869770,144,280
429272,776412,279,260
832807,924341,104,54
800280,646531,140,144
422219,214854,2,98
474799,158653,109,256
633463,337272,186,57
240000,730130,37,270
491409,574545,191,125
698921,159822,27,110
40713,882466,226,144
420898,744251,248,256
787669,427221,130,291
848484,916946,126,98
435214,993620,233,239
369438,479901,186,13
847663,713734,167,220
963453,634091,25,52
698467,367852,169,279
882795,798960,77,108
917527,893765,135,267
473198,773261,141,46
744714,761755,51,189
246779,326957,238,4
39016,480736,53,51
501025,349796,1,125
558205,820147,114,128
720503,663344,291,91
878423,768047,214,270
86784,565222,138,85
153411,59387,279,219
322098,252351,228,72
804543,252522,300,63
511423,237088,30,238
368499,442814,187,121
296328,691868,97,168
136266,976239,182,274
911726,545845,130,211
787354,180573,269,256
422425,680669,293,63
869170,816094,76,246
601768,224069,298,100
997564,271224,293,22
296394,215525,35,242
981734,318675,178,33
738912,539674,15,159
970776,279945,99,34
552924,518723,258,287
359145,665349,47,238
50075,724770,4,266
231237,692715,44,75
26342,694485,188,249
955350,975491,274,6
338644,365510,169,290
58562,616812,54,94
392079,2296,210,76
810506,331387,26,85
525763,395071,252,171
404153,745336,97,152
576443,603858,35,172
760991,821059,67,143
804415,581264,11,143
453771,942674,189,288
74279,439833,292,56
633779,987511,209,274
194564,288628,26,187
336248,262210,168,25
202611,743473,296,258
411293,113819,91,152
518535,830562,65,6
896810,885553,108,196
320436,248005,39,133
914160,203350,38,294
615960,239001,20,248
691829,592107,186,266
282340,874432,208,169
135910,914827,51,265
646342,788932,257,256
485116,652737,261,21
629246,806667,79,148
977507,100206,73,156
110632,575172,191,122
977417,354432,246,203
943713,885413,178,118
246044,294737,111,209
517706,296573,12,193
422576,949581,35,243
868296,423956,28,214
189215,895381,69,120
934916,22883,110,46
372961,890169,90,122
45088,419706,275,147
769305,579590,288,4
892297,563841,84,270
360926,556633,236,43
571432,558295,158,265
491533,167585,269,89
588709,556476,232,196
651968,347670,247,140
223264,534862,174,178
690821,627921,225,218
704810,849009,215,39
52660,263736,63,80
122758,424541,258,224
716566,943038,197,165
795322,223062,16,80
764370,256677,263,41
486265,160056,111,220
792041,835623,114,95
777192,762499,247,38
183051,498755,237,139
991598,696359,162,167
451310,292675,55,193
112899,762594,278,11
459054,117265,237,69
159624,278221,171,289
60497,946511,71,226
389460,64008,189,110
399825,820307,97,75
720593,993599,27,267
882473,992877,148,181
928447,868762,161,249
467910,163771,206,255
46155,317806,16,281
677452,832275,295,192
206545,721162,13,219
655971,402817,71,142
402282,772645,97,295
631179,810,14,106
560227,686629,205,227
316398,279904,123,55
282586,826595,170,10
612572,340377,252,170
613540,143597,291,132
62884,192964,77,110
452563,135800,74,11
567365,525417,101,171
76266,544598,251,147
781596,220406,288,250
429149,637435,35,211
2061,260388,195,274
601527,88,21,197
940932,764891,115,176
697848,700487,119,284
356251,940329,223,213
433797,631052,293,281
460979,696950,169,178
424211,483934,275,157
46286,794250,61,152
347612,776459,68,121
529363,595581,203,136
188963,140889,172,153
623042,742688,144,288
291196,805355,65,288
130555,462044,277,139
3329,851302,96,67
382177,995100,255,61
691379,578185,232,22
524502,32737,192,142
723156,3127,8,25
856763,271597,219,54
198986,161938,226,141
798165,319251,157,182
472113,787230,1,227
451167,85384,245,60
288426,907862,282,24
744515,4858,216,73
31483,580505,283,21
894903,409835,224,114
665920,183838,211,261
115514,572892,7,234
248778,408021,102,205
209311,765610,217,247
330678,554031,8,289
365571,4505,55,174
979407,510135,95,182
193774,207789,207,99
646708,56876,152,22
542077,744089,28,18
333221,203030,241,226
233866,826600,142,81
852018,913777,66,49
921235,875700,255,55
457204,601930,86,239
197684,262535,213,134
146432,412673,194,285
766851,247051,91,256
448645,243642,71,190
816203,927553,214,276
196756,69960,105,196
148631,217539,239,24
584873,398239,24,120
507374,431384,257,17
47819,198029,85,150
961391,955322,114,161
913850,805867,82,61
715737,318078,143,279
553830,959209,54,4
415798,485744,80,126
903054,987299,122,170
223042,746705,256,275
133367,937760,247,142
363793,948505,30,149
334770,480615,80,37
554031,491614,57,191
840229,880896,207,228
213034,545385,225,196
943735,619847,296,140
937076,83737,143,87
467115,12688,87,210
906665,862804,139,175
981216,788331,47,87
601508,632016,106,298
182246,645119,104,108
595853,949987,163,136
105415,157463,204,162
371818,663691,297,71
306929,561014,250,14
610505,388185,249,110
845267,29478,221,268
694008,660513,290,13
210727,119819,42,160
992963,954007,3,276
111219,427637,290,126
301912,556244,61,198
351521,999575,6,48
921428,120986,105,271
524872,142509,183,47
914297,938356,120,234
515085,717640,66,18
651804,836053,55,245
811092,178665,35,52
712111,169554,267,109
184149,641943,233,100
919027,303431,156,86
263993,100112,79,106
457230,846074,91,108
208485,321637,92,111
909330,588230,285,173
263615,414809,0,281
664958,631813,178,165
99092,279471,195,232
906613,94963,158,163
242932,247808,56,148
356558,10964,98,231
249968,286667,152,254
651103,246410,38,78
399804,625439,211,91
962600,187695,162,135
633350,611409,55,77
27888,96429,167,244
364643,413918,192,50
988155,507769,3,243
931240,580887,244,177
58060,630310,47,270
968632,185757,101,65
500958,785370,79,261
209359,179058,214,202
192191,385131,70,249
828782,380698,7,227
954655,62062,104,102
588025,965928,29,55
303996,15193,0,48
28341,135894,271,114
23601,6870,137,67
50960,277548,76,19
451176,73644,197,203
654421,394030,63,245
596252,227170,38,253
380703,154408,68,10
832072,573793,177,171
453059,302366,300,121
942105,46311,138,188
208042,514963,0,75
860514,252839,93,42
117830,749228,94,127
2416,206416,169,231
272746,436076,83,68
583514,961071,230,179
76641,992776,157,105
775795,312655,152,163
885736,413636,10,198
415645,784732,62,138
46275,942027,283,184
368599,506165,46,19
946324,226971,299,55
267839,291238,258,76
410957,93535,223,67
594965,850526,195,216
413096,682690,37,214
767069,403552,198,79
414578,760387,264,281
752478,466005,191,196
60403,611038,252,126
556340,713048,56,25
520007,585423,276,241
636053,613756,199,94
886431,957638,229,259
565832,865577,172,280
107022,93320,78,37
33125,442733,39,27
250502,912869,45,165
214402,968423,226,27
323287,390649,190,184
861492,704182,290,298
755225,812681,117,116
172440,162674,31,37
114805,670184,242,149
466804,959524,123,219
119123,417280,250,158
17848,510705,100,213
601070,470479,136,250
550240,268840,52,222
923029,926037,102,181
760540,219021,117,56
104491,384011,175,110
390956,766491,127,45
935722,227348,108,34
155295,703482,231,111
146619,229317,267,258
409899,458570,153,152
193746,800662,59,214
853515,426378,60,70
26848,104139,177,186
190447,825313,165,234
656510,91272,220,167
742224,581027,288,94
949825,525397,83,293
981008,567938,231,175
237645,966112,29,2
27526,947035,6,292
953687,43780,59,61
725118,816583,209,270
113793,302098,220,16
520865,80685,174,63
952086,618737,48,77
442223,231624,157,260
672463,297068,216,150
312857,478039,96,129
289969,168801,192,100
964728,86951,299,257
521183,529634,50,216
707667,451684,39,34
540752,423839,49,60
637994,330096,246,243
245219,846880,39,229
572285,842421,182,290
212460,764819,154,187
527086,615026,144,3
981837,771339,124,286
768321,223,20,163
601154,522815,26,62
485470,339831,92,132
209689,748578,248,295
253959,416508,40,67
889785,295945,288,143
838575,322967,115,289
155719,729119,139,31
157969,381887,124,81
121071,526061,31,288
957617,881296,30,68
782630,704300,279,221
69667,38146,90,100
300210,332124,292,100
975421,253186,51,237
896710,18120,238,171
92395,283815,143,277
661067,614733,253,221
231130,679531,98,259
251152,810911,68,142
103409,623492,29,153
75921,374169,40,32
347358,636526,224,247
831738,632803,202,74
321096,188912,219,212
465180,557860,131,152
314173,585343,237,166
816345,889738,244,244
575336,455384,158,136
778969,809484,150,148
141129,448695,266,4
852543,946802,237,76
508136,104297,207,64
507631,557273,70,240
770590,700823,40,275
756196,772654,93,241
776546,804499,196,149
410459,438174,215,209
27796,332408,32,53
764498,575709,137,219
569116,123097,253,32
122293,819885,124,12
304037,724554,48,205
62808,398489,10,72
511000,788600,155,107
147080,323498,188,276
99385,323563,24,209
74638,632363,34,46
146862,612240,157,207
283004,659954,62,191
690805,202430,86,132
59042,762344,71,118
419120,771825,174,203
673414,997608,156,179
841936,600332,58,109
505662,877569,66,169
713671,266034,44,189
392457,414388,79,172
484537,102069,19,297
942387,22683,69,175
792155,768125,233,202
408516,870484,240,91
727090,567973,187,47
341798,963100,76,30
304332,13236,60,76
323566,108601,172,54
809921,539408,33,263
671721,472852,115,52
775279,685684,209,289
878017,927726,180,140
629230,561526,32,90
231621,528001,68,293
684106,135533,238,141
449787,283422,84,258
525899,899029,251,80
594058,957505,299,56
161043,684179,196,229
576588,775065,288,122
460639,626078,189,193
959011,761543,95,291
114458,684829,257,167
587433,644706,285,44
917192,818369,191,40
251167,555567,12,95
595757,332135,164,29
80265,230477,5,86
164479,6223,274,285
189480,150972,135,74
976661,124929,291,175
482312,914769,176,203
167338,539536,15,154
132020,77248,283,115
451864,237413,186,164
880245,743541,35,17
804761,829099,152,161
632246,745041,278,91
786788,571667,255,137
220527,684550,206,232
855960,610883,103,99
284244,709874,17,192
214465,865734,203,86
401641,493604,233,259
573712,532040,108,164
729669,249091,169,122
164608,501432,275,12
581787,9487,78,287
530765,283670,151,189
41051,231418,34,33
693687,12967,137,180
467401,229969,102,205
111539,960047,149,255
380191,542560,35,163
673205,882102,178,91
372482,266588,298,264
190940,843248,80,270
61479,748732,222,260
859381,822038,254,213
306003,125556,282,164
958946,690171,71,47
591349,649005,176,280
806192,392790,1,65
396452,122374,24,282
548857,233592,299,181
674874,46497,20,229
561817,784445,7,95
459948,577961,142,188
430122,370809,12,284
155588,205850,26,88
572806,963856,47,216
344934,496990,69,92
113986,594254,164,36
903968,901780,14,66
101990,242543,30,299
504820,471587,63,119
451320,757158,299,262
586002,463719,276,262
991353,438689,41,25
641875,388170,239,263
357463,464148,117,127
984812,11414,49,142
508513,327760,181,185
744082,232668,149,188
717323,118557,30,148
305225,355219,131,228
652006,285033,6,43
924206,954990,180,153
618823,212863,156,208
930168,959272,247,133
432852,894547,237,24
836439,465039,118,197
387736,406057,107,273
507039,812059,62,171
474508,190283,50,288
175941,729680,22,81
666867,948164,110,0
409984,925799,123,237
205998,70040,69,109
148691,648236,9,128
98627,888185,115,241
307977,696131,137,94
964929,367641,214,242
48965,431714,230,237
508256,563722,167,214
674022,956771,7,163
611695,287190,205,274
346011,535723,278,221
625815,665980,140,192
538146,760188,194,188
73700,723665,109,208
131355,233954,210,21
142778,209927,19,90
916519,834583,221,116
32868,236260,54,280
661277,887048,294,233
645884,1035,85,129
605272,858193,0,141
316078,114596,101,206
408633,529966,199,23
454616,519515,55,98
876846,564183,123,66
981436,296877,247,46
259467,107997,191,286
80384,778058,202,15
580939,303822,44,80
319424,279603,26,277
488547,942666,246,221
36540,123556,87,56
578594,187316,231,99
991150,146801,141,258
469579,432779,57,300
577649,210881,187,263
258840,321059,291,263
567107,306324,53,253
610399,850212,223,8
239952,982617,125,219
752000,965387,7,171
310858,353655,138,113
745072,191698,98,111
370108,264783,12,209
544223,946999,99,83
205871,239561,73,44
511189,146782,57,258
820911,218522,146,256
500627,125220,214,242
663718,269454,146,271
648946,143277,173,230
573191,604488,241,115
967910,718937,196,0
174034,83877,103,81
893503,415307,86,288
801056,534917,20,44
270724,818157,230,103
957447,658616,85,137
145477,915618,87,209
670126,153942,131,9
454027,831968,117,126
440487,633929,2,217
85282,105149,93,239
581226,447812,126,50
702850,616876,1,126
769201,916653,158,11
901746,333979,36,80
360167,914501,250,6
893284,575229,229,267
784411,479845,213,71
484339,832880,63,11
628769,930872,33,277
627991,722305,225,181
991391,505111,182,80
183395,140672,294,191
433698,34425,205,175
324943,260699,143,249
323245,379221,283,80
418465,779124,104,215
792280,914646,218,224
442193,862075,144,10
573720,306975,242,239
8507,103035,73,254
55941,696128,262,211
358330,651951,70,85
644722,657905,87,160
272355,70916,69,80
73049,525457,159,16
346005,700470,300,211
684997,170475,232,268
497062,150904,77,88
341530,113480,215,45
352448,687090,86,33
459224,428754,88,67
579771,359066,73,245
474041,863916,22,1
847928,55461,209,37
18953,529808,260,217
715877,35301,96,295
370925,694917,206,16
752003,24112,187,61
20838,958180,210,26
295723,141229,45,222
464088,559632,83,233
697865,505783,95,131
297779,990455,207,278
301119,608169,88,170
757949,465911,6,237
449137,718412,131,240
253125,488002,230,182
260167,495353,69,127
33806,545626,223,257
181826,695822,217,44
220930,496675,4,105
779484,202997,86,190
625524,174314,82,69
209881,913025,45,194
553047,634470,260,65
424203,517821,77,76
997603,136835,285,266
253477,136200,86,87
232994,713651,193,216
897160,640026,289,181
638672,279186,136,147
796936,952680,122,70
987400,981176,26,239
449775,506172,10,244
744030,540364,291,251
125263,53550,295,106
680995,74774,31,131
472846,940665,171,163
586643,975508,181,200
185452,633532,25,262
200152,512913,8,8
612702,609202,33,106
807000,796992,127,80
134611,334755,125,118
606523,251643,292,101
22855,134046,189,81
929685,580260,2,92
43962,874330,55,94
368572,461854,200,151
766776,589098,115,131
734524,290744,138,259
974244,310155,150,296
490016,580713,1,194
311223,685512,77,112
755646,536200,30,201
952604,312593,69,246
1763,389174,86,58
279042,533112,267,71
228446,653317,283,42
457734,872542,49,267
692154,462398,222,133
715299,570899,269,97
718226,11157,44,37
575004,355061,5,37
771169,915151,130,144
797999,612359,111,239
854014,738314,284,32
540941,870126,144,174
831514,351151,267,261
766150,566193,299,220
502657,553699,139,272
379917,53204,37,88
356182,445051,197,101
442918,127803,76,189
643575,317003,115,32
897864,844364,225,286
548948,867318,57,182
436338,700421,59,270
329667,570676,201,2
133170,646060,258,281
866644,291596,188,295
963637,848920,51,191
541278,428549,151,122
854845,407969,95,82
114323,433202,213,130
503392,578967,106,240
696304,992627,181,248
249218,788370,182,26
888677,408551,77,224
890461,196553,245,62
86831,724413,41,246
141946,498511,134,148
85011,269043,151,40
929029,533533,141,184
220539,44214,9,230
307085,144327,112,271
4137,907638,36,170
485358,760084,31,216
151551,817617,39,272
614648,839744,62,167
794807,414891,33,241
508931,928037,199,257
121425,661455,281,284
702404,138615,267,253
761433,120842,100,242
852095,62708,106,244
190641,963578,203,130
455397,277866,67,154
382589,995361,10,93
652132,892256,74,186
986892,66372,225,279
453493,286201,298,169
542839,616488,106,99
757231,956524,150,163
649553,535238,129,283
629465,727864,297,235
358717,166983,196,174
607970,930085,242,142
284108,238647,287,123
797641,2408,251,245
138862,429510,295,261
781463,289561,241,51
836738,933034,288,71
452504,964295,222,73
741821,725997,112,153
322270,726595,262,180
235893,823211,202,226
849171,779796,69,141
71187,310666,222,29
617246,714846,203,161
514262,361023,136,45
891257,336998,122,4
510874,127310,74,204
811218,868269,45,187
897591,567659,160,260
508076,107641,42,102
452828,66892,247,271
546441,748875,128,124
461549,317025,67,153
963293,268133,23,241
238165,535528,140,109
307096,88325,72,190
674816,231624,166,149
289912,972751,142,23
172426,706674,180,113
662542,939370,142,114
159528,5803,39,150
339547,300183,57,96
515634,557008,14,260
518889,304486,97,73
408294,635708,85,158
508135,430077,205,261
910010,647171,2,193
780683,800650,267,219
773871,344395,175,8
711506,572396,217,114
716784,441056,50,134
534993,121690,282,59
30663,170172,113,15
580111,408902,180,2
748692,968726,55,283
384177,395179,220,181
651034,27691,9,53
61195,871813,121,190
923302,744958,58,96
804159,905613,138,147
544770,560559,118,236
980549,490252,281,279
868189,655252,78,29
47971,952209,282,235
613042,809114,252,45
123318,708025,208,34
462776,569923,255,81
542654,463097,144,54
18937,712412,142,237
971671,307606,127,95
798927,106363,233,142
7728,209557,20,147
824789,318540,40,138
188541,504059,7,82
270405,436613,202,275
25722,668903,106,44
585058,745491,245,274
830918,113858,162,153
355918,590231,208,58
27715,494600,2,48
58456,166986,238,221
121593,444077,199,0
388646,446158,168,47
114231,414137,158,181
133637,820709,219,62
156955,501399,104,38
130768,221507,30,216
350131,273274,208,211
570981,860822,266,146
939229,552035,66,134
738954,194635,279,197
935478,294086,10,172
622131,271881,15,125
83949,601924,269,132
117985,32018,117,1
296937,90859,265,133
734877,811710,21,216
251745,972940,143,4
133227,923062,236,223
690993,228458,1,148
451522,792866,235,97
362249,81072,5,111
114941,87839,270,209
661117,719336,2,64
231347,490437,67,216
263713,653027,104,270
461590,144297,129,232
225514,890487,161,46
489841,685010,18,156
695411,54891,244,62
902217,705823,242,278
914211,272374,178,277
209235,46103,260,0
508736,664691,292,117
930473,420911,220,76
485783,362853,86,24
306446,996020,29,68
920945,249735,239,141
392366,519122,287,100
407662,279041,174,191
121944,605402,157,91
985743,29362,28,278
866124,893968,96,296
945028,962720,91,209
951645,617769,253,148
632691,297721,239,270
620406,884301,210,124
567382,984022,273,298
127444,944344,66,245
432216,803333,173,134
467893,145003,146,89
848527,49009,45,118
32831,703574,92,294
577327,314004,82,132
90649,725049,264,123
604583,820382,246,16
593646,977501,90,273
539470,796973,239,38
811572,852912,298,98
912569,269280,175,142
658340,568278,45,0
841612,165872,136,163
416324,940113,265,11
242488,891853,40,61
125489,428483,155,174
365635,727366,203,72
480219,920491,46,261
920770,663944,237,287
79224,718467,78,265
373090,862287,47,69
704047,604806,261,11
456905,949611,193,280
632065,463995,107,249
360516,941523,158,265
332759,554711,84,225
864905,730208,280,258
86189,368275,216,157
658694,901589,241,190
259525,236105,232,47
914784,294269,37,112
656033,176329,234,89
39560,673427,51,4
666427,24273,73,269
863076,149282,116,102
263604,716506,64,211
449696,532911,286,222
151149,468298,18,135
641393,212309,157,74
517578,670260,132,232
494331,2513,144,149
275687,474582,30,244
809549,772835,243,241
727552,6643,183,80
458639,317859,277,102
337655,715113,82,126
294043,153691,104,23
174513,939247,83,89
867172,33353,234,18
545774,678754,113,120
905041,348542,239,77
195507,936939,210,282
188224,315791,214,299
620092,470715,153,159
497082,595131,145,159
499855,228248,184,137
926576,161073,169,83
62027,43529,278,23
674733,616721,9,295
841764,862357,252,240
758720,715935,128,6
295731,487467,57,109
955377,981043,168,127
961725,287371,272,143
470234,640223,167,294
528070,976473,146,243
183342,478174,44,103
570387,541587,18,70
322671,140824,74,92
697504,556282,210,298
688000,815278,33,147
560432,995703,50,165
181562,398448,60,92
59811,419450,72,296
387743,547583,64,58
976510,920749,268,214
723251,904653,134,168
895083,626749,24,237
344044,183218,205,56
130880,29504,69,94
153478,937405,282,296
825628,910754,138,185
821994,104980,111,272
710237,908175,187,137
6091,163155,188,67
563619,992518,282,224
374876,958648,212,15
731256,303235,160,255
818759,267177,121,180
847314,43756,300,72
701747,391446,285,101
158171,986240,66,280
457564,894988,259,122
705765,934875,286,99
422362,120654,243,228
180092,930703,11,230
387370,53323,167,184
638811,102443,192,70
333996,549740,27,147
419532,863275,239,1
346468,612237,170,116
289518,927203,55,162
308729,453519,113,25
131699,206327,93,203
384645,654116,128,91
662324,138602,242,123
639152,963557,12,118
844782,999177,197,104
138804,897918,39,6
923069,728118,99,288
107987,534786,64,68
737817,931580,162,242
603387,284236,283,61
793222,120015,186,165
249124,83019,120,125
661792,921752,221,275
304484,171658,176,74
187138,667324,297,276
248608,919670,140,232
176739,890458,176,189
439412,689222,212,52
819862,564621,294,85
273303,298736,277,118
923576,178795,186,226
859994,505520,116,158
376100,421532,220,56
300882,243759,124,155
829408,59138,104,29
542053,118084,282,278
103260,658643,286,34
307287,234561,200,42
566842,32931,251,168
788800,845905,54,78
434939,769257,78,35
764132,958141,136,254
176808,724589,71,65
951192,772972,113,74
356088,317009,128,226
277747,481868,156,215
206744,638592,167,151
347683,390349,48,179
143767,678156,78,275
929707,478252,87,155
991312,224095,210,201
627040,886415,170,22
538262,589481,222,158
410662,522405,223,140
607007,8173,127,138
202757,616957,213,233
979387,606901,261,53
680604,372155,232,190
344964,270241,11,163
87201,277968,161,186
464582,336475,131,226
179637,570344,12,236
729888,666351,289,173
112317,817248,139,64
475835,998357,126,263
168047,728723,289,142
756776,612398,177,75
906543,2281,37,142
481804,431080,250,20
110148,289875,113,92
672243,956592,63,157
879699,848803,33,60
43710,546283,99,281
200211,798003,122,139
734436,230025,42,159
793869,655522,245,269
154142,548379,246,263
546113,732424,24,275
549817,896322,269,277
632969,867561,144,0
947344,68471,89,272
545134,501477,294,287
731609,202890,253,120
434169,861866,122,59
53670,561246,14,126
550089,990883,156,20
978537,802349,16,245
176453,31373,238,285
148157,12341,186,166
607391,496438,100,294
701924,650068,42,111
569662,504608,61,80
503148,812834,49,159
300890,735855,279,49
397240,56326,40,266
995080,496365,43,63
132213,191972,34,278
367174,558080,62,221
411178,317695,277,178
476891,214347,55,275
355512,789834,92,221
739322,266295,94,275
595636,679093,19,145
516422,134081,255,21
668288,28398,136,230
783195,811912,290,251
481127,524041,106,64
449433,77278,69,26
657926,893349,236,199
968319,237723,68,183
946364,94525,99,33
759850,930839,274,11
192263,458116,288,201
934166,275237,40,105
884395,726329,33,75
450521,669024,7,36
736184,314976,97,11
716712,722050,16,157
220075,671336,188,156
831296,631105,121,200
739713,921371,203,165
642450,468358,206,68
5870,380039,224,152
380982,844309,6,9
357799,737564,25,254
560054,833933,116,287
768863,68825,9,298
971148,936579,232,116
828510,973320,108,116
39432,916583,74,209
499990,495068,161,295
178203,854574,8,56
438510,356534,264,122
839335,370922,116,247
123631,859244,57,43
73831,283957,243,282
818912,532936,216,175
255024,351622,3,281
950867,277991,128,95
605020,914389,91,96
680717,624280,208,107
724778,808428,278,203
893681,681711,183,193
96291,42513,215,237
691328,798866,75,185
813181,817283,218,229
551958,617425,130,163
456842,90484,257,284
989017,559544,245,186
792082,654858,283,289
351655,333874,210,264
501518,43163,101,264
171631,701951,175,225
7463,193632,58,40
644923,370572,255,67
869002,372351,284,51
454761,972931,245,124
649799,756891,50,250
657191,878273,220,188
589791,103361,155,61
810354,204726,55,74
829029,107090,141,37
743649,583574,118,35
68585,819115,109,7
299400,968483,134,206
277292,976044,151,292
695316,30778,49,177
82934,290931,149,140
912070,643789,187,48
944539,550991,176,81
978252,659993,132,53
158171,891707,294,84
126888,633304,96,69
560083,485177,253,123
486934,424492,294,257
922042,344111,161,204
610273,936186,150,224
136468,155642,26,190
832178,981606,143,14
650629,907344,246,99
312925,998824,19,184
281971,286632,96,240
296466,994279,130,171
81490,742415,102,95
454185,238337,36,193
819896,920342,260,196
525885,72644,218,91
161204,639679,243,153
78717,959298,87,168
946444,783301,3,144
874226,657306,201,237
654349,439402,82,109
314463,253195,26,33
746460,166046,134,239
949587,378856,22,0
59083,727341,219,295
641789,87357,151,101
261082,296466,274,81
107462,4605,251,27
980962,396037,38,47
365857,141891,276,27
629568,641701,182,45
95755,564356,145,71
885968,988304,33,93
34862,79758,228,70
889676,766522,14,78
802995,741499,90,136
29433,7608,85,4
792169,63325,283,210
464929,695153,55,187
877728,510675,20,267
780322,666182,23,50
180226,513334,209,146
273195,428515,134,95
658958,590389,1,51
554057,155766,65,139
805402,310680,182,261
143849,504804,149,93
899425,186918,120,58
792008,497912,292,209
117155,287399,295,250
743313,516365,144,265
512539,868436,67,81
88670,295340,130,221
942525,326750,259,265
645687,23954,244,50
413728,464865,59,259
814647,992714,82,296
395515,876259,200,167
715708,258211,24,275
251040,731731,203,113
454768,660137,97,69
271273,270860,244,256
10482,880917,3,112
391610,57306,13,65
367954,189816,139,245
366344,992635,289,18
491272,595722,168,298
590937,72270,229,205
351913,533947,134,231
140234,77689,7,175
396000,203224,3,125
376342,202663,224,190
545399,573356,78,71
251640,191146,97,178
945818,637037,46,257
243715,764785,192,84
268749,848209,93,166
786714,559727,81,162
153021,562446,199,131
357722,628263,198,50
443883,72139,202,96
996604,722883,170,6
965360,992869,26,18
442848,718403,225,204
321359,321811,67,30
541914,483357,93,105
802266,827681,84,9
546328,524156,83,80
320018,17034,10,22
3264,829577,117,174
718069,617894,155,234
639982,601979,3,284
314003,735381,72,105
996759,720672,51,228
496907,515967,226,91
135595,244998,93,92
82698,721518,279,200
940178,414209,265,89
607766,840314,203,199
486838,369000,161,64
666725,830359,148,165
34047,18320,60,281
609458,234713,47,115
653273,95740,149,208
281239,103663,300,104
981107,568469,279,142
737572,908129,270,147
249702,403867,293,278
961819,44329,15,246
562000,395517,168,198
54111,228914,120,143
92681,186230,240,94
496938,97186,48,294
652269,701494,158,229
35507,110463,32,295
880419,164532,199,263
943385,118605,188,233
56257,894344,256,147
619775,514037,202,105
1774,374192,183,252
646124,546713,18,171
451027,557997,90,16
778844,985495,101,197
118881,109799,202,270
284921,569544,6,122
884855,891078,157,122
943273,389175,128,124
926096,872514,172,284
771993,951181,25,286
652055,594919,242,45
347086,3762,225,82
347000,54391,11,231
272928,458292,120,220
361030,469104,286,154
59002,322720,64,55
844269,897432,0,25
836849,438672,156,201
517649,161699,213,50
90762,966380,115,50
654431,293183,203,78
330644,896654,109,34
458715,235296,71,114
776570,932574,193,200
911490,145510,45,194
701804,508708,34,151
865349,888883,112,24
579273,336384,248,232
803646,771858,51,155
665968,286790,137,120
560161,364420,180,78
128937,638016,150,25
864294,648458,203,46
813469,675582,20,110
911994,590142,72,199
61386,289132,227,265
875909,922133,297,32
735303,639709,191,48
688263,29418,65,248
487083,553961,264,240
777976,368694,57,225
385854,705903,163,103
561360,701638,28,108
453419,107849,218,275
673208,972316,10,155
848825,868258,240,290
333389,371646,135,139
783238,751481,202,50
933542,407588,33,8
185533,465409,295,27
679338,723693,61,58
42431,833439,166,233
149495,85929,121,294
738446,96492,48,249
120049,203005,141,20
584812,605903,135,270
120798,227680,76,225
278651,983482,251,175
919246,80622,96,288
319588,859931,104,284
55709,187607,195,58
720215,331881,110,230
289383,192243,64,238
972705,516317,300,119
72209,682858,205,194
971676,740367,75,153
45742,835842,203,229
997452,359375,77,94
659768,574784,261,74
363512,789174,169,195
565885,403669,148,217
731834,385117,48,265
896402,508657,44,25
25255,143450,39,227
464075,295857,78,235
133186,379495,166,21
226104,247547,10,16
415188,925516,104,128
786214,635059,9,237
740348,716497,288,264
824340,390103,58,84
903002,718010,118,26
9466,542328,266,246
698085,130747,122,120
723711,491809,65,122
490670,813448,182,228
812190,798187,23,189
512235,742135,176,62
269983,946970,257,156
319173,66395,214,27
886378,198602,58,87
909656,321703,48,253
583655,350572,226,183
359473,37303,19,97
898210,238730,103,221
99570,229676,182,294
37107,491134,250,224
246323,30077,46,130
776144,676290,52,267
615318,82618,96,262
858688,408279,153,110
478988,246187,214,130
406406,701765,9,160
507687,767134,134,214
143736,360403,276,163
628044,225646,179,145
934977,858134,291,116
47256,643023,176,47
901934,847074,142,213
356797,651889,56,136
793001,609954,67,240
887912,23708,48,38
837603,989120,119,65
121594,46358,90,206
453230,168892,280,22
888545,682128,298,240
958657,425545,185,228
897015,844596,140,47
1225,648468,287,123
817687,807884,45,8
723286,970697,91,106
696262,956004,49,258
3030,577489,215,124
835094,238066,114,185
953321,441610,191,111
964045,763048,258,250
413712,753225,197,52
517845,988766,69,95
228910,126837,246,186
882784,954982,176,140
321584,188422,228,247
7963,411014,149,75
770889,910035,177,100
915694,906272,123,113
19129,241282,234,274
310607,181165,189,235
995436,767108,284,189
363771,602814,213,218
595578,146560,11,228
351237,6083,40,79
955879,837215,97,24
682044,953945,68,147
449486,938552,110,51
413679,946589,98,35
553013,313952,264,217
607956,418509,25,279
272738,583750,36,182
210114,863121,184,99
203901,490613,151,222
581542,915043,60,48
942695,457611,98,240
600625,752760,183,27
555537,171478,211,294
386689,432218,236,24
672513,141620,272,149
292639,80178,243,247
383324,229976,120,19
124362,42821,132,117
454465,838611,193,152
573856,347063,64,55
50755,530406,23,253
8596,946751,157,30
952285,764326,201,208
385567,59471,253,252
765841,991185,278,46
187101,724610,300,167
315345,540553,286,287
610296,546618,192,152
126209,122526,36,207
359853,762927,25,222
372343,917069,238,159
673342,243599,149,110
508035,440678,200,292
873814,88339,5,131
963120,519001,162,198
20157,130435,94,8
530820,872012,147,8
586364,627321,20,203
530358,761092,204,161
398979,245577,32,204
371239,185637,28,46
376256,371241,20,200
821044,5147,64,73
74646,582917,69,171
607729,232020,58,112
788040,127061,266,231
996154,616330,121,255
473864,100225,237,0
410193,354887,217,66
270286,55338,240,201
308776,107044,166,295
655645,870964,189,257
693543,762329,110,136
208034,961506,109,203
11201,931185,137,79
907538,284350,87,173
986799,978290,74,191
465092,100745,284,269
132941,204983,136,96
671221,798151,103,126
911710,259076,107,121
975303,466829,246,82
198504,506918,230,153
357197,691134,130,278
42338,867097,106,22
321865,155212,288,209
629156,584337,112,299
414984,869492,233,54
885481,614348,209,36
549049,594047,2,68
675106,204360,149,145
110450,994351,97,233
991033,760044,183,47
739051,265481,221,120
612866,478945,121,229
660808,121349,93,20
987865,108628,83,150
559886,170386,93,275
503139,275137,241,73
701369,276040,66,34
120373,614672,284,199
684594,362043,22,235
829750,838397,185,128
92797,618944,3,13
719616,392110,6,94
501864,125991,200,52
410555,146519,231,122
591985,328994,200,161
125477,105342,220,275
562129,454532,36,284
131870,665267,140,264
449164,257717,8,21
980386,378901,39,120
702362,837430,79,69
785932,803239,111,45
676979,276293,79,135
688641,653194,125,61
107105,561868,143,172
339483,208642,243,224
518862,232396,18,113
425255,978359,261,281
556949,91312,29,62
202582,292917,209,51
267950,510658,23,153
122753,318734,272,26
812064,54548,183,263
24022,803132,0,113
688482,271416,44,219
175685,110975,108,296
117969,39590,188,62
823885,773094,203,38
17524,713367,144,217
979413,458291,221,222
312657,100946,164,59
364865,83769,138,101
75700,365614,71,195
895215,553764,70,58
113818,189732,91,294
111093,128328,66,256
98813,436094,180,257
381954,32833,225,164
638648,80383,149,43
226735,329125,280,255
1017,514181,50,218
156367,25015,264,12
727800,15659,32,164
373003,86011,122,19
625387,67969,17,274
150277,807864,121,192
27566,734983,88,122
260643,20984,134,97
26572,372249,244,29
693158,817240,121,43
825768,900573,25,172
738064,623327,11,223
217341,919768,18,47
474063,711354,235,171
738765,805046,154,20
73464,628475,174,62
80679,59754,292,243
613273,610342,47,39
706214,169420,223,37
849312,166626,167,217
860134,660191,92,206
738899,699934,70,86
998266,343403,98,92
957374,454570,292,17
742146,905950,1,57
40871,447733,107,130
801374,135025,170,237
412233,730883,54,8
371367,605019,202,205
385767,974072,297,239
306485,686498,32,36
509505,62235,197,24
259638,111145,46,43
372529,204956,92,219
210763,519231,152,167
540668,350828,88,216
542140,938792,184,5
836708,481475,66,142
972246,223670,249,20
466605,797622,253,179
893661,114157,205,77
70049,209023,117,272
87745,889032,115,196
298767,38326,154,273
374899,837983,253,165
527685,20720,60,46
325486,483180,130,102
61704,810249,207,159
691502,115140,270,95
543994,407485,287,217
57451,671745,203,63
795533,533055,266,21
32767,682043,14,122
894699,193189,133,29
604347,259786,228,256
35123,84264,198,78
51674,109575,240,61
435988,211007,122,236
434274,82557,140,112
320623,210503,64,161
644451,17661,225,166
996661,508382,282,295
54046,397047,253,201
251144,734178,255,15
874721,532382,18,284
13306,747669,107,68
739178,919422,111,161
420463,337823,300,174
419989,667851,250,129
380892,704518,108,224
736665,52648,66,149
127365,638119,197,291
1701,603202,249,238
798578,649939,156,93
375852,573945,71,114
484778,103164,194,297
181138,612401,204,239
87110,115527,201,87
844074,736341,154,226
854642,262893,300,4
231083,491052,140,178
794113,218526,295,4
894346,22666,41,186
755154,628325,16,55
609828,435794,60,287
998444,371658,17,290
514354,639821,89,200
116977,887247,177,53
978557,755347,286,110
333981,478583,210,146
608654,371136,23,46
963866,944170,269,104
248625,673431,151,142
118870,27936,44,199
475047,371202,110,124
700302,842377,214,59
357185,499167,264,167
616696,64668,141,297
395488,741338,33,99
738533,169756,143,113
533735,548208,294,91
974329,684910,61,174
186140,457989,240,5
722775,833360,86,172
302839,355001,210,36
106386,160707,188,255
965614,98660,178,145
618887,253948,1,46
989889,748315,247,285
529864,24870,152,245
546591,552950,114,237
38858,638776,200,198
160296,75590,96,64
971429,191296,207,6
709569,727151,33,116
981573,426777,69,173
112204,574185,240,217
375150,476875,298,22
66853,776736,42,231
226935,910496,62,55
389597,850097,225,118
706397,565996,280,144
31954,447249,270,7
291532,438726,227,299
872504,155927,100,50
146036,276948,242,42
470210,978776,97,136
869724,820022,177,115
92508,311715,237,170
264154,717636,284,174
28174,77216,173,283
788634,260838,92,20
465374,543695,8,269
300036,722823,256,96
989836,694494,138,74
240084,938695,35,155
571888,360494,57,118
913283,615600,17,249
462623,950257,123,22
500299,634106,60,2
614731,340385,156,162
98267,214703,68,61
574020,7933,150,239
413901,676284,108,251
261648,830514,295,178
66278,254930,53,124
906226,845916,190,59
889411,243082,1,145
924652,440918,205,54
29951,235891,192,279
812890,241820,134,166
215144,208426,220,118
314992,890058,20,137
467439,115477,273,45
685499,656361,211,161
63335,379677,193,47
98684,399076,203,53
323206,801379,69,259
708471,720705,147,286
710742,308747,123,57
69181,247425,17,229
796512,433355,29,181
277621,603338,98,17
511565,243058,241,201
197649,704424,31,233
857783,820216,63,245
766342,709235,274,227
181055,969131,200,271
746744,577987,248,289
526616,14605,121,226
172722,943377,30,93
916133,546086,132,161
273441,425738,132,233
727939,266479,299,228
655387,2890,245,175
264883,864407,124,217
616407,646293,142,29
731991,202330,113,70
916124,683234,11,255
527776,441573,85,30
656821,451518,52,197
903054,255657,174,76
91059,57272,122,32
633012,718217,214,157
83498,117414,98,191
393976,128673,157,97
447913,232295,202,54
834399,559351,18,272
345037,802200,123,119
240198,454779,99,196
455563,199212,81,223
848825,563557,243,178
746652,673083,216,42
565806,629248,91,93
786589,129859,217,119
740496,184986,7,273
864501,625222,29,252
419281,538137,50,53
928717,190027,74,100
248881,128579,58,47
972973,740556,9,150
378728,82427,216,42
880555,546611,285,103
883665,421822,125,294
94511,854277,186,76
56031,142918,202,146
100213,548594,53,201
536897,748348,114,74
632518,414329,283,222
160771,738014,276,96
307063,188844,55,36
437469,430803,113,200
132247,999639,141,141
791809,936948,242,187
519368,148066,3,36
512666,397814,181,89
219817,185496,131,259
409227,707863,120,226
5873,910313,220,270
737158,597885,146,218
785006,111431,180,242
34822,619846,241,284
194439,96097,165,128
363893,930498,9,130
685893,368377,265,149
377514,942251,265,271
259409,680671,139,134
692246,38741,50,162
834140,642745,95,221
592216,574027,299,65
85334,733037,149,75
155805,235527,249,184
685052,724035,95,13
530048,316485,275,176
307145,430970,3,285
203061,449992,138,158
472550,366564,5,273
140731,990009,47,0
824508,948846,14,250
755117,434793,68,233
252079,831189,257,104
823029,324823,3,260
894211,392715,148,152
147117,872496,98,88
697030,149525,33,197
465231,542797,244,178
428781,22153,267,14
96103,188092,159,237
926881,260277,70,204
789731,567155,288,201
243570,953691,85,212
943990,605604,17,127
808455,740624,187,68
840095,176109,153,119
414140,917154,270,218
125260,379665,47,231
27120,906443,240,189
390647,657769,14,183
288878,629821,170,177
947520,563886,166,207
390424,936797,213,54
406953,633091,247,86
177374,317291,83,224
954026,148527,167,80
665325,642429,7,71
169219,584996,140,215
259285,254559,212,172
138580,842191,71,219
522319,723687,222,271
563072,833299,297,284
497547,111887,155,266
828140,528179,60,226
595095,443767,164,249
732126,903359,281,177
233782,379359,253,181
391920,96144,157,19
450103,610420,70,23
355888,807584,6,25
898062,595379,253,75
730692,655430,183,277
565110,692165,91,142
211453,149768,201,245
336600,110952,61,137
340443,18796,44,208
838638,969536,80,219
641219,431685,150,49
779613,853501,268,94
696729,566389,225,187
798828,637808,129,167
954940,339812,200,198
458678,760706,261,30
651859,383393,128,170
701603,372933,81,82
737044,667677,289,185
482967,297965,218,192
301112,273377,6,255
221775,194303,243,51
805739,89363,19,127
183413,68656,44,48
140926,677532,5,124
508284,235427,281,43
838005,867824,199,96
671062,253559,59,39
770018,157228,155,80
18563,896760,93,186
257944,921116,59,100
674731,488802,128,281
328361,193958,284,182
490305,524656,94,113
109313,742119,99,155
799817,411588,60,102
139865,891325,73,9
219676,731321,228,192
708833,576026,276,77
539911,448430,153,211
793089,77346,182,25
45093,225300,279,187
533577,641578,90,284
315664,365132,184,58
355267,970150,212,31
851357,857797,273,54
852113,202670,241,225
910785,183114,242,244
850977,241925,205,73
508001,896096,207,3
453747,391736,235,134
814739,711984,47,6
718395,165441,73,142
945089,828627,248,275
391883,471701,148,262
209885,102448,156,232
732143,838021,50,57
376207,839730,95,227
816212,401087,74,261
833039,197817,68,65
641550,323655,216,136
35432,933961,193,259
233465,654034,17,255
555186,900973,85,75
632647,319226,292,259
69744,518611,295,158
706870,684360,183,73
736242,457289,178,114
569302,430637,255,290
685326,584680,16,94
263861,13815,169,102
796445,756181,261,264
511090,596313,182,291
922632,493450,119,172
67011,488334,167,23
871409,932105,148,62
460617,558017,30,134
867169,929208,66,298
566059,547220,34,216
891647,451518,136,290
922955,47924,146,122
950697,249506,123,297
634677,776034,14,87
729053,477235,138,222
181403,41903,31,203
233246,515542,26,105
410222,410654,2,249
951830,195274,175,86
870431,479273,105,43
64965,374177,87,267
511536,990828,161,229
862383,945927,146,2
148388,392543,230,266
856776,280074,102,220
424263,814384,48,171
488515,709736,115,188
4626,570685,126,204
290418,755087,258,230
899829,984000,92,22
483436,287068,30,217
284988,654427,224,165
187335,783771,101,35
858005,21043,297,166
189524,106927,254,257
780753,876414,264,63
276051,47198,80,1
855299,608424,59,1
512272,475319,266,174
208012,582586,109,35
675272,126367,209,185
818088,859375,169,69
145484,728045,21,139
238865,802034,229,101
590356,756003,16,268
333323,469335,290,19
84843,206348,171,219
971622,382734,19,184
484944,317998,96,5
366863,170542,2,114
454319,318418,30,158
737946,356497,269,7
264283,437298,194,248
566977,78706,192,282
137034,965226,214,56
961027,645714,156,26
868363,683941,294,163
435867,940764,158,48
963561,748557,11,163
421300,211514,126,52
681539,483551,126,249
365206,193154,241,103
107930,97336,238,99
775653,81275,99,295
905345,744177,151,180
541985,732205,166,277
817461,994759,287,157
883539,893186,298,59
271611,87809,9,139
845811,107924,273,279
507361,335688,157,49
448519,386908,229,30
163156,45236,218,162
215724,612374,64,3
502946,807163,144,85
945357,366396,270,220
969088,466628,61,288
19954,279875,182,182
716941,396137,287,127
29646,553913,192,207
990276,248837,224,205
946215,662911,147,202
779236,596508,266,271
694761,312350,99,159
565493,551062,132,257
112985,739596,14,33
766355,204282,157,181
57935,420827,25,295
745653,558618,190,104
220086,157838,150,105
604512,648248,140,87
722777,923414,105,23
545272,238274,229,299
803241,327289,74,230
736130,142596,72,162
396734,356952,202,79
966337,641784,237,151
625217,964826,234,36
337233,257589,240,163
957393,7591,134,119
630850,957613,139,196
144126,473599,138,105
635476,362706,73,284
953099,988904,169,268
124069,20319,141,49
363852,290187,161,238
447907,81121,119,94
432707,625313,295,186
163479,3224,207,52
274215,898618,226,46
577854,485576,295,86
149893,835874,214,218
343893,622450,110,193
467641,350107,171,289
147485,493017,299,47
18007,561410,174,7
848022,834678,289,169
64776,801556,235,129
115749,807161,210,298
708711,123118,200,216
126483,920576,117,194
413537,154586,78,266
718665,263535,192,58
820618,283523,254,191
26108,228958,120,124
477562,891818,230,165
836021,352000,208,88
806783,696515,228,215
461374,140954,134,190
527578,170343,101,50
383806,790558,58,185
433756,363037,21,254
289605,306769,109,154
769308,299690,87,142
106917,762912,53,96
311552,7530,125,168
259480,676071,153,115
313096,425325,182,73
107766,746443,24,73
152909,92438,249,174
571603,207664,205,292
988265,175171,75,106
890860,372881,138,172
890777,453942,215,186
655270,392575,71,186
755433,486018,56,191
549751,429843,52,153
458495,118203,286,47
933910,618559,146,241
671262,919868,57,65
333894,549435,75,299
371613,640770,233,189
14927,3251,120,259
132859,510232,266,30
687039,480460,76,230
414111,28204,254,41
564879,59599,57,239
376154,230615,248,84
658696,497279,20,146
770340,72209,136,240
649875,273993,279,36
177608,59927,134,230
194844,625959,280,110
828733,443210,67,86
916807,118447,55,4
981734,106508,58,210
777884,51871,110,217
18558,39658,202,177
390246,28094,260,246
352938,686931,86,0
82936,168742,297,272
815528,465444,117,221
473937,762717,252,115
725002,336844,280,229
396639,717673,242,126
381995,492656,240,20
627061,555269,25,52
795602,440808,41,147
871959,579244,216,69
760042,172957,79,103
489971,951045,217,148
117994,784838,32,212
780755,929108,232,41
295985,55377,79,52
581358,453493,82,155
768022,175540,258,54
239268,204248,89,211
427580,50399,44,289
253157,594191,118,185
970438,138254,156,222
442384,822703,196,158
21429,676760,99,294
577367,114552,167,94
670543,743281,261,116
947240,333758,174,236
764659,25610,35,105
645695,946764,111,151
145987,411798,190,18
102062,230290,121,92
901780,29466,13,5
360308,736701,296,159
849422,15427,198,245
250704,66008,297,46
89395,523927,64,231
327725,3544,219,113
195148,590782,118,253
628771,821115,289,265
580288,914061,121,36
202,7812,253,195
837762,641828,283,146
969581,904350,2,211
909236,372529,255,63
546881,389751,114,149
52181,282309,86,123
414497,61505,278,151
563971,903601,21,271
81816,338582,18,63
294915,165646,39,229
167885,161898,257,221
80561,13982,69,174
923337,150575,214,90
46129,477799,276,230
131510,855485,102,201
558705,194847,219,151
206188,534781,200,6
107259,441993,13,281
20880,385056,150,26
636621,48683,234,148
169100,693968,294,182
824989,146345,195,104
508439,526362,95,124
277608,217945,4,196
242663,980937,85,48
466811,845534,155,13
659052,386641,10,210
129373,654063,218,186
546889,729449,50,117
105557,258270,265,98
480243,230686,267,296
893619,894534,190,185
13435,834559,230,134
967405,543938,116,127
93307,165099,183,54
320268,526391,259,294
378406,576815,61,55
557300,167424,0,209
298525,842185,158,155
494702,691549,21,250
426707,297416,156,42
998954,552982,51,230
418233,526353,283,191
26241,104476,177,127
463044,329763,115,161
384118,31554,198,45
832140,485821,101,225
388277,117907,216,111
899007,767614,168,223
736675,217169,24,30
515508,758035,1,24
504311,197489,245,191
702009,305694,132,109
375575,340075,84,93
157253,241237,91,159
663340,562052,90,295
360440,66801,221,222
490763,91574,280,30
117343,743800,72,0
574311,858752,112,29
344152,666583,186,239
602557,264535,183,140
609513,916916,93,45
708753,612111,160,70
842806,660149,28,296
792382,461788,149,114
186738,144244,227,38
246932,186442,228,123
170420,816560,202,135
135578,434818,14,240
799168,139512,235,193
514383,264306,283,259
828862,607667,146,283
387058,378152,99,263
904587,196587,59,110
943996,381576,28,154
37760,406483,79,222
593095,909382,223,276
15368,734225,149,164
32061,18730,73,58
215353,884262,282,199
990683,163312,40,226
554462,63575,297,217
413752,762941,217,229
683974,237481,229,147
12050,810790,181,12
206719,18167,247,24
135989,737687,270,138
152214,43463,277,262
103546,847936,117,220
971101,984662,289,185
965966,529784,252,11
929997,982062,230,202
327448,561038,167,222
557676,345743,238,268
74295,340252,85,7
689472,400439,195,172
375572,882549,29,218
393424,632650,159,22
900865,930509,180,76
18228,387966,221,5
121904,353685,171,249
128420,508083,112,58
63244,195705,63,225
789625,694010,24,221
655745,317723,195,17
496576,908328,129,265
785646,702865,67,14
941270,540424,41,279
257700,922555,124,243
311257,425817,252,251
703814,851407,233,5
76197,813707,71,20
685958,279956,230,229
248639,804092,45,31
23235,126909,264,267
892197,57875,114,100
178452,459978,170,208
359725,256572,263,154
714187,927125,45,207
19024,662806,77,15
754874,853161,151,37
991518,864716,154,231
361232,143321,195,101
403076,904616,4,47
955449,315741,270,296
699206,12887,11,182
271520,976505,227,124
55846,240112,277,146
512807,131527,266,29
772005,536565,228,199
503142,273602,90,98
622615,865872,51,188
420224,243370,11,9
637854,669374,86,78
683499,933059,183,240
997202,307463,184,60
152996,84750,193,159
649561,202381,141,79
559148,281546,135,24
535957,397428,226,171
119085,621699,220,176
451347,52665,233,51
588002,32695,155,14
697736,156727,280,121
106923,606191,79,176
865515,50943,53,144
878763,838454,149,260
406709,514849,48,171
962753,28993,228,216
863306,705577,81,44
886600,715330,66,35
870031,372598,61,133
434077,559929,187,142
825306,542088,242,149
976995,223761,197,229
965570,289766,269,137
718249,958174,131,235
347350,4911,290,300
104625,698971,260,287
139044,892005,60,84
630343,328538,189,234
495584,514548,157,164
804574,946042,68,249
974954,682155,141,154
535555,955735,136,232
794082,995142,37,239
402290,914343,183,160
967607,443137,114,62
626609,783721,51,249
999238,48020,174,268
743045,442372,153,12
472464,70296,258,261
893056,845945,140,115
458856,953086,278,286
274590,287877,52,286
398252,521023,47,53
874662,223241,222,150
68934,938601,149,72
247768,265474,40,111
503779,311318,146,267
253470,471881,5,213
813938,510029,5,69
221346,640591,177,31
244115,193735,6,116
543124,657700,291,75
722684,991906,188,255
627816,947685,123,31
238996,328458,87,258
764502,424594,294,173
612422,591753,286,35
33561,79955,243,197
508742,764797,282,42
284254,879491,41,50
698416,633908,220,131
838871,153663,132,222
757309,824068,9,187
580708,22430,67,183
908554,426544,144,230
416041,454963,249,24
389293,654739,120,218
393586,354824,123,30
737623,536139,231,22
690171,845207,146,74
757290,814514,198,106
636891,767128,91,296
857255,315099,16,9
849137,477440,5,229
277517,360817,181,211
133338,19834,262,210
529860,442074,249,57
70206,279736,139,283
424195,964215,161,255
282572,893407,183,181
966592,235783,224,9
205460,356151,102,262
910067,116736,213,8
522754,360610,271,274
7296,609402,180,174
735153,521589,93,45
657139,783020,197,284
624499,451740,271,136
206572,8156,94,288
883487,805520,20,294
152095,190762,300,66
23192,525142,236,226
814091,502527,170,31
991098,222191,65,186
594811,308197,20,251
989928,911399,252,130
560297,625149,176,298
170358,92291,234,183
924314,609300,95,19
345413,184661,80,203
295284,743894,195,265
782187,914248,268,145
550874,292357,15,48
664137,974778,5,31
889979,27153,235,79
408700,166483,49,158
89957,917903,290,49
454321,184612,282,152
637990,144530,300,171
392550,138540,54,237
474765,164801,17,257
266974,33192,7,52
213770,181278,81,242
97928,304258,297,32
416667,965182,190,97
126308,961494,244,294
552523,118052,195,185
27518,926375,37,51
885091,1268,78,170
283164,669739,175,211
909988,952724,260,43
930716,56768,36,209
991885,388005,8,221
687004,5804,57,4
276112,457187,292,268
499858,628403,199,38
807178,909229,144,155
460448,186046,94,93
640891,161861,145,213
507597,766159,82,21
42353,398027,172,59
710393,822091,272,271
57094,244444,267,199
294462,12739,121,290
877312,823307,129,195
711532,621343,190,258
711756,479797,28,18
99942,831959,70,267
174653,410561,64,153
75318,826390,201,61
438069,119471,214,78
698102,931359,159,137
706030,414410,165,39
642917,932708,43,109
852440,633996,229,213
811915,931842,159,231
868259,564921,256,194
957241,603127,232,46
149282,697580,178,201
54068,779390,160,42
320617,498745,249,295
589698,740854,111,279
580261,166097,260,6
466576,937043,194,248
218605,669237,263,13
999227,948475,16,211
367066,88518,293,225
358547,427619,154,35
358771,292486,38,151
122551,481096,3,205
600308,781969,274,36
924226,660346,49,62
885169,948778,138,103
364267,704580,273,155
118851,405343,45,231
396421,982953,272,97
765347,447907,33,177
472132,311216,238,276
452828,119331,300,107
96644,966947,35,97
461547,617833,210,208
813394,728953,107,52
454192,878734,243,127
861531,752396,90,29
841616,834522,282,122
172446,820761,298,287
309913,965546,150,218
58134,122175,186,206
371004,893895,99,64
578136,538212,150,54
135983,41862,296,11
307217,695564,236,167
620482,96952,275,190
474895,672572,32,0
932890,63654,174,289
441859,575696,183,300
365882,268826,140,34
347245,591389,8,298
278590,653356,35,186
131510,156104,90,68
730159,301990,269,112
161655,623358,84,90
388723,10185,217,203
449203,168930,187,263
214540,404437,31,169
444016,960479,166,217
824191,446190,13,148
631005,225775,186,169
991127,13659,224,100
834504,165531,38,42
532213,455267,105,220
158336,881097,238,276
655741,861545,269,76
447526,568527,287,111
208330,901533,17,52
779857,974592,99,17
134746,4381,174,179
149108,296626,109,70
2361,12066,129,61
768156,350957,249,53
35893,374634,193,202
19474,613045,202,161
552934,31282,185,8
775990,337953,4,11
60176,606514,74,274
747403,710825,132,293
334032,71316,283,206
866755,785030,177,271
612109,658903,292,89
557991,521181,276,11
224090,197328,257,68
850533,980109,68,9
121748,912132,128,94
473876,941288,172,75
903492,990094,53,77
415381,853810,149,6
483689,177655,191,72
994319,659655,65,285
26191,864213,265,111
663753,995806,139,269
990176,294498,263,104
647542,601598,220,42
865200,393232,119,94
547207,338785,72,88
49241,586086,289,48
538738,712263,59,103
698498,358326,200,138
592168,663954,113,132
914188,549792,195,100
475901,940331,176,232
623989,392321,286,166
563944,882936,114,189
79573,565721,166,168
316271,383240,242,164
486142,600509,244,107
650517,707428,251,263
670625,816784,285,177
64729,685306,197,119
283018,449548,122,177
138417,45353,193,298
680942,20326,285,1
471707,93314,95,178
866385,755165,285,128
847321,225088,73,59
823491,896728,113,184
313174,773214,90,114
11471,786923,260,123
298090,669968,193,52
162910,408587,88,49
261622,326050,74,31
429758,135904,271,152
333681,340914,241,176
441797,867057,66,130
454627,898266,272,215
203370,732601,217,260
788423,108312,280,217
82064,715411,203,165
129094,680905,176,271
568900,376223,25,71
218023,725885,16,245
331298,458289,154,59
292611,237420,120,29
324749,280610,220,100
554928,743292,198,208
637383,779184,266,263
643136,427768,157,82
389128,37728,252,260
716634,38435,196,79
997440,714024,7,94
98553,720802,253,120
744014,209947,290,66
608503,505522,4,189
188255,223388,106,161
654068,165819,232,238
719070,693368,163,289
821898,920113,139,48
20926,498837,276,25
199141,612683,130,202
937443,907731,161,134
542842,214996,163,280
102126,656688,268,23
92206,392867,32,61
182064,985834,202,265
187600,867445,297,30
965394,527605,159,258
544059,602305,192,87
81278,916098,118,224
17759,969034,277,105
275083,679978,81,116
521762,48140,87,262
817980,697785,214,129
512863,557090,144,200
680142,944699,72,191
381571,930642,161,157
509820,32664,228,200
14521,774889,120,243
202978,470482,143,278
435324,163197,227,292
260560,211823,217,279
932691,39032,97,127
455889,89360,217,104
550251,268204,202,24
20158,680858,206,160
362119,699106,113,73
866792,734544,295,13
854236,902900,220,259
327776,664640,224,46
3929,736837,75,103
51140,126880,173,169
577880,431124,161,250
332767,818982,90,248
250767,334052,60,249
785147,127335,176,130
400050,83660,23,129
85999,300256,53,158
939515,281791,185,16
624520,185519,116,248
320879,988543,164,102
7749,287401,163,241
942071,908908,261,299
767169,560188,200,294
586304,985255,282,217
669906,522753,149,227
617081,957509,13,129
930142,215823,234,277
330470,196679,158,53
205251,151545,241,80
12689,698826,197,117
29724,206964,251,253
198196,176307,120,189
547235,362678,174,124
404722,937866,227,293
502761,446039,255,11
898806,972548,13,8
413888,137447,177,0
814181,838630,77,298
719919,638790,99,182
560700,300366,291,27
55922,874058,108,286
832472,194253,134,213
950758,789617,258,0
135823,186676,12,173
949501,158691,58,293
141200,242366,287,230
231957,638997,191,218
58930,890421,269,13
618813,75444,41,273
889966,295592,130,278
663545,800263,166,114
346510,778640,192,298
698114,50034,218,246
384462,610564,106,218
477159,781370,154,193
618490,929539,84,213
122995,541592,8,50
790934,429276,276,202
209674,577550,23,66
257830,311803,292,95
716890,838205,65,217
783254,540535,27,228
461777,88382,119,117
763055,551701,92,273
549045,804558,297,103
853438,58805,249,233
961955,462097,244,48
22198,898465,82,1
973609,407795,55,214
424152,11209,238,182
241723,360528,155,289
708751,570100,106,292
624336,433792,10,267
698089,431938,149,251
420008,246541,135,31
877126,582497,89,276
427890,883963,18,210
214932,67245,130,160
660878,129494,185,147
47128,76255,251,260
992538,12648,182,13
701226,654506,234,71
137930,352877,140,294
604758,831540,89,223
29751,900703,252,158
404624,476747,2,173
961978,990260,17,282
772488,255317,28,166
62708,106748,274,3
782314,750036,223,62
150691,991621,129,291
768793,45004,105,33
892626,366085,2,186
756309,268482,62,102
414443,856322,207,38
198216,144661,296,184
604680,491332,257,198
593204,115904,52,266
910206,240928,72,128
953388,878993,248,168
846484,925399,123,167
998635,65621,226,296
254359,88468,150,292
787944,880056,93,259
399747,510888,239,210
635022,633481,185,193
568458,624973,263,15
352759,82431,154,290
417155,668170,38,268
392462,174422,116,245
840253,756645,230,155
522,349764,205,175
200116,935498,235,126
804346,476392,269,50
705607,368613,202,190
984855,282735,255,34
746861,610947,1,71
52123,654110,289,266
73955,716370,154,202
576131,990948,96,124
393954,560255,283,196
987029,818290,255,298
824114,43863,250,198
675223,399345,152,66
929436,370047,283,113
455095,4620,221,223
638766,178940,206,61
283590,420212,257,132
56379,693545,11,161
521489,959089,111,268
889359,742095,30,167
692215,557898,219,104
841990,279520,294,273
450841,12362,288,104
241356,89519,285,211
609233,988921,158,125
172755,846999,221,266
930412,782360,119,85
604361,752226,140,266
422266,952904,155,8
518745,279664,151,264
212414,972610,61,254
697981,109875,169,263
849051,482479,232,89
535253,253437,81,162
838293,16323,89,270
455726,472966,84,294
200029,6596,298,275
770307,548861,161,56
410731,539182,278,125
998558,221275,266,82
979800,127278,18,170
992173,905810,20,175
201433,349253,273,176
720315,237368,290,213
771911,290199,80,264
827787,749536,292,112
896435,204932,30,114
315668,720469,105,234
536190,411312,143,260
73669,74167,3,107
948913,828319,13,172
753526,712350,104,28
585751,392104,3,192
300009,839240,251,256
864220,399396,191,142
332674,470790,82,122
449839,117722,89,80
993802,775439,56,200
629708,278786,72,126
984378,654976,237,43
128455,893440,60,43
317534,781413,86,73
804098,417282,182,78
81965,817259,213,252
957052,606818,234,173
71612,472371,214,48
20850,417073,142,46
541383,601292,221,3
478295,72864,158,124
314743,954370,257,186
353522,611966,158,70
149415,595568,181,241
187742,775474,6,86
228554,845395,40,84
373299,909338,272,150
781658,982573,105,90
78095,36090,293,245
534050,597731,138,240
524222,569864,191,27
958117,531697,74,249
839756,285486,205,5
643977,507721,159,147
293086,2314,238,126
424562,827971,22,49
889018,784244,267,159
132098,657590,23,201
232360,702536,258,177
638258,387756,217,108
30045,784032,247,78
331365,27590,42,247
26473,142166,103,253
975929,823273,171,251
297060,863963,243,234
374188,653805,248,127
375593,860817,270,85
373464,572608,7,195
718505,691601,265,237
285083,6868,71,184
847804,320884,66,197
153740,648938,6,126
433890,921010,96,255
154303,167887,123,221
27019,690819,71,53
105899,393131,165,297
48800,536185,39,277
985216,973509,0,129
253200,656957,236,58
103309,93215,296,234
870427,868066,257,41
831748,742216,199,15
561720,740957,172,173
430398,915110,189,181
412947,284123,99,131
252094,482558,225,233
612952,245657,298,111
617273,815913,85,268
405925,172667,211,170
191596,39992,57,298
622234,167267,136,254
277363,281636,189,288
126779,325849,239,153
507474,410692,221,49
472216,60433,207,294
551885,967952,63,91
258926,359895,2,288
804883,747634,263,179
592678,451479,172,74
497818,255349,9,133
618945,504539,73,192
982665,728515,25,104
319650,638467,29,269
64801,326748,54,9
106677,151090,239,53
690453,131829,36,265
515534,158842,45,78
210660,685159,111,50
561002,153295,246,200
337363,830197,5,106
835176,94376,180,62
620119,646325,264,33
473683,742364,94,208
992002,240800,102,67
181176,217713,221,58
62842,483525,253,264
232175,641641,25,70
201771,422293,217,173
38769,247027,165,286
896520,83536,252,36
63251,385359,64,127
232016,509603,254,208
896460,949053,240,51
101747,518849,16,153
481620,181540,40,88
921451,552641,201,225
379537,325395,40,39
615952,796487,93,135
305151,93600,102,9
364583,643498,86,30
796548,705731,283,66
743557,486438,20,70
374839,309409,42,43
121263,311157,33,190
573020,250502,162,285
996805,266844,34,85
389071,990498,194,73
527031,355183,151,71
40035,819076,211,8
588279,769735,215,191
750677,395727,59,226
639593,300441,53,25
969015,996029,299,5
214679,988845,81,13
132360,778806,9,108
812987,47428,72,270
167092,382004,144,102
189521,426037,26,147
370193,776555,145,159
507928,362595,97,244
206650,469350,205,295
100757,366024,114,81
841472,26201,179,112
417861,865274,3,190
52630,399264,77,201
283923,104588,83,59
704628,339783,131,284
371361,368806,104,96
946150,28198,274,101
555075,717005,90,64
921923,622739,135,115
19369,491229,112,70
933209,994271,226,14
821915,704691,65,176
435444,568809,154,179
586887,241205,69,115
85029,390110,236,267
46644,439503,78,258
669431,478117,105,51
6551,191537,210,197
444352,210954,181,187
458337,590428,88,292
853744,599564,294,75
328447,151675,39,98
229813,837306,44,187
819271,689220,86,89
603162,932317,117,171
334977,213807,228,231
438294,632000,269,230
239765,446956,71,285
679099,954312,25,244
794876,290972,92,245
943066,748313,57,64
820553,173185,202,207
716600,35927,20,240
790070,282183,147,15
443321,449212,213,57
728452,145265,148,122
811027,197253,158,290
505365,943197,50,33
812737,890325,200,278
315116,740156,278,38
252314,141042,34,102
192191,944221,36,8
68489,615528,191,106
541106,945802,276,64
379680,951166,44,108
904444,981592,121,257
760241,377258,240,290
30711,959781,30,89
35342,804873,25,288
969360,108769,219,130
26476,88211,32,220
501198,512239,21,84
358124,555968,55,187
798564,467503,159,106
926487,680883,228,248
252665,535342,227,186
709494,265845,203,34
759746,937586,236,247
846584,985787,89,202
594760,41404,41,201
197466,948431,189,167
233357,638934,7,292
63553,145363,165,289
434244,539651,283,62
680821,123816,295,191
63767,643514,139,297
58570,704475,273,35
981956,146788,300,221
626441,693447,51,109
891312,594483,130,293
546807,720143,129,86
255492,571960,294,292
198601,325457,252,13
817294,362074,19,190
40455,243728,3,137
769249,234345,263,14
19455,802801,226,22
167224,359159,161,245
672618,335285,111,0
465477,968438,73,101
209935,337943,142,45
813914,609253,81,119
752387,622725,241,135
405804,987544,24,136
322916,985349,102,127
45004,795225,140,223
69229,974809,43,280
686989,397949,151,220
201114,61958,130,296
616143,200915,206,126
204917,222680,186,131
36111,673162,285,280
606669,668131,52,89
761188,517486,45,185
930579,723045,143,167
495385,272371,293,295
988222,276136,20,265
489161,91869,124,294
854934,708415,83,256
696461,955711,125,10
993584,925712,194,52
884595,955278,37,138
614837,481525,33,285
630726,214100,117,226
651700,679785,216,147
873361,587931,138,202
989595,409352,278,153
329621,631807,38,253
888558,284638,57,198
704309,712642,9,46
810542,568678,31,164
826404,183491,32,5
244515,324871,3,271
292782,208030,260,165
766720,77323,171,75
133412,312206,31,269
412867,541299,0,240
239313,119366,60,239
373918,273624,7,126
996576,507991,115,298
547065,292829,199,93
21231,208529,210,63
258579,828976,185,211
134748,750017,94,69
840711,221180,174,252
441612,459962,109,27
18735,590253,220,3
809579,310141,92,127
279512,109263,162,198
17607,220613,55,69
8318,42010,3,50
780633,491225,60,31
50487,912741,198,214
413691,282097,57,278
539501,237518,211,41
112060,119692,267,25
795518,425071,278,192
832499,475995,206,63
739798,133402,249,257
547863,573035,272,174
554699,818413,281,226
369486,168189,66,98
776722,746452,267,132
992398,634521,154,146
99599,866538,245,258
940459,621273,37,27
398872,376608,9,125
992752,895955,234,235
260641,540257,123,259
763171,556540,143,175
758684,934581,201,231
941369,766659,88,89
902708,474645,81,197
647556,231655,209,68
59362,11820,42,121
241330,479911,96,139
380303,247192,167,60
320240,969953,32,163
879224,393482,192,164
255876,616744,211,51
838704,419429,41,268
532582,312600,64,113
96073,750305,206,172
439486,632731,181,19
292136,909916,136,14
425644,219772,143,43
898516,97845,267,171
47899,933913,156,70
982839,530271,169,228
80980,258362,47,290
719020,517689,245,195
726685,173020,9,121
456171,546269,244,259
156339,113396,115,79
446517,716649,47,2
162828,514210,254,66
873924,873589,15,5
485153,861554,59,292
584192,862999,128,249
719314,445253,274,39
322314,11577,93,77
318917,488506,36,79
460512,597905,186,184
923071,17083,98,298
882784,447542,260,49
136534,444437,164,122
150458,390575,218,50
985635,894553,209,188
518999,311160,217,43
128699,324278,138,174
86065,59277,295,28
704003,349353,225,92
47334,69899,235,102
10817,78968,3,46
957281,511588,229,167
432974,872560,291,64
704150,985842,44,271
559318,92367,15,132
865046,302811,114,74
205142,23231,31,104
439185,133452,208,266
341521,590009,157,158
831848,867283,180,270
745445,401097,128,205
759703,923401,262,24
687139,460492,104,147
260159,140058,141,204
554144,557628,164,252
485843,773050,139,168
415663,252560,58,157
67352,885097,51,181
160121,956931,183,32
671580,62479,30,240
978749,331412,223,156
337670,694675,183,77
566274,219368,114,294
994593,533574,262,23
471867,570344,184,190
878436,36555,151,3
116424,968695,86,211
911489,444026,194,223
707380,809995,53,84
472252,272310,12,108
610731,73285,251,228
332365,426516,148,26
623978,943377,120,38
504074,384180,98,278
718361,903581,283,9
440667,722544,251,75
41766,54012,286,16
285636,290747,48,276
695985,455530,227,10
996867,795522,149,86
22267,757053,248,265
986763,738856,68,57
530611,694503,148,17
503446,370287,261,298
822365,245780,38,232
708277,356096,212,113
560452,592776,235,9
167184,476203,178,35
524567,648702,169,118
397879,614509,263,294
514352,693887,164,94
964201,161097,47,230
799876,297608,77,27
893638,745907,88,264
949499,652440,49,280
466121,421069,278,26
886412,427327,152,262
592639,731077,103,198
209778,292591,218,9
748771,394577,43,202
794441,82046,218,141
663552,24796,41,150
231861,18891,110,141
193530,957994,68,219
714222,944943,288,215
517538,326217,8,289
413197,929943,247,211
76863,682402,294,243
546279,696704,95,208
223908,905270,60,103
571568,609279,157,75
478859,704593,80,10
451850,487230,102,144
721108,872454,44,102
390795,25090,165,165
495964,513092,251,243
512219,930615,79,202
523076,228535,76,234
919325,517356,268,75
553775,339836,24,56
666923,247196,39,272
226815,948305,202,72
650277,90751,249,294
407057,629004,36,37
848054,185698,222,36
737476,497368,73,121
805654,765093,89,201
922468,650782,255,163
90691,868535,191,224
554111,181955,266,229
406107,599010,45,193
337138,547808,165,220
770933,791624,36,86
582482,25783,51,8
965683,532097,238,115
561703,971473,206,68
822952,297458,251,292
821448,257587,246,170
132727,534,26,80
214089,494526,159,217
432414,235181,145,180
463810,207389,91,17
839048,826322,4,297
286364,943621,283,105
626198,822009,10,212
740642,304127,217,292
220906,435194,20,103
665725,627539,199,212
211159,955533,178,111
765532,769454,272,63
608527,740788,144,193
516159,215867,110,55
905937,172837,99,212
636297,779802,276,47
532951,275757,216,60
346497,172586,231,280
588409,221487,127,54
646827,648529,41,167
858816,793305,283,73
342945,296950,261,171
900832,614057,115,272
495500,69895,244,151
829252,412862,295,235
922906,960176,253,119
5090,245229,285,278
297580,184331,262,58
702104,621289,236,212
589443,48336,275,184
180356,452895,266,185
927697,846539,295,221
919860,643807,138,207
719561,678515,0,276
579500,531822,128,55
55365,436322,262,148
12999,159599,6,269
474627,111122,292,156
52148,821489,184,57
422069,650068,97,190
977694,983075,103,166
441465,578019,47,141
638799,60561,109,142
746270,996700,128,11
69791,488970,240,274
243,871010,193,158
857819,694024,148,258
917943,715498,228,88
619483,580666,270,268
319290,182871,206,155
643279,962471,46,219
342673,723171,284,211
16764,578637,154,223
208681,537453,156,186
588339,88791,188,115
10079,405084,69,54
954585,674195,47,183
488275,252302,158,114
663380,74479,194,125
404964,531969,56,151
610014,699693,133,75
111562,170441,8,274
341194,675099,278,128
310724,164997,151,164
794185,647765,215,83
345866,500956,194,208
226068,46100,279,68
457728,651473,161,94
894726,351488,181,241
471222,880318,28,198
440833,938865,156,79
17247,36618,109,25
912867,283317,109,140
253233,283499,99,141
593515,43563,296,43
721667,224024,4,256
755003,839780,90,269
946993,7751,19,211
174326,548770,99,161
819471,819537,9,55
949704,271658,169,28
610614,515944,211,157
352850,484702,130,41
909484,298038,223,126
760375,990596,266,208
152496,545969,120,254
55035,566382,189,272
668956,848538,119,267
566638,379514,91,52
67288,534311,23,179
203754,81574,166,266
553325,179844,17,288
999783,870994,143,185
411610,332548,270,241
738353,857826,247,22
937982,469788,248,237
566574,740149,96,287
91773,811368,214,31
641465,797271,261,184
373336,37973,289,0
648777,838847,97,251
837033,904880,68,272
558851,68647,194,290
258801,280307,224,112
240066,209450,131,271
84503,491423,56,262
730247,372473,293,83
409132,897626,33,192
643001,441752,211,156
194629,772531,90,139
828228,796481,207,214
307504,610444,22,265
959533,183252,99,235
356278,586184,29,258
827390,87125,229,50
527982,62846,248,99
711498,674742,60,201
198054,362577,269,29
709579,323927,292,212
386432,768478,16,25
799694,527283,286,169
972532,348715,16,287
562398,987820,44,13
36940,715708,149,70
900183,477445,185,95
858066,819363,249,142
523399,909911,20,139
711407,360239,79,286
307253,415856,68,3
661792,238863,140,43
423930,277811,136,9
798193,859756,257,69
278434,99852,115,19
475880,806447,110,66
665696,847898,270,184
76393,206874,116,257
996277,329181,67,135
401923,984946,287,200
573282,449415,130,43
226005,102234,271,104
920853,679230,32,300
815682,5067,48,47
428494,180667,140,262
761139,639143,217,85
67842,436970,71,185
864845,661124,283,279
121168,92544,79,47
32593,84849,153,145
768853,112336,177,287
418283,345738,227,210
822602,929177,252,95
736837,909198,10,26
807275,475383,246,218
47114,522703,201,265
41641,222079,242,133
84614,550971,21,3
678547,28150,294,120
827126,135137,246,46
102633,215702,17,257
772424,476434,30,183
117228,447164,60,99
988711,866322,238,110
238470,741518,85,204
974579,898734,138,103
368340,323055,56,127
44441,671044,183,209
636480,472444,256,272
668079,85304,269,271
97522,917725,142,145
987642,290045,223,235
501526,445589,187,211
763936,409802,26,179
425937,694640,233,239
829016,384091,62,239
390373,79227,251,47
345403,246880,18,287
333494,348461,221,187
878181,38484,100,159
209087,437253,253,106
726131,922779,174,68
717246,514183,43,70
838376,561584,199,242
26371,80678,236,281
408048,647111,192,156
4340,527666,24,122
833013,54730,107,277
185463,39344,279,239
531284,607958,94,284
600540,321569,80,41
676927,914047,167,38
448917,685025,143,227
495251,615726,16,105
980253,768307,201,266
627318,322746,123,87
99995,263007,123,132
8933,823958,33,296
297665,42770,58,292
983693,373887,1,180
553152,176241,188,30
105547,970406,91,29
407879,6120,68,213
801224,222292,150,29
864723,531923,35,20
510305,465285,271,219
317182,616075,113,80
509287,945155,49,27
637207,493434,129,76
685516,612540,155,141
47401,536667,170,61
833556,947376,141,1
885236,158422,73,61
924983,13732,222,252
267617,50906,207,153
392490,311360,197,35
703328,618576,122,66
243704,528138,227,249
263614,452090,237,275
368574,487721,99,178
20175,451166,88,198
987014,889079,19,275
483,628474,66,182
853556,822619,205,51
94220,333141,173,154
366143,275426,232,42
283494,945891,214,105
408207,10484,290,141
718185,331206,163,103
963996,442805,38,222
55227,413613,109,257
312711,405251,157,120
578869,971855,112,276
175906,772859,281,19
398370,737506,191,288
946314,514402,230,26
637511,704227,286,11
263437,78015,76,205
299988,345393,148,143
163901,328293,111,160
455994,376743,105,88
766846,580895,90,256
960197,279682,161,298
774120,439420,298,26
305328,772488,246,192
193054,76142,198,134
697002,835103,140,11
766139,213737,63,267
806283,651516,64,79
81208,253296,172,193
787410,895560,58,146
770772,668096,167,84
181333,706815,231,184
99857,824964,81,44
881652,748858,114,180
16706,217027,111,9
700261,1408,271,41
759420,590224,28,75
337131,715238,10,286
685128,571824,227,247
803698,427042,258,67
87377,839360,290,21
173497,630173,139,120
759270,466756,236,142
42717,757084,100,77
347894,827813,143,18
29115,432907,133,221
89819,946603,187,300
161766,150,76,204
957540,285844,35,126
124214,964125,211,170
354763,590600,93,202
672156,130127,129,141
812914,477345,15,259
453670,994053,86,214
857126,243321,269,286
75248,907899,126,55
427327,664449,129,143
48239,885524,185,299
858206,636492,124,163
38491,835349,297,277
426261,588655,197,34
634903,265020,263,203
745013,699189,210,233
800233,173225,165,237
33976,455256,117,95
281281,934634,119,27
221766,881957,161,89
568895,753521,30,205
850240,650670,5,276
124458,13678,127,292
128627,964280,197,82
469705,879902,5,147
457245,130809,9,154
28387,681616,211,164
150125,243294,245,161
657652,761549,76,122
111683,590308,188,77
415395,588886,121,216
58032,606220,148,53
608708,674671,298,121
524161,165733,48,112
703169,996837,293,142
770047,892741,180,271
37501,635384,280,150
225713,523994,2,42
505893,888138,19,254
208572,422803,182,68
103185,454443,21,44
140309,467817,99,138
643716,486555,108,239
538260,450110,164,44
87968,402969,140,1
165944,138574,215,145
584991,930976,275,206
4971,384759,161,121
735046,265891,5,254
904555,99946,222,39
375284,996590,125,13
769632,837617,73,7
947089,848850,270,43
217261,445871,220,216
767214,873994,130,60
336109,984335,109,88
146717,797582,219,73
485874,610983,38,241
685219,366258,215,102
501477,76660,59,106
265473,702575,171,155
734507,154834,242,201
557159,542057,26,266
263682,413548,173,142
829865,60233,95,51
172602,182631,149,224
722729,737998,65,2
404244,587780,284,120
755122,193821,119,79
485934,155794,158,249
269646,232375,42,269
315515,344059,201,271
347357,476071,156,180
1133,489368,104,235
463024,201636,56,110
579508,26291,161,70
318160,105742,50,159
177534,500573,68,84
12720,462864,124,238
148636,991619,183,265
317499,528725,4,283
926648,241771,242,38
848605,251381,0,85
816550,780630,244,10
201012,793646,48,236
999510,731263,130,233
890935,700260,9,23
942075,636459,285,236
751787,213979,234,209
711988,796146,116,55
740327,803064,17,108
743597,264142,300,90
492881,950478,110,148
67379,727272,95,140
171702,29884,203,223
52940,276164,168,155
482547,550745,292,106
363906,434291,192,292
453374,694023,238,278
320414,309792,179,257
29055,298686,258,146
641011,277000,261,216
610407,670032,156,290
640430,549513,3,212
708717,543294,242,156
560614,756211,67,297
598796,851615,142,38
53797,191925,293,118
834100,253342,189,118
293031,931690,89,52
223956,525386,272,219
65896,288710,61,3
198323,893694,34,95
310003,831348,206,262
789586,276407,136,204
530039,586334,184,289
169286,352656,216,238
235372,751106,173,173
476179,4593,174,252
721871,288409,227,183
265066,721607,115,21
333389,204767,116,268
604909,47582,83,94
514059,908498,264,141
647644,886439,258,168
497658,171350,253,38
980615,646701,213,202
995420,547980,62,211
506817,904787,204,96
874931,385772,57,77
674413,837297,167,115
425228,604329,182,168
546261,374338,252,253
746878,653055,111,213
21690,479855,227,26
474499,271988,212,20
798770,657816,288,51
356948,891121,292,139
134921,136833,149,4
99824,879188,39,18
577404,912372,170,254
853650,777575,200,129
152795,120575,252,225
14906,154062,153,241
653795,110159,177,182
515977,290180,202,31
179864,214426,300,45
661096,782701,117,191
116891,254429,134,248
888296,999596,298,83
569860,996322,243,132
326530,112768,71,72
956901,462993,234,288
742387,621220,98,98
560302,306491,67,143
483179,397091,281,10
855108,618646,10,187
111582,458473,156,155
993666,8524,231,68
515840,327365,126,79
645161,221185,289,78
522802,514379,8,153
649404,402303,217,229
787874,744221,81,230
181587,758012,74,171
492601,169251,271,72
805927,729035,203,172
609220,328188,36,174
326907,582127,74,122
883132,323830,280,287
459180,641175,45,181
416696,800525,292,32
886229,118804,251,37
942130,172300,55,18
763337,219385,48,224
922008,13211,202,70
48839,499526,200,121
69545,667925,81,294
939978,14465,68,226
65560,58516,159,218
365123,708757,190,14
682824,271863,173,21
242013,497739,155,242
842671,685691,205,84
870517,457551,278,113
847715,188314,200,81
728075,146082,209,241
42515,151817,164,178
937178,717862,237,53
293214,13251,211,185
135520,770441,6,136
482042,753755,100,10
87952,774989,249,283
560999,45720,190,64
752443,939996,185,234
805761,30752,169,199
173681,561827,20,253
999315,70121,105,165
680631,203178,237,137
725060,296852,225,237
21317,856639,138,66
855396,112548,43,244
871835,899551,156,299
412148,979761,156,75
939794,683060,37,268
92979,567976,263,270
480306,656954,247,166
516733,337737,0,73
114827,241271,140,7
589835,290879,106,208
334577,2281,25,226
986890,657388,294,100
849334,134699,122,65
390006,484465,203,116
290168,336221,158,251
475786,214866,235,183
947246,750346,286,84
149969,679070,241,240
878564,467354,27,212
379462,612637,188,206
641499,667730,188,23
25258,753574,255,141
337704,504669,136,273
578719,629284,294,176
502159,885827,9,289
833614,828847,110,150
809749,953127,289,133
13024,942407,157,52
340887,549465,262,183
440916,92260,202,135
509090,843124,127,124
236604,123307,216,148
771289,149221,196,221
524777,946460,148,252
847636,217618,227,295
104390,830154,170,104
242441,395290,76,89
9227,608548,97,10
627288,99382,269,184
150757,34119,84,9
777162,575882,99,194
79124,181862,264,212
984005,731530,16,243
898752,710180,56,122
98720,233480,234,147
770682,266850,113,131
571008,874190,154,89
331139,696204,125,148
385072,626293,201,161
849925,334689,22,295
743253,902786,211,260
227674,21758,17,27
253930,505917,193,72
906231,205044,166,240
199876,909678,282,28
841520,687642,242,259
778830,325741,251,115
114199,893794,200,40
793739,674299,85,237
963514,399408,250,299
41077,343452,232,27
896006,404704,175,22
764896,877026,133,289
724469,405228,68,58
175401,448300,225,174
492770,567954,289,119
423515,346364,272,155
737370,782779,286,172
925804,668886,115,115
864270,392595,162,196
304424,159427,132,164
147363,547411,218,256
107494,712776,165,128
788396,633173,237,215
824897,450750,214,265
94863,887250,69,285
861954,310644,239,25
326001,14372,162,179
67973,208431,80,298
335152,621009,247,72
230241,731589,97,210
906052,516742,80,180
119050,20002,136,43
730134,729796,161,224
359169,523216,292,235
139016,40136,284,116
712499,303485,101,142
856149,460043,134,242
567623,292940,192,50
233830,93883,136,270
841912,105025,89,127
365908,112030,214,48
147494,299833,196,44
531565,510623,144,78
87058,600313,115,91
592540,212129,80,232
579361,68216,57,272
147761,704665,224,52
304601,341991,188,104
730120,293464,67,81
255533,786489,86,24
186369,863441,16,211
739535,553638,227,65
326809,506024,206,98
726063,174896,7,261
661530,385654,28,24
252725,222039,65,227
538453,544825,293,44
670090,210327,30,158
392702,838456,28,104
856561,50816,209,21
417872,397816,194,102
903071,268514,136,210
810970,662341,273,290
60880,223799,76,262
314831,12552,276,235
907234,949768,38,238
930807,483021,21,148
200680,710774,211,203
542201,432446,26,221
579069,876044,89,107
684039,580679,177,115
445090,169707,186,61
425152,457900,69,235
366310,586433,15,66
648245,679727,23,228
955526,60220,173,49
906682,914577,173,296
272855,335807,20,210
61512,175246,46,48
484574,233010,61,234
706637,779402,275,97
400186,487616,80,212
364743,555312,284,277
3014,820159,180,228
635964,61690,284,237
27460,845530,118,275
817302,808644,24,289
653254,692188,48,258
282684,629370,90,257
135719,842138,190,290
107592,417607,74,262
24423,224483,167,267
473718,408505,99,53
582082,961234,258,220
805557,947087,114,97
148360,469573,177,290
161653,230672,75,221
49892,837358,38,284
36792,99141,30,94
716,32472,286,167
562416,771253,259,179
488526,52028,114,293
855005,808548,174,46
226108,870293,201,34
90768,745610,275,203
603075,712667,202,297
812172,562723,145,147
66655,364551,121,187
476099,633733,186,189
354028,979116,176,146
893005,269206,288,141
129179,635472,258,124
770388,44477,197,278
189542,60733,223,186
287266,890290,276,80
928377,197715,143,258
432078,344318,177,9
303682,674207,136,139
761976,336034,204,146
582769,360636,123,190
313302,960683,38,241
365224,343986,68,55
632355,399652,154,130
253997,516239,109,300
777872,799903,139,164
697395,911699,252,173
314644,850129,65,227
445897,672177,221,153
255064,689755,268,21
492371,233838,19,161
516610,274078,284,167
635525,293253,157,188
62086,172267,101,130
637979,387822,151,197
985966,484220,138,253
33137,210254,207,72
97604,357868,154,239
874448,662655,196,246
101988,119216,223,151
253369,934218,67,148
767458,936926,166,77
811941,912703,199,32
80179,6750,105,45
831413,120251,266,28
392146,392936,9,105
32154,646050,265,281
426352,379019,34,235
379557,715406,176,235
29161,455273,269,75
193176,833896,79,214
612279,294525,270,131
424864,555118,257,63
67086,404377,71,68
286055,772344,249,197
103725,661573,8,23
236567,186484,24,212
815863,510478,206,115
37662,895854,237,148
959466,850949,84,160
909887,156009,140,226
261920,788963,144,223
458034,492431,253,53
514130,735665,163,144
468672,724170,266,276
546929,909888,195,265
4698,257794,279,163
189756,230107,145,232
172612,544045,29,4
836503,157186,228,39
811605,992655,93,194
504708,537632,202,287
417043,884149,31,153
995815,286474,268,177
108073,31865,150,244
18122,726142,99,41
252232,290780,161,211
838056,461280,200,149
22167,735686,145,169
64201,534629,145,293
198782,665877,163,204
429437,544291,99,274
936307,222296,269,161
319453,44845,75,83
863496,827808,255,200
599946,789111,155,268
114990,734626,90,241
160572,914476,236,70
76280,282080,196,254
889331,565210,67,176
839877,94587,232,165
739742,843960,146,244
142107,930436,271,157
187600,727897,14,151
59075,129003,251,225
909634,908230,125,98
692875,943619,94,16
428980,385401,38,194
428994,997836,122,231
807936,788855,191,135
308963,867421,229,246
271250,497349,150,153
933731,479693,124,143
354544,867588,147,278
816225,285886,110,251
51215,612918,232,14
617639,732631,102,3
956008,376893,294,216
681196,997216,8,59
685605,7329,260,10
707794,866671,4,84
388175,471450,265,293
430639,295442,294,8
687447,883018,177,27
694479,778193,9,29
835638,190529,181,258
88005,570283,285,193
456283,629447,88,245
471604,640718,46,90
444977,465991,283,173
638425,870972,275,160
279522,353851,15,228
439201,641233,133,225
112536,983467,13,282
695,301870,123,124
787263,131577,266,21
470817,714642,258,217
846390,331333,216,125
791539,137593,10,52
331853,293162,194,69
268451,557667,218,66
277689,595875,36,122
978144,919172,17,153
891117,401841,197,8
30544,133394,143,221
874105,596036,19,131
635238,26253,151,214
277981,845509,86,2
449800,847411,44,244
42310,387901,291,43
352231,509004,173,293
808874,413810,236,30
39396,508213,279,217
898853,410003,92,210
579763,356622,47,56
567736,547519,262,256
2972,439584,255,175
244704,498132,32,2
844847,477082,180,144
277704,905583,198,50
660087,632846,188,57
681736,566773,119,141
701964,125589,3,92
31202,527590,132,188
992570,643882,15,53
799206,455052,203,45
715977,261048,263,126
32614,754921,92,133
38559,849107,198,81
397821,796637,161,124
665078,191132,37,28
320727,239136,33,238
651555,678092,118,28
360862,880564,211,37
92966,300079,107,72
115161,312324,288,229
236923,913685,108,177
783738,977244,97,246
294706,447954,32,61
518929,870314,66,161
674882,217190,223,31
249511,433785,125,216
633031,39619,154,65
54795,751993,136,287
162335,846573,84,38
25203,979621,111,290
891239,292680,87,54
17948,338236,255,40
776943,333517,278,285
725208,344977,207,36
383344,778853,236,78
46554,75658,29,7
890626,597507,238,288
726084,304521,161,294
705574,809613,55,31
481644,349786,73,150
211641,776197,246,223
654350,922887,241,86
552850,848574,189,156
725945,39259,78,193
56292,206961,252,207
959070,734573,162,281
208608,100843,123,178
13620,659692,148,47
614733,217292,171,77
816812,984490,126,294
999049,338082,298,4
297777,742124,237,279
661057,842252,173,245
882406,159556,293,21
185859,82247,221,66
725103,201867,15,11
537693,827894,111,248
685707,592614,72,242
319490,996440,147,205
754742,872013,103,6
907786,665262,171,128
521705,867836,261,145
756249,391008,147,214
57445,632275,7,112
168870,537906,298,102
646590,342025,119,96
508978,487093,293,160
188867,116320,149,221
581784,430178,58,256
971356,444015,38,234
857038,626945,279,162
749498,867468,95,180
772039,840977,220,199
872186,966611,187,191
53534,629904,217,57
553349,660959,9,282
38347,833219,293,283
764795,250581,166,3
886318,698466,93,81
263101,958860,69,211
733324,992157,106,115
900412,620151,227,237
223319,480317,145,201
702536,189459,68,147
109216,693626,200,14
361667,111315,115,71
710441,131708,218,66
984545,543422,151,26
387418,298909,190,236
256261,747201,19,141
302126,190599,66,37
387776,544218,9,41
386008,809040,64,11
178902,713784,138,87
223649,929622,54,52
636157,980103,267,96
113860,794897,219,182
50931,334508,245,4
392552,323219,235,81
347711,382666,88,246
75069,605388,274,101
213203,825467,275,47
223396,561854,79,185
351002,585160,95,51
864082,183345,55,288
539133,10905,4,248
576076,662736,229,139
372820,319919,240,145
31796,619774,90,136
963777,756403,94,45
826352,338169,122,205
218293,378348,10,117
428020,905977,37,277
144814,46021,227,257
341084,490307,213,266
290683,400132,119,246
599863,24313,146,133
819680,682093,51,219
615578,338351,164,174
529601,461448,8,243
51148,538346,14,27
551486,342339,108,228
414871,264476,204,5
965803,224211,283,108
689557,952456,208,281
478208,59770,211,6
659125,867248,10,214
823925,768620,124,206
267929,848419,1,29
152921,290073,216,116
378542,221764,136,11
823976,132365,51,202
111155,88139,21,139
695872,610548,132,104
825935,264080,208,279
692924,252619,112,285
727996,460146,157,33
543209,558368,66,51
153190,928904,3,6
889073,847747,222,238
298074,42467,286,198
88674,691596,269,0
315971,310142,203,296
414729,582536,52,20
440763,546055,155,145
669748,917695,226,53
790879,321889,164,209
630985,134835,139,217
453830,588292,209,165
832618,327885,197,282
420639,536372,234,298
241749,865563,268,88
194181,320474,14,265
836890,141885,18,228
990752,948649,245,173
836356,687104,182,142
942177,994361,165,89
987203,219449,69,238
508396,999942,31,97
6058,781601,187,190
731254,496749,90,284
81271,347085,205,270
46008,976149,200,257
869968,643725,31,17
710378,996916,32,104
263553,722601,97,22
933009,130215,21,101
969355,229001,94,17
384288,998681,222,5
51689,784473,72,88
272834,506381,252,258
139296,403244,186,194
780952,312446,154,35
952774,443707,196,10
602961,91509,223,166
659564,345954,115,69
947003,665602,269,254
3234,368801,199,59
573840,794681,18,67
76469,727402,246,183
107983,810932,63,206
680289,855047,56,90
161626,586961,200,51
871779,224141,148,43
310064,586823,149,62
413136,845884,98,125
425243,887467,149,64
233345,828793,259,43
989112,621919,261,12
984576,56892,109,103
181709,859534,11,72
134445,964160,206,204
873947,455480,135,290
881741,872504,105,134
827769,224468,289,222
296241,925353,33,231
60628,567801,234,101
942589,705055,268,13
86418,982845,280,19
315906,404563,50,123
467810,318503,193,196
698447,179182,134,124
892914,675992,167,40
438590,75403,227,97
73580,756762,251,258
833338,723085,54,116
924196,159549,120,167
975753,818056,8,43
643753,818421,210,269
447521,945128,86,15
939133,840627,81,57
864268,279603,87,125
602958,736358,36,170
511280,94601,210,225
349259,176847,212,78
297553,351223,183,211
664619,159598,240,132
316744,177384,188,64
757163,861508,232,283
720584,961458,167,214
489114,725266,40,258
889977,312083,288,246
30216,237525,256,46
523494,364291,179,25
587734,864242,121,275
154804,163708,166,19
94893,734885,292,258
758695,990084,300,202
516645,707636,296,0
474516,951007,275,153
884658,988472,129,295
523162,753802,64,75
702469,757307,110,296
698376,38518,164,99
842488,806487,181,38
30061,868559,136,298
304,191376,240,101
304956,876387,85,49
374759,482624,162,206
908895,934796,21,163
154297,599095,154,157
778854,982935,16,182
199196,317314,34,17
123100,424959,204,87
812091,120059,300,19
534480,137913,110,128
417335,371502,200,182
641453,580794,138,48
998169,474896,273,215
229418,224229,48,190
628959,941968,204,190
727000,911241,112,119
739002,624643,271,107
616389,196286,153,133
273357,39657,141,45
609959,290425,145,59
121957,762051,155,151
815350,864541,271,159
529845,643907,232,191
653185,628479,101,61
129135,386894,259,94
396766,560200,291,11
725736,519818,65,207
92230,481413,192,298
132303,741226,29,197
227185,688164,141,46
486822,736774,205,273
629287,333915,94,200
162253,509396,21,254
429984,814179,126,94
188019,984169,163,253
642906,329369,226,296
587605,593625,281,217
233702,108418,236,110
709089,805817,228,241
535765,229007,159,32
728728,6956,51,278
511170,543487,221,269
62760,998560,176,244
464719,29969,153,102
4059,550948,24,95
17374,965245,157,7
4000,871849,32,269
117972,114901,177,229
53069,705504,98,107
169038,120133,106,275
523134,177188,17,41
997786,988285,86,219
265707,467709,249,291
191645,909077,27,48
554329,564417,230,255
642230,743248,11,43
701962,991861,222,157
602083,155600,135,189
413871,273628,21,79
971622,319959,74,275
476903,524747,60,262
126141,519074,293,149
285005,550389,226,3
866336,891877,73,87
915682,316567,97,88
95070,970477,66,106
390173,302249,135,283
233549,722491,53,278
273653,833095,264,197
709413,818052,219,18
436944,38366,19,154
421610,920341,208,210
551415,47251,62,168
641418,235087,195,148
717088,724162,157,204
415917,213352,226,192
545021,215316,190,92
997424,49026,74,163
145955,248224,144,298
734081,259781,20,108
492996,739281,154,178
607170,693691,107,293
595241,663304,209,14
232257,613102,214,273
604932,990271,129,286
184283,635866,154,62
348817,462184,65,50
157018,748945,17,89
354263,61833,110,63
430618,607851,165,140
582606,726748,81,259
994660,566887,165,292
236500,291023,33,121
719995,666043,154,296
354407,356440,92,51
378580,266226,298,40
389927,827471,90,135
806734,375933,223,260
678515,160514,133,194
701316,680163,293,75
327740,831101,220,13
282330,946300,138,49
226867,957935,229,169
946182,269025,80,173
974157,324842,166,44
418327,460267,119,261
427649,617852,150,220
155730,34941,171,90
724654,823913,18,41
302678,963995,157,19
77778,19805,212,54
649365,537644,256,123
893459,444202,26,216
748392,571912,95,103
548631,841547,281,104
178741,46687,246,23
954163,877180,291,81
47694,137167,10,113
783717,223846,166,283
567831,623828,161,113
759417,656600,12,54
654697,734188,262,166
403361,246396,9,25
691230,398301,188,247
40863,460854,294,238
297825,579942,233,6
771919,127106,270,2
136908,85010,131,207
2271,603125,259,275
725792,610101,177,3
877786,259774,137,239
961983,575906,211,233
915108,913547,162,61
75694,711364,226,134
728974,410069,258,286
459231,979411,287,28
238916,850996,235,188
106475,434091,245,266
24980,529770,18,238
400597,86722,272,283
153602,998382,259,266
15167,544848,119,224
297276,8525,90,102
704625,597701,265,101
174263,374032,280,102
275763,921526,261,54
484944,307089,254,295
818181,418332,149,61
575290,922658,290,51
415741,961619,154,8
27636,578135,0,166
9465,616361,116,297
163677,791009,286,209
358671,304018,279,108
45162,865150,39,150
465358,216145,226,44
446909,299905,130,141
201522,273099,161,162
724889,804159,249,239
380627,909933,279,225
258136,742204,175,231
342639,133506,249,134
532019,713256,236,198
561321,191506,202,5
679361,98595,274,106
708038,256572,33,239
866731,147985,200,77
779161,396254,274,165
64799,542863,19,15
492674,528557,255,86
992168,946829,229,196
372753,437786,165,88
502942,856038,243,74
854587,88226,286,40
802445,750260,281,286
9472,809345,60,120
707372,259233,88,149
626214,167686,114,281
267454,5435,109,106
190594,205618,195,44
941859,575772,204,45
2459,395742,197,233
886025,182663,274,128
109253,578080,136,195
474426,612407,111,256
365852,589275,278,299
890094,765199,286,67
38406,551610,268,54
713670,697572,209,67
943526,748390,298,156
945981,642099,181,250
841592,123440,258,19
86898,160589,21,26
95595,245467,61,164
541755,193645,245,289
386614,693900,233,6
989955,456145,161,210
784240,451680,197,228
577091,837718,278,52
124427,175148,144,180
18920,31336,176,244
986578,952243,208,233
146525,836858,58,229
593684,565826,292,62
844493,543897,173,84
946476,181469,246,107
974795,739158,72,250
766259,955603,89,46
626043,525458,143,185
533990,6909,33,19
399862,337318,159,189
174505,681397,258,290
262119,726952,182,76
672277,147148,122,33
539127,975665,38,205
700079,703109,243,275
742703,472131,39,29
543304,947961,207,144
234646,559949,220,263
929267,434452,133,194
491108,240388,197,55
27042,734067,119,132
320843,594268,270,84
668596,696541,173,7
963649,357074,196,146
400718,315077,169,96
231440,354994,182,69
910188,72280,55,80
571027,420476,68,49
784027,282278,108,166
827153,724938,135,204
12152,939408,228,44
383579,404763,122,273
742598,318079,27,106
65443,588209,279,235
84248,938283,193,157
811066,467385,272,9
272280,303203,212,15
423687,378410,239,141
115627,33144,79,0
903488,775424,42,1
410613,826018,37,67
122697,707128,66,90
683121,170459,90,34
440960,915274,249,208
380124,247362,58,42
152041,449195,144,44
184565,787483,251,114
706293,205323,24,65
42910,424999,88,250
691494,673341,137,13
402628,807644,24,88
857300,78060,65,281
457993,406934,287,259
408534,33868,174,116
139871,661713,86,239
822074,811248,259,56
536577,743539,184,52
139438,177313,93,106
450361,996139,293,128
991684,498100,168,120
899965,832634,7,188
368586,602104,199,93
323542,758890,231,144
53578,218394,140,248
297977,130059,157,28
419741,87288,105,270
94780,907,216,107
288956,109517,209,66
442572,845464,239,59
569177,414093,83,239
946760,632774,54,135
406125,208205,238,88
556628,794499,159,198
121548,60739,91,197
195079,761353,109,177
730461,849093,184,55
920804,621478,274,126
544026,420891,297,126
599213,830752,237,181
423884,53646,237,180
717246,383281,111,245
881259,679920,183,248
737849,62736,186,206
865809,101036,149,275
878423,329682,156,85
740367,731207,295,175
429676,643064,133,239
588183,399659,203,180
208356,885388,144,47
71166,743488,167,65
217603,261955,94,244
448776,622941,85,73
193272,694740,115,81
250550,486877,136,217
6817,55810,42,126
174221,309816,129,189
334172,139930,25,204
341380,598719,292,125
895963,66465,287,257
49697,283772,279,247
683903,420059,137,52
929389,181141,105,151
271351,262916,85,168
61349,930799,50,50
846469,291254,230,144
578815,397286,110,183
708150,98033,275,145
463288,328268,190,235
174267,881535,119,194
948822,962984,29,205
532047,499282,109,300
292857,259493,296,39
998854,597151,274,242
973392,789806,16,276
179675,391713,127,25
511393,60918,209,258
786694,277635,88,70
686180,462836,3,72
752659,512673,20,122
11665,964609,160,180
820060,253430,10,292
632171,957779,284,255
133366,850687,292,134
387578,895322,26,5
507085,899112,260,5
551659,846020,248,73
890180,562653,45,24
620184,374589,261,106
431395,955192,121,197
338154,593262,127,135
566592,140436,79,43
426893,593070,86,136
140517,279596,53,163
569173,666022,10,105
413424,797133,55,44
994764,210471,39,224
471178,393395,232,191
822192,137237,247,135
189135,558236,22,65
661823,572675,117,197
784837,512408,208,3
809873,880437,153,216
473718,821317,1,234
685436,692494,9,46
259248,589862,156,295
779218,245185,250,297
439547,736268,1,263
149837,202304,221,274
224883,588181,73,292
250914,82168,235,40
481402,776272,199,257
422973,450934,53,194
581880,681222,14,246
711825,797380,88,188
465931,15136,131,168
993181,726170,49,293
420705,955481,20,112
368594,828020,90,134
814876,344408,48,284
528682,395783,199,213
753634,898532,178,203
610337,175570,267,62
998200,199927,256,175
837790,180836,231,7
211558,342835,22,290
86829,432752,196,256
906561,771635,51,116
129497,346624,94,276
413197,850712,285,231
454773,291541,93,219
442865,145133,230,30
716065,802503,125,189
682576,174582,229,221
591665,236479,10,232
179479,865202,233,257
298366,695782,152,146
683536,24065,167,221
681582,95612,166,111
759283,969601,58,273
621936,683564,83,45
49009,720584,213,267
259516,845530,17,49
387412,418971,196,11
711864,494934,103,87
428238,71449,142,280
620100,973840,203,266
712644,563131,296,298
445554,456072,175,125
275659,332211,2,236
939639,474616,86,156
338424,918269,19,71
77496,95663,121,248
558998,388370,64,198
113875,354152,121,238
305240,169711,86,299
682025,912750,207,246
97752,720502,132,46
685526,742110,37,4
566961,622677,79,221
205267,221995,257,7
802703,412782,76,59
720313,790460,127,137
541927,685115,169,91
917469,513728,185,219
972258,328036,289,107
580040,600822,170,257
708617,606159,26,44
372158,532668,84,12
568173,762262,286,240
469766,669694,147,176
607932,947457,199,218
698718,74633,30,267
842691,708587,13,26
635109,872021,158,34
881258,799902,7,135
361744,456954,240,107
766750,299200,112,115
812081,209676,62,71
189850,430260,16,265
830547,518473,6,273
278291,135791,113,273
386505,428105,262,179
810793,42236,206,215
75247,4290,299,127
14629,277523,121,55
242871,978171,268,243
492336,417614,49,82
465673,935267,22,235
222251,861421,276,245
381374,364048,283,90
448879,618961,191,9
932514,273054,203,36
244548,827760,19,110
748368,673535,32,128
635738,224924,265,279
282601,40617,269,117
916293,866728,208,179
854259,634201,150,274
688509,75299,10,256
954816,948702,288,48
162812,14555,223,23
427826,164631,224,271
984613,89906,82,187
664557,816213,82,191
731399,786102,118,228
521019,296208,196,26
871036,327595,199,162
490854,444742,44,36
555290,852805,209,143
805493,570981,9,95
254125,501004,46,276
485857,166491,208,16
55161,436592,63,80
823636,382962,123,122
784321,263576,131,143
588241,105978,16,78
225355,816641,96,246
361220,338222,293,158
572799,610487,274,95
949456,990537,276,224
878247,362250,279,161
984863,302969,159,58
712688,228553,40,45
724782,565746,104,79
828841,960353,286,34
529600,720186,4,286
684362,671934,16,199
522707,229993,290,186
956271,775704,240,297
318271,37739,262,161
975629,741901,41,161
831304,730415,185,300
445747,539772,251,209
162490,922725,11,13
751849,582719,41,240
615750,65351,207,119
941992,934238,246,39
877822,632344,40,43
62913,637606,285,115
643733,929029,64,87
172711,154857,282,119
359451,731161,174,282
115655,148984,215,204
301330,271765,241,213
567418,741633,183,14
437644,337327,236,73
270895,982194,88,226
712706,419815,105,101
114679,445645,160,130
44593,590038,85,177
156488,729296,20,24
133282,198444,98,269
636296,199674,288,245
658377,366953,97,139
582499,6986,218,116
789834,658709,152,72
371328,915193,290,208
419795,233075,250,267
403229,23356,189,70
862048,68780,105,211
484707,38657,161,297
452542,196104,103,173
4851,686045,219,100
747842,711171,234,93
835094,540674,242,179
995883,618184,68,133
267848,780343,140,245
195523,773150,246,53
125515,556256,249,187
769709,107212,62,132
925097,864248,97,87
193271,653975,138,85
776011,151794,289,277
496832,334564,103,98
515664,292865,35,54
801579,458902,151,176
166911,718082,110,236
949106,798684,240,78
403476,196365,63,50
711240,919966,70,242
978914,95438,257,263
818082,333180,50,42
817252,664823,221,204
202509,382054,82,259
147204,357829,182,57
309521,330962,94,247
248241,617300,174,55
798642,47013,170,141
469468,103091,138,3
118576,756124,62,293
250677,825121,250,234
285183,780652,256,56
967946,208523,19,290
638051,274229,281,295
525853,584479,266,55
591189,48243,206,171
959637,260507,165,156
473911,224609,116,96
341468,758135,146,260
755576,494005,188,11
694563,353956,225,291
118375,471433,130,200
480587,102679,53,76
852744,915417,7,204
207461,94061,221,4
344371,246439,184,296
577691,530957,7,105
319918,291218,135,243
664646,421393,204,220
706370,472048,297,129
265712,192470,198,177
95684,824459,7,44
673910,54431,267,194
45099,97576,160,253
138250,536556,31,244
763249,765500,229,202
89911,53038,141,242
767359,714178,285,156
31578,432741,260,26
29736,673753,62,234
296550,426850,10,122
797457,199824,202,107
46428,612200,241,248
755459,27197,283,280
509902,719344,202,131
588651,142488,233,197
12374,114280,79,160
529758,884431,242,134
618106,13954,205,94
515282,849142,184,267
432812,555353,290,162
12273,540419,179,288
191300,515125,23,232
835328,499781,288,95
265246,623463,139,21
600863,749585,257,55
671355,980713,116,168
547792,256866,297,182
422312,117428,30,199
511008,321372,9,158
423147,896171,273,267
98811,486181,275,12
684416,916611,148,108
619687,489378,198,1
38123,301047,259,209
548261,405542,67,208
996156,781977,233,118
783572,185596,284,73
649965,198068,209,129
416789,534010,268,204
113535,790662,98,28
86907,845141,82,91
815518,919709,138,295
574184,317899,201,298
722521,293090,102,153
370251,681261,43,133
725923,568398,175,264
595371,883058,43,106
871426,150409,141,139
665683,251856,115,197
970936,307918,218,196
16516,572185,101,62
251587,979919,243,242
904658,64769,8,72
13780,291422,33,56
393810,557040,241,113
249098,414712,92,151
833577,66498,167,134
354821,965771,101,295
313323,342862,24,189
877498,204409,300,23
671441,147351,150,10
210718,119810,95,114
418583,770374,152,228
562816,845557,60,146
741332,297903,150,199
758256,408828,42,186
334449,189458,33,89
694161,364268,65,79
454483,319152,208,26
462886,79840,268,67
339899,286004,289,226
128996,850486,300,266
79530,854975,271,66
696560,93120,162,239
540258,846433,216,267
18675,590398,250,255
152779,699106,160,101
670088,329343,183,237
522880,39849,213,88
637999,900561,20,89
545905,534356,74,127
240935,247401,26,271
717754,684285,173,178
203177,473940,6,187
674285,443455,122,98
621052,72398,135,156
563249,244634,154,46
158124,489776,92,298
738543,22264,120,156
665916,1618,168,25
902513,342930,134,105
673920,447980,22,293
11295,517681,240,68
857877,153035,5,139
934409,523503,218,254
54341,499381,224,131
698881,857219,149,85
505455,213296,181,88
116625,116746,263,131
701532,283183,169,103
401207,297150,162,40
548980,843613,192,286
479208,697902,229,60
703343,249948,151,124
452700,952321,45,248
638868,776357,218,209
711625,30634,57,111
165456,562505,234,16
350743,553268,188,203
70581,360969,1,195
37681,851158,297,229
335146,74727,87,171
501588,914921,100,61
70702,948452,57,275
460764,111571,77,242
41438,128271,259,75
775165,973679,126,183
961125,156947,248,126
458767,526737,124,199
123761,624622,220,281
951504,773927,79,282
116648,83469,78,168
911200,277277,50,67
271679,180459,186,203
718311,381121,191,256
918078,349747,256,117
324672,648217,195,54
210449,996555,206,227
583277,924325,66,170
521375,911765,182,235
829068,489925,276,70
750449,242362,93,138
853788,823820,262,183
903609,923186,79,11
467690,323792,234,218
159098,565137,253,264
983868,582146,217,150
755996,946128,118,113
84539,774634,263,224
492489,329377,200,0
545516,651136,94,178
477295,758968,216,262
845492,757022,38,20
524298,185173,264,243
989347,355026,193,129
782984,195402,92,274
113260,295299,288,241
690057,749797,59,250
92583,379934,43,159
531321,348267,74,248
857444,466895,76,39
847534,713188,68,93
939431,807148,296,247
385902,356256,190,26
113518,416522,199,87
509106,504424,5,124
722324,433424,237,197
383783,900145,143,141
151767,800798,32,257
736363,546834,51,292
177584,79170,193,250
684670,848831,271,161
424628,400768,108,91
865590,364421,103,127
885991,870158,247,80
225155,157884,151,242
174670,69142,81,170
20957,141021,8,226
265520,864244,80,140
842469,799409,69,289
26875,853179,256,259
141626,164214,13,166
642955,632860,42,260
664001,139836,228,143
148124,286853,239,4
342173,567238,173,75
979594,858938,258,100
938284,895613,254,251
238328,494437,49,171
343985,412875,224,270
8909,580408,115,290
251004,2782,161,275
657435,582257,278,23
293355,55213,20,92
489907,709372,143,141
936641,811513,271,244
491522,224997,69,273
286679,607145,76,107
302407,355099,156,33
65315,953981,57,31
464977,113919,45,144
532138,663620,89,98
697144,106091,86,187
92941,359196,12,79
140082,729453,23,294
487766,239171,17,276
997104,722130,254,69
86864,347214,255,49
41977,442142,16,230
28866,788074,131,68
344478,178381,202,292
827904,745878,117,72
91239,633280,267,67
547764,713950,185,48
773965,726248,139,285
972050,491521,148,158
849222,763450,223,115
652385,193878,211,247
484418,357912,162,140
639219,731488,297,57
75921,424108,235,167
216690,82770,18,195
25239,77511,180,257
708663,285597,291,189
183664,462438,44,269
62786,425528,119,261
451467,673719,32,281
204311,316492,260,153
429230,146072,282,199
747405,582313,183,25
448268,401069,183,100
380380,558768,117,280
561644,392037,172,108
555792,172439,233,84
954776,587815,90,270
673676,318388,69,23
108495,712123,109,80
381147,656846,93,209
42431,176907,224,193
147643,743431,278,163
69826,267916,26,137
737049,210648,136,86
39397,433225,291,215
734926,51547,181,56
944703,913247,284,291
732450,838654,240,151
591339,245748,57,80
373494,502841,89,129
719213,334207,258,133
449595,795323,164,224
991379,302988,24,258
858701,148364,237,79
239493,921178,237,290
738163,182751,52,136
18690,538385,269,119
117909,721087,86,40
650749,862033,181,264
228752,348968,6,54
544457,54650,66,108
793851,45128,102,293
76048,826517,27,158
584796,400428,74,156
395755,684668,255,32
812426,490570,285,30
491238,225672,165,180
171642,33656,244,223
484933,437551,239,290
503436,151345,275,74
784505,215161,20,258
193928,726859,230,269
778322,865839,250,136
85448,426500,131,134
781945,138425,281,133
312299,906302,53,279
656695,515135,241,199
662622,870350,27,207
317291,510104,198,5
824359,611791,293,286
882327,710293,225,71
918890,60761,262,180
665806,618247,13,250
740417,802728,34,288
208780,294336,123,208
757423,791474,192,238
227829,349210,171,295
376537,864553,64,223
76635,332695,160,246
501593,531298,293,105
792767,183117,5,261
277143,357885,126,86
118968,523979,185,111
117706,581809,177,65
24423,836738,260,9
665070,743574,160,27
265296,113319,253,47
448137,217067,138,231
454607,463456,80,176
122762,305586,60,226
397204,564001,132,128
309542,473531,124,209
219594,132832,12,272
301124,716927,151,50
821097,89893,120,249
464591,830764,256,82
840016,110668,228,97
490149,654788,227,265
268667,866462,226,253
486713,229102,238,158
592241,151406,155,230
405326,749752,262,7
704988,267924,5,110
309152,531005,146,226
205396,876855,294,76
153729,506568,214,190
391139,781774,0,57
354841,617301,77,207
669027,556471,131,141
198691,398281,176,18
503767,989017,94,57
186731,372335,46,237
238535,654896,232,136
852224,647595,258,117
547504,25151,166,78
225564,746616,159,275
544253,663805,225,42
305352,419741,37,201
261248,727109,127,212
138353,157673,257,81
857908,817231,256,266
516234,701430,50,49
855172,530532,288,153
786696,344118,292,211
723278,837471,237,81
64112,830523,54,46
832603,379650,217,238
805959,856494,9,46
568577,660412,264,113
33096,994002,196,267
896994,508264,14,84
813806,246403,63,300
891030,209164,52,41
250459,180675,291,177
460941,327701,136,192
623961,676734,222,263
400471,786694,16,179
288072,426831,259,129
758790,71202,3,84
41746,88560,61,283
795894,344411,233,215
790530,268319,181,278
311436,453630,233,18
891548,307407,29,84
637413,653913,107,50
895560,662911,41,109
919613,761334,211,223
218161,578072,112,277
637681,631454,172,294
245433,557332,2,275
809273,390702,8,152
351376,759908,52,16
865147,130216,3,261
658183,595060,280,151
512138,622422,249,76
158491,532504,191,17
349256,210938,83,280
607480,574584,92,204
266331,370197,294,169
823576,716129,271,280
171704,55793,209,229
718919,786668,248,217
111288,853221,158,196
783769,6411,142,17
25302,916621,279,70
772786,411375,180,69
961659,335825,291,74
507798,604427,174,62
618987,89134,183,49
1298,259134,66,49
918467,507270,211,19
74910,622304,21,182
459814,336215,38,183
538078,402874,103,56
639915,795824,270,144
399268,87021,175,10
863290,812458,50,283
219289,335117,65,6
424560,667366,123,21
62802,217265,153,151
260733,17872,88,235
961383,894813,211,263
592264,287618,293,156
930198,870613,58,263
491758,644808,64,9
42052,323940,64,232
305393,45381,277,288
911658,462960,286,122
763290,910426,40,105
838894,244328,182,55
859741,80160,59,151
106383,463880,133,141
89427,81418,230,110
914193,562448,20,250
36370,707379,250,232
858124,711491,8,99
624505,146753,283,224
53812,338839,257,188
146792,421015,22,93
759795,220948,251,105
119994,784960,165,110
341019,682055,178,25
936123,941047,242,148
939558,880733,276,37
985485,239489,257,45
36382,557082,222,114
987367,923203,261,172
364142,539460,276,240
523728,776530,60,255
848428,876003,122,115
969538,749202,139,180
821300,621623,142,47
993573,682143,145,124
312025,905485,190,173
151279,121503,220,181
560624,272270,100,101
989658,890930,52,40
203730,231801,253,212
888888,706891,63,73
893624,621348,205,85
665863,989542,98,144
602949,421694,53,245
143515,482470,79,145
739104,74469,217,91
342470,830227,59,211
369893,603151,149,221
596363,509290,29,110
988528,541345,169,224
666230,410753,5,0
787662,530390,290,250
231572,814774,8,175
217972,864302,115,43
635024,311577,239,217
195018,64359,116,293
253490,718788,291,23
333748,830887,27,112
891184,968963,159,131
109039,487441,197,110
714737,209585,238,252
803364,757650,32,276
916270,962863,273,96
82113,60753,267,206
111129,942364,3,209
908787,754221,88,97
639122,905909,279,118
940051,232454,276,229
866871,957239,224,198
936974,642785,32,166
142014,886039,8,40
448712,896415,225,8
657030,591654,268,97
900366,631118,146,273
665261,180010,85,64
886660,294625,77,142
190269,554889,288,186
575727,706271,199,182
547164,428095,298,107
521691,708222,94,243
484672,744725,299,254
179486,515960,59,281
511660,803574,54,222
358655,937976,128,34
505958,195984,234,224
216066,326556,124,70
31911,531317,34,238
745931,101220,27,24
765257,653178,296,278
327247,974626,40,40
987704,161565,159,51
611732,524593,68,184
750156,779663,59,287
908038,457572,191,207
471297,785033,264,37
285367,574792,59,204
89220,684054,125,282
319404,6457,110,118
267253,35592,96,177
498806,129996,269,31
214380,827111,242,275
672446,60634,50,290
528112,83460,120,271
714966,605067,79,157
539538,176937,193,71
924506,306752,81,268
553622,674350,229,271
599578,894897,33,106
166839,923577,104,234
28540,510541,2,50
761839,340300,132,125
340125,955408,89,18
195045,385248,280,206
347774,904360,199,297
342149,541166,161,117
362849,732609,164,97
585427,595726,150,123
303788,306621,284,52
773811,934884,21,12
741020,985864,102,102
473004,369461,28,100
620115,723797,236,47
109716,512988,261,242
569179,807991,10,236
755182,154835,230,86
795349,120467,173,10
674421,591097,1,238
685152,765241,204,246
873859,776443,157,219
817428,526360,120,169
540227,932897,45,97
158338,739453,146,261
469198,284065,114,74
996152,282142,291,286
90608,86349,71,260
784189,962739,130,175
144265,326509,274,260
753842,663742,179,115
944774,332110,23,30
536614,354138,176,233
23495,453838,251,63
300003,733327,94,9
895777,467046,278,54
877905,28061,112,267
764391,726194,71,161
498084,854574,115,47
693843,563397,241,127
266928,445796,18,248
634675,323120,252,192
677805,357421,121,175
985437,620083,128,19
759102,480035,131,149
218125,247850,101,277
285781,574401,0,124
707142,999723,192,285
60565,962752,274,168
124769,402145,236,101
353215,309187,123,184
403597,171218,229,130
880810,167016,298,11
788274,381678,275,101
223461,670235,20,40
5117,491100,51,147
287699,381010,155,150
105547,955603,167,299
850442,187059,89,92
655574,116823,198,74
862952,947270,169,52
250005,661700,122,3
347267,963822,276,268
631312,261819,182,33
869400,428947,298,253
287636,554712,171,145
469742,485883,87,27
183989,713257,176,219
890775,522954,159,123
231134,135228,189,287
305791,566109,88,42
107705,340989,277,193
468786,114980,270,88
993466,488751,249,119
491371,757836,259,4
997408,246603,45,55
98647,81003,41,149
634495,707812,140,31
317842,649690,102,160
364295,893748,115,261
752018,452996,166,284
277794,75442,146,36
569814,590903,176,203
152045,607039,293,268
834278,165212,101,12
272989,695737,244,73
867590,609730,185,26
939241,62144,25,262
223628,419092,14,177
513151,87939,8,221
223209,277677,136,148
630379,10909,199,32
533698,222181,181,205
500,348751,219,141
950505,312132,112,42
633379,467707,40,168
564220,164470,25,288
418274,944246,7,92
352063,143538,120,251
193123,316557,215,50
488279,401589,76,274
536320,165051,52,201
871687,599343,8,36
721178,182488,214,110
175576,941193,208,35
880446,914376,93,15
1847,50544,208,200
185321,185475,40,168
747592,535681,145,246
975688,622858,256,250
937367,970007,184,200
513853,132996,41,214
843823,325286,54,27
874796,208533,205,202
394644,757283,50,191
580549,566581,299,257
119383,918045,256,292
264214,757507,30,285
447655,542431,166,4
655932,232712,260,300
621583,945173,271,289
254823,816866,47,45
294972,270774,189,6
401723,749692,95,206
976599,750434,49,117
600995,745482,48,243
571359,974213,46,42
798280,718681,119,147
594857,900597,274,30
450385,502368,164,142
261145,366308,192,136
126671,280906,291,213
708731,865105,30,186
826171,656928,5,30
801005,290643,16,172
642908,627037,286,230
115140,971383,13,203
366066,383975,269,209
535765,850719,169,174
614504,118193,221,107
18203,307210,159,160
793061,356192,204,210
933873,876410,51,179
89821,890715,138,23
378694,158833,165,276
685576,817042,177,64
681393,869754,26,58
605477,748119,105,276
723518,725878,16,276
432017,273544,99,275
892461,442721,17,119
383180,894574,139,154
580795,864068,73,0
916707,406193,59,148
302675,57781,247,291
105123,946343,96,299
946154,757059,196,28
426459,166082,103,121
159052,158519,243,31
525452,675187,131,214
141259,710990,255,230
881016,996526,47,191
484219,479628,3,30
125778,81812,58,192
674176,941763,203,166
18415,723439,130,244
124273,887184,39,126
904391,449083,151,283
382629,931365,278,45
522949,754371,292,218
744417,892130,74,221
293772,663979,29,49
705263,713297,226,283
90223,65796,227,92
508542,910924,4,57
470411,408495,65,288
380731,324205,33,81
730038,605814,120,161
65862,578165,219,97
927984,823142,222,47
745523,327989,108,69
491883,449165,104,32
281110,457975,18,36
814175,689620,259,195
980800,186908,235,256
798026,728218,250,208
684348,864044,71,261
919990,446570,168,10
527380,501323,94,60
556175,348704,246,176
261422,348441,65,39
144194,462113,70,277
972391,342962,113,220
445183,887869,241,197
809698,391179,242,51
925864,983749,196,258
268612,326092,229,280
876359,737438,108,290
561534,135536,219,47
679955,586554,94,61
580384,239365,91,165
257175,878325,277,179
451023,107278,138,224
232795,283809,212,192
34749,809399,216,20
720776,694114,40,153
948578,44660,75,275
645188,122319,172,247
594938,109447,221,125
744418,896292,90,227
731672,108538,110,27
655233,33541,109,227
716996,159079,91,157
27789,732449,119,156
513167,634079,175,149
903914,207019,233,277
593380,930088,130,23
944808,268869,205,222
537839,172173,263,185
24749,945499,195,162
827524,707068,155,68
470294,407558,257,17
101271,155134,169,171
977413,212354,208,186
485621,103232,270,120
245893,893576,300,132
236985,292331,50,67
588168,173947,11,194
209990,673817,149,207
4733,445420,103,89
505607,257989,163,182
403185,364474,259,164
696586,445986,293,126
918975,36890,70,289
877145,33848,163,46
881007,370144,84,2
36703,140437,187,113
996129,307857,110,260
619431,46207,0,282
165493,789326,184,142
301413,520849,117,46
244303,739311,114,46
20772,152588,182,56
575797,320408,274,43
212680,75862,92,273
463919,416915,42,33
366662,781824,62,296
955205,997321,177,54
873887,65271,88,181
791619,95304,224,142
10802,240624,78,202
138324,545734,110,22
292483,499708,191,195
817195,464678,227,249
647303,790632,177,110
308002,695059,297,105
822471,474785,149,229
477105,845809,5,293
733933,473401,272,278
850675,810869,149,94
845027,857337,65,45
696441,491476,136,144
279761,146535,172,33
874655,82524,208,76
303486,347207,48,216
246707,680819,130,37
103554,368551,10,139
398727,488266,277,50
792834,191838,101,5
74675,904605,77,270
42601,626779,257,95
830009,936282,293,217
176120,899103,19,119
955103,288661,174,179
496896,722683,184,235
4924,227774,107,140
601799,51595,45,202
999679,192323,42,106
291202,857986,182,269
747413,334934,74,81
184165,719942,10,249
557996,88651,153,150
466432,377909,191,8
586119,254559,50,270
949127,194787,176,251
282878,735180,196,102
407071,584483,258,205
190657,502474,171,212
156561,46669,21,251
64153,760893,87,240
370092,436413,118,249
545412,616820,110,147
275787,214797,124,244
264283,188442,295,233
577555,791723,279,94
217654,514833,113,40
496934,718571,126,201
854971,486535,260,127
372669,181073,267,76
399232,247876,98,271
174089,994163,196,266
499505,906554,10,86
466682,810465,108,148
287358,980400,164,281
936357,304801,278,7
186649,707223,274,138
818777,299378,208,195
507514,361823,236,64
749439,426460,228,178
794146,238545,39,134
494581,634644,19,96
913460,393136,189,71
568533,747040,92,187
382066,226984,201,193
437276,626657,115,78
982469,759659,139,33
799552,538286,66,246
51206,618982,90,137
557321,688946,271,115
51787,583879,231,134
937208,676250,129,276
191102,928466,245,157
862077,466132,243,186
453890,351372,25,5
105866,62484,285,37
675846,394144,12,243
648314,995850,0,163
451892,592104,55,6
500141,398185,113,145
543216,37590,130,279
853855,921868,257,92
402740,284220,50,283
217335,28174,247,167
140688,508007,273,78
869420,143754,74,177
243586,245929,143,178
683344,329012,160,234
554674,641034,151,287
25238,462469,282,57
302687,83563,122,103
548006,395425,241,231
630541,822914,215,2
60487,791639,281,80
946756,365924,250,119
107550,115242,300,292
306128,131116,61,1
843114,634304,189,175
752693,248459,174,208
422870,242638,159,127
966395,554031,108,288
967897,18048,159,169
650966,794181,286,230
183893,164206,155,20
836569,111422,260,291
306422,911146,28,117
241532,271384,228,192
963114,457274,58,152
336657,836565,296,178
211730,90994,219,213
699517,373395,10,181
298148,292471,113,294
808193,179446,292,70
400289,747120,282,155
352029,600687,35,9
440977,248813,164,237
85328,470021,168,89
292050,639292,270,202
481419,394546,198,119
833902,238110,9,247
756838,854926,82,136
482491,142960,246,40
663524,980356,189,177
359066,804833,41,34
18071,541244,238,137
582313,582279,170,233
528137,195757,251,242
475200,881142,221,150
161691,982686,103,55
765226,533212,238,81
514572,254765,87,160
209276,506499,60,154
489046,251827,97,10
305311,873489,278,133
122922,198797,71,217
55207,940008,144,234
819473,81684,199,274
873328,522936,196,55
206678,313829,108,199
412661,884186,214,62
570900,389833,56,90
514444,236729,136,113
69502,303703,131,276
38630,131326,12,195
2776,430707,160,256
27337,499166,50,205
319977,901177,223,123
202686,295117,0,292
94473,103128,219,113
298150,728012,224,4
213904,724558,35,109
863693,444028,145,10
469241,247291,110,283
5173,455012,123,141
442295,865955,61,245
576914,896762,242,59
627496,703983,245,9
249273,334180,59,33
209011,619769,270,212
80050,800000,57,79
830356,994566,71,144
110063,362834,96,180
315673,48094,7,9
321770,939949,245,282
448465,756662,14,299
768333,404100,87,48
179891,885455,273,199
319735,93151,272,47
284157,85656,127,131
315022,203746,14,185
839819,508372,300,34
68818,76434,50,38
119832,485532,139,207
387053,613231,259,280
638180,630478,271,206
170152,603618,212,153
233986,496909,148,84
734904,101910,256,268
555694,276617,106,93
267120,539586,119,197
320541,382943,51,293
542593,34637,237,15
53269,7638,265,256
113838,510600,116,187
181198,740725,154,248
901076,756467,144,92
926020,916463,32,0
292253,997470,100,41
590309,881753,187,189
991995,444347,30,266
588015,384133,217,27
271123,650785,188,139
970683,105175,105,86
143924,872946,181,74
118832,704699,55,52
469240,884975,222,201
272178,878735,76,140
682614,530481,175,25
901387,982972,141,218
394109,796923,148,134
214821,255273,174,192
849435,553612,70,169
424207,75584,79,30
97047,7580,18,51
978544,955350,282,165
93456,85607,107,66
42147,383569,56,292
530345,957841,269,187
798823,843138,1,236
218812,948587,43,116
191738,705807,97,195
996035,595424,202,72
785358,71122,162,74
140096,787500,173,79
913909,148518,9,77
960714,79764,156,136
532555,216873,94,36
308717,52481,79,184
153643,510424,121,54
228393,61386,278,75
894970,563997,291,106
689855,19987,245,299
535579,413392,78,178
918918,685166,159,251
134854,887000,294,162
188372,211213,228,194
491820,170575,173,275
497054,453925,236,125
125337,483347,5,204
867361,459394,47,254
786754,672271,165,223
939478,438315,84,142
851399,696378,220,83
817,235208,47,20
651077,393903,48,184
18555,846600,184,277
40498,695911,61,18
633019,882733,9,175
414277,517948,22,90
824492,299830,70,170
26751,197832,7,52
879329,804865,291,297
690619,75174,264,233
106178,806856,14,42
733239,695757,34,187
927145,736240,254,103
606264,81007,277,19
887582,204767,246,159
554368,184911,175,138
496118,185550,270,173
8611,400285,176,177
265325,328023,106,266
349433,702952,237,200
958519,58454,274,124
806424,745576,60,91
765794,921895,269,91
302993,653821,89,82
913880,932873,279,191
901762,502545,268,238
872206,314039,278,202
184984,477597,197,277
775070,386350,299,23
454610,314768,97,173
296872,923680,228,252
441064,31371,215,241
385719,659701,185,80
216717,490818,100,239
448793,562257,39,131
89204,938871,121,265
150099,478681,252,61
715644,714618,117,119
790549,602804,126,58
756413,541833,137,115
508643,177537,132,163
248004,116822,80,191
961662,665903,206,271
501784,475545,71,137
53892,523729,205,68
18691,353959,105,264
782173,405744,44,265
103865,268197,267,198
926650,69429,43,7
33925,884086,222,297
494655,75477,181,118
328599,57625,74,171
520049,880579,151,297
896788,897466,101,161
243277,562962,258,11
426269,259896,140,298
303622,582080,39,300
600882,682893,175,127
88167,740149,47,215
391035,838677,195,294
154097,11193,83,99
362312,407794,234,100
26452,861304,48,66
848473,429954,187,184
919519,368338,113,293
472381,877930,222,168
549130,461824,67,213
552559,882109,121,129
586195,645227,138,98
62988,897225,100,57
542445,719910,279,68
360262,382664,175,296
383017,467369,231,270
242565,332844,185,221
730544,341523,184,291
515164,637977,59,300
254622,154767,247,275
919051,244715,111,178
154947,548083,245,229
254627,382213,131,51
213538,126527,133,10
614575,178188,190,148
201962,801892,128,82
139894,365516,59,238
167934,689300,205,278
499414,293087,279,109
330668,576891,117,179
963819,132785,202,106
390189,851304,189,214
766457,413705,18,145
967150,506385,122,41
447939,615383,80,180
440468,127718,151,156
407596,674477,243,287
671348,262308,146,140
436197,565431,95,189
710792,464983,255,143
637606,491085,172,211
350681,737706,195,294
171475,506796,85,88
90778,919777,29,145
787077,366024,113,264
263013,276565,67,180
509120,601033,63,256
345640,174663,213,15
497971,890869,41,249
329210,172813,34,159
972345,288390,278,112
300006,358672,164,177
142158,302843,223,250
296344,954506,283,288
