durability,undying_id
5390544,9840
4616777,449
5795810,9793
9034055,193
8464756,5672
3696692,5637
8066039,8551
9661220,972
5945367,3699
486112,9792
6765350,9237
6407425,909
9335864,4885
2013246,9442
517958,9995
2886129,7746
4884858,6671
9236565,8624
7510050,1006
1937971,1696
6648069,8278
2955782,9397
1552618,6319
2775024,1654
8268630,2670
5941698,9249
4695651,9464
2279091,1658
4446018,3792
1383133,5517
1160374,4648
7510561,7551
2843539,891
1026469,1498
6683567,3674
3252309,3021
3579809,1893
7907884,7043
5333491,7460
3327189,8628
2284918,539
3562134,9705
126754,1825
4281972,6477
1835278,8177
5821628,4104
7813847,5781
5408322,3873
3866121,7137
750163,4075
4599135,6045
7310350,519
7773395,9208
1953058,9637
8645069,3496
8105138,2774
7948240,1901
2129817,548
6700080,7182
7443006,9061
7660248,1240
1393493,3636
8860649,8113
3548448,5530
9999052,9862
1235377,9502
4099454,922
6458592,2760
4879534,3978
6199656,4189
4780126,2213
2745136,664
4413692,5102
2608213,3764
170285,2036
1708742,2509
3575572,1324
1291212,3047
5598956,7159
5315362,2471
5677795,4832
1557291,5782
1959285,891
4166055,9947
9394904,7899
4328706,844
6681208,1639
8173459,6997
4561495,37
2141742,7035
9842206,8116
1640620,7466
317353,7903
7445830,4975
3721526,5536
5680671,8572
2785563,9851
1986357,8164
6743473,5706
6114999,1795
7477203,6484
5365216,664
1549617,9035
8377578,2052
5349556,9960
7743616,3166
4397024,4569
4488346,4164
140900,9968
9377040,8561
1401017,5367
9257916,9863
8658157,7884
1164017,1222
4653203,2587
4963726,8874
7714239,4543
1222225,1393
9682868,2527
1365991,8547
7448249,8760
4932567,1478
1450296,585
8405372,6960
178141,276
9020431,2357
6383715,982
5420005,6702
6377018,7354
7898206,7058
6575534,2272
5033344,89
369057,5130
3968060,2376
3663268,7763
6555893,5601
7663867,2777
5360950,2841
3342743,7379
2189753,3933
270488,5031
414138,4957
6442096,8976
3000120,8378
1773001,1639
1790817,9987
8807152,7145
4709002,5488
8198483,3898
9420132,715
1807866,3446
4791198,3880
9470777,3860
760980,3055
5159452,6896
2660958,3908
7223399,8516
6382564,7686
7494409,6932
4479695,6021
3677161,3331
9068070,9114
7919939,4104
2407097,5115
6946616,620
4230235,6207
3367600,8288
5670221,1982
3979580,218
439702,6050
3196790,5675
180700,3719
9257643,3690
1094296,9126
8636134,7090
6566159,3619
9216400,6848
1512992,7254
5311620,9319
7923310,4055
8224608,162
3086850,6469
5211087,3577
7591962,5103
871556,3674
7906071,7125
9675650,6564
7799897,7380
8325498,135
9724121,6930
9316466,991
4932058,3761
530285,5027
4581888,1657
7829490,8346
8472697,1524
4566397,7351
9098070,3765
790146,9025
9378192,8291
3343317,4360
7473829,2366
8056734,726
1801090,7373
1257680,5822
4827694,2968
8063096,5678
3230915,7692
8019935,2054
5869878,6058
7752168,5050
2909848,6625
2282438,6210
18972,7266
7102109,6845
1407240,6474
6750939,4657
7708781,8580
932232,3549
6830290,9375
6218791,6772
5640274,2879
6438274,2149
3353353,5537
8606208,8422
5409861,1448
8584333,6061
4960684,3344
3749285,2848
6270592,9668
7969190,2344
3843178,2315
2805969,3357
3664528,9264
254495,7501
1858033,4848
9540188,6307
9625899,7439
9121817,2167
5057753,602
8929790,9611
4212060,2325
8123960,3766
3956758,6378
8520156,4652
5481448,8058
7242998,8274
6004594,4069
817060,3349
5763155,4072
803320,9672
6026017,1671
9025219,9630
3570962,9124
3937745,4191
4869733,7331
7153224,3038
8722091,7668
5056459,3639
2243189,8275
4546375,7331
9472700,833
2523368,1520
8885961,6313
6526972,1976
7282597,1203
554584,4579
1664702,54
348706,1003
5966702,5271
4229701,7662
229006,6130
5817212,6620
6992380,6404
6946683,8507
6694089,3813
8951323,9999
7475127,9244
7029126,950
3100329,1726
3518731,1237
8213562,1935
4964352,2732
544306,2524
2405906,5422
9136063,2321
8119817,2443
7680264,2317
1764156,4509
2329726,9510
1245242,7779
5670840,9959
6053497,6030
9495269,4050
317841,4682
4870449,5053
6677684,2146
7836745,1813
554834,6829
2548577,7649
5460620,666
9652674,5142
3711348,172
7054807,7525
3168291,4201
3923177,7295
1498646,2407
2270505,9708
6751676,1573
516212,1877
8498005,8016
1362379,5233
7402467,5268
6807999,7418
5904504,9275
779620,9409
6897431,4568
2276457,5267
626415,1666
7083885,9090
2024407,4957
7766063,1098
6294115,9922
4645800,3711
6568941,3752
9526517,1272
5662110,9206
569462,3330
9857059,8229
11263,9369
7810754,1561
3784842,2952
3216497,846
3801393,1359
731790,3092
1896826,6383
4354015,7844
1606927,2362
8867243,7096
6806074,410
9636259,5947
5408648,6349
5158711,34
427640,2360
2121889,495
3360082,8031
2186093,6528
8462849,6478
9496882,8118
2165019,1281
4126279,7779
5674172,4471
505175,4083
976291,7637
9816696,7899
227653,1443
9623942,2084
2852828,4079
5744011,9930
3412536,7158
6630823,9930
9272763,9509
8419029,1301
9242757,7433
297483,9769
1568799,1052
4425610,6663
5946893,79
7982174,582
813339,845
293943,2319
7951410,2475
3483216,9364
3904373,2120
3525566,2886
8305342,4513
616320,8164
1235151,3725
8905159,1432
7032131,6722
6493392,8698
9059000,8430
8846229,3602
9152839,3393
9297458,3416
8995926,1352
1170005,9636
7299426,1788
8002972,574
9352355,8552
986800,6542
55247,5012
8947394,6399
9032883,7246
3564584,3541
985864,6928
381760,6302
9210017,4181
8125787,9586
8441912,2386
9795362,1665
1792440,1643
4501803,9707
7469344,6815
2565873,2260
6743729,3879
4815300,3669
9336716,3793
8719923,4099
5659912,508
6309756,8608
4641515,3975
6415624,244
7322465,6615
5338693,4595
3957805,2423
7638137,7379
9764736,6957
5642813,5240
7631865,7339
9469070,8888
7086112,4280
8885690,8716
2849862,538
350984,7723
2927326,4198
2848523,3823
26868,5619
8382000,7266
5120383,8193
9842349,5647
2224917,1828
4123820,5435
2394592,5854
5293160,9575
4270028,3491
3589565,8088
2152876,4667
8058125,4019
5512363,7610
2965309,7505
6449734,4554
8401054,8653
9122868,3071
3848231,4332
3952030,6336
5796069,6516
6603977,6065
2747314,2250
2140926,8530
1978493,8174
7225561,7990
2882327,9658
8359225,641
9903559,9295
1924754,4634
1482519,4050
5682648,2729
5883808,3627
9267142,5490
4751304,6337
7018869,7153
4679140,3582
6213532,7569
824852,4323
4619695,1678
6123522,5895
3135515,9302
5254018,5766
4475113,2433
1846459,1756
708031,5845
8431342,2589
5626069,2415
3217016,4786
6596893,4339
3631579,8604
9126027,6416
5612764,8920
9458702,6894
7682964,453
4008835,3076
6018853,3895
3165492,6732
7046090,8706
9829446,5344
9049038,7467
4029799,2527
1804724,6952
3012284,5000
1222253,6569
8754461,7533
1324641,6830
8379764,445
2288178,4769
7618858,1511
7254182,1171
8653187,2316
3272212,9988
742705,8010
7961790,4911
5922015,9746
5184079,172
8560546,2477
6105248,453
5449318,4441
5193716,5160
6073859,2681
2161635,7448
3008344,274
3796417,2338
7064671,6380
8412518,1329
8034571,4041
1141396,2686
922914,6192
2576030,3251
5383044,8063
7237827,8241
7278272,9679
4021451,5945
2262216,938
7432129,2652
6284939,2522
1085824,9345
1573937,77
8070356,2581
4144919,8675
693125,6452
4218059,1466
3449117,3256
8274487,2562
3349914,760
1405581,1057
8098414,4408
3988483,7520
4909961,6120
1367842,3035
6687535,9881
7125157,5944
2875639,9768
5883825,9215
827627,9069
1677238,7367
6418435,6025
1798675,758
3700660,5207
4583107,5180
282820,6270
7600728,5120
8085383,6586
5949353,4525
6437597,3774
9769799,8962
1719774,3545
6126394,8622
3533263,3093
2529193,4317
1822547,8071
6706986,9085
4687532,3537
4424911,2048
9465403,3813
6942048,8598
1986207,1000
2318585,1824
2901527,2775
2222654,1339
1942540,9525
4905195,8466
336828,8788
4607702,9838
8548175,9337
365326,4082
4057897,8041
9173756,3391
270185,4389
8618967,8941
6974003,1396
4208999,642
9340646,452
2414892,8569
7869009,4753
7482170,689
9127168,944
6649322,8816
971042,718
5758145,8767
1236412,6210
6401481,7054
9509622,3645
3800151,3585
208889,5794
2103031,7714
147730,8671
3789259,2159
8651604,2583
7297129,8624
9382524,4871
7748565,1514
2553137,2959
1775869,9040
4453267,3592
3367462,3350
4899159,5588
7832587,2695
1826137,7212
4026680,8024
6856032,2563
7378270,8078
5989901,4056
2305550,4976
730167,9818
5685877,9763
9067117,8750
5699876,1698
3995653,2623
3824762,1791
5404702,3154
5084476,5954
9332379,2870
5010453,3052
2019860,450
6584011,9399
7682697,2649
4703096,486
2501157,984
5616181,4451
9516068,9008
4218924,4422
2227223,8592
8058420,920
3300408,3819
3150837,4690
2749099,2221
7558698,5782
8876659,2434
4611252,7710
8355668,4000
8574483,3962
5201056,3744
4365454,5422
1236334,946
7455462,8428
8930089,2342
573172,7214
5259009,2210
7630869,2366
8484813,1179
3298475,2970
6967071,1340
4963123,7487
6878899,6279
5735476,230
325934,3794
2367056,9557
5906204,9143
4093201,2011
2473758,9301
5574588,3033
3323046,2633
6223777,9944
7280619,6085
4069416,4019
2424766,4382
1840905,9616
2551803,1416
1614363,2180
2274422,2854
8639558,3968
5014673,8648
2700567,2497
9109537,9602
8378294,5828
9942143,1501
95489,3191
5517796,6221
4219043,3322
9533105,652
4505445,8266
3863973,2061
3606597,8335
1827949,6971
8059138,2494
9259570,2557
9984112,2999
6430333,7020
6714126,1192
2365616,1229
1812050,8196
5324497,5391
8123299,3486
4755425,5880
3697410,8191
3906369,5013
2887724,6718
961595,1651
5725668,2491
5358603,8128
8644258,1369
2654605,2679
6053538,6898
359060,744
5106078,5484
9729203,3026
9217604,203
2278088,1932
266281,7057
4147391,8714
4318230,5949
8424325,4713
5475867,9742
2378631,9855
3106171,8224
4938834,8453
861959,9462
8339370,3543
2203484,7918
8216081,8927
2832843,2799
6820279,6460
4050414,4759
1699104,1928
7151573,5729
4150185,8120
5799124,8251
3442787,9096
5639729,6891
5334480,7073
8192161,2966
4481335,4931
4126337,8523
4591851,3758
7551100,8021
4992403,703
4068985,9185
9837494,1369
5607249,493
2710188,4468
6367792,6002
2894684,4591
507513,8226
6323509,6582
4100499,4941
7306167,8334
6942474,4558
7114827,648
1237694,5038
8943994,6035
5255472,1439
3720588,7044
6883644,9588
3283212,4430
3274129,843
8245476,1445
3421288,3510
6323282,8138
9769104,966
9083511,7576
2162671,5324
5323850,5380
1608048,3492
998075,8102
3389397,9073
9274579,4915
1710102,6950
570590,423
6272568,3400
3381093,5306
5590894,6210
9428860,571
4451362,1507
4556335,1637
6035790,8484
8281714,2149
9585158,1137
540439,7332
7024521,45
1436942,193
7413273,2686
277474,7681
8384733,9801
8267216,2305
4362060,2183
3377362,9004
6519904,8185
6748719,5981
4653121,4853
2353157,7324
9235956,641
2860576,8032
1591839,1453
4820900,6849
8256749,9734
3992676,1701
291494,2750
4350749,2047
1393304,4052
6942927,915
8380888,5640
761536,5389
7941885,308
1226176,8878
4864360,3290
4761206,4012
4672455,5626
5038591,588
8112411,4366
3205180,7351
2513189,8251
4037137,4364
448009,4342
8310381,7886
3691845,6039
363761,6291
3499433,1481
4653459,5142
5962217,9106
7069890,6739
9115587,4169
2020771,7721
6828138,9804
3463544,740
1918508,9149
9511771,609
9602369,1401
1589245,4022
5820588,7137
813598,1400
1123245,1261
62130,1604
94555,5
1983659,6297
2107387,7031
9374642,4718
8505635,4244
1533030,6197
1911060,3723
5013026,3798
2256424,1438
7644220,4943
4461855,2515
2719226,6102
110501,6390
4626911,274
899163,1205
4174158,3121
6203419,8150
5932261,2626
5944829,3212
1584356,8132
4885178,9025
8287829,7715
7204134,754
8551362,2786
4456801,6864
5602605,1768
4316186,8960
5814599,4214
1977877,8615
9351988,5548
374143,2556
6744798,224
38843,9302
1976940,4681
2181940,3103
8520053,1355
6533470,8307
4172839,8764
74629,2099
6387489,5014
1083423,315
6434408,7435
8863411,8555
8017897,2140
5553716,5083
8401424,7230
2526164,8053
6007706,3840
670739,4653
207905,7092
4835898,446
4014652,2071
5480823,4555
390301,2528
9494197,2270
5629987,7604
4440970,7470
7100180,8704
3814228,8346
4608221,988
8505444,9355
803866,9000
288233,4017
9573652,8348
5976098,6148
6673285,3422
5550971,6036
677802,4169
9648536,4298
7851430,8707
433242,2691
268230,6423
9965228,1917
4945562,8636
8266983,4356
6813263,8476
743833,9307
1594929,1850
3013418,5883
268662,4769
5450299,1791
911454,8226
8229843,7735
2724818,3653
6633268,4377
7004286,2701
6846171,5381
3942356,385
3998598,9414
1146258,8185
5075577,2100
7356880,3970
6924868,4553
8902877,2830
1685417,3140
7547581,2749
8907296,5770
8739288,98
3807743,5815
7777295,4865
5773871,9538
8276805,6497
3097160,6178
3792650,8843
2499868,1807
3009000,223
5257932,7280
4245600,3844
1930672,4593
4922042,5853
4272900,9899
5859898,8894
3388999,7660
3300970,4790
6502116,3504
1114214,9264
1522226,480
7387888,5964
2854711,7964
9881885,8452
5704260,7905
4170511,9755
2898744,3525
6974049,845
7490760,4810
167776,1441
4165835,7555
5350539,768
4221228,3753
6450099,7195
350325,9417
1837620,2254
9566836,5320
8186945,5874
8666834,1597
6998061,8475
6056420,2383
2970955,4014
2552773,2768
4776558,7494
2456683,1976
2928486,2963
6342313,1824
4882179,3915
1201573,2930
9156315,7173
662634,3011
7486,4968
4731883,5168
137199,7653
4927415,2520
2457153,5152
862879,8110
9328428,6033
564295,2331
4155778,3030
5496800,4525
5908796,8755
4128509,3835
768116,6828
4697122,1392
896208,6431
4359643,6611
9052283,4597
285699,2980
5675782,2132
1202750,5830
1198821,4334
9657096,6887
682788,5238
9536795,5546
9552367,3448
6468319,3629
8287187,1000
3156243,2264
6383542,6830
3210407,5258
5998413,3754
2701514,5347
7312016,7821
8884538,4467
6813877,6828
3286167,5972
585151,9260
7237429,9877
5764731,4286
7360222,4059
6553665,2819
1302465,4911
138890,7640
9079966,3150
2984958,2640
5395745,1826
8444594,5451
2717970,1414
5333434,9214
784630,9035
3532188,8195
1648484,6804
8600352,51
3545293,4182
584580,1427
1608782,4602
6823634,7329
3801609,2428
3024901,9861
3319443,6245
2030824,6706
1399967,3153
9612112,323
3165097,7186
1237326,1519
523250,8031
3818702,680
4150988,3311
8376186,3232
6988392,733
303018,1062
7083599,112
3318484,9177
7786297,1606
5453513,1740
8921198,880
4812595,6975
3132101,6590
7070626,4491
7177397,7563
6919770,489
8059020,5413
818930,9164
589372,5246
1104810,406
9744849,9193
8671092,5462
752955,7137
5639854,4283
8495954,2859
24917,8331
2322028,8544
1007810,7418
959447,4546
3694912,3656
4391520,9375
9606623,3426
1812602,9526
2866336,9760
4077564,3981
755848,857
9329002,8872
3405017,4191
540852,7116
8248201,2067
450215,3868
2903702,9672
621432,6961
8719395,7397
4290220,4324
8452233,950
3702283,3105
7605670,6678
9369115,2906
435944,7312
4324805,5400
2708385,9445
1918863,2718
1725098,5540
4422006,2300
9892637,4710
2321138,1859
3008852,7430
2721836,8482
7104307,7484
4347164,6443
9814452,4873
2834371,7421
8471318,8807
879080,3110
5156979,2510
2526760,6568
6032515,9218
6694780,952
6006380,7429
9821629,422
1448060,5336
2236733,141
2591459,5744
8055638,6700
8903838,9232
5580326,1978
6920220,1233
513706,1652
2026311,6602
2929524,908
9766824,7139
4622120,6305
8391987,620
6779122,8771
7341032,1167
3438877,1574
4441216,5312
4666566,7420
3384913,3946
8369349,7094
8875831,6374
175612,6910
4830693,1225
4810802,3888
9760786,6365
7599635,7492
2287928,9923
2786641,7388
3395957,1146
9837961,4673
9534548,7504
8216967,6652
5459750,8569
4024089,2023
5333222,2848
4187235,2664
6179490,3540
4547554,7517
8033140,2073
305568,2583
6725910,7331
2989579,8007
861046,5719
6855153,1349
6085307,6129
7399104,8384
5025290,9776
227515,355
2685308,9493
3316866,4163
5129688,576
8198448,7607
6410101,1901
7824885,6485
2114798,3523
8758890,7833
6857008,2035
9701982,585
3097757,2647
3337108,2999
6336012,4123
4817259,3194
8078787,2252
4978405,3019
4849017,9152
9814327,1877
9940104,6552
1979506,3685
5421297,2590
5477539,6035
6625796,7322
3162997,9648
2514243,6490
8224007,1705
9198908,3648
4997560,3280
5735030,700
255180,2141
3604369,900
5145771,7940
6031845,881
9410793,5388
6159306,1897
5276365,7809
3239802,7974
4122793,234
8663736,1826
6996719,6166
5213601,2027
8754862,6713
408623,8820
1790456,6394
812557,4551
3851442,9125
7241474,6385
9289346,1326
3114865,6913
2635707,863
8958526,7237
935879,6102
8698284,310
8422478,4630
3996207,2884
4681231,8872
8943862,2264
1154055,4279
8531275,8473
3751217,2230
7351495,5957
4861752,8679
7711234,3736
584608,6703
3508106,2233
4986882,489
1278681,453
3983796,103
7458680,1911
6418366,3975
1371186,9899
106201,7648
2081553,2625
8121396,3505
1274979,4885
1639851,9610
8778897,9886
9628240,6426
6255450,1391
1889314,1038
8889162,7086
3442320,4742
7326643,6
3971808,5727
6341390,8528
1813008,6565
3111273,8880
469469,4563
4549632,5109
6131794,4017
1252834,929
8801552,2424
1134334,4192
7215972,6346
6699031,406
3834552,1831
4086561,51
9338860,2309
6131129,6560
8708352,2168
9874730,4575
2622728,4506
1027238,1959
1917125,5942
21691,1450
690480,8829
4457578,3182
7864980,7861
6029736,5545
9342965,8466
6800546,8866
8314546,2929
3937243,7812
1557004,4558
7576758,4582
6857918,993
6731235,9599
6112264,3190
1689282,9743
5691505,2222
6700669,9243
9572,6149
5443082,4712
8157412,6655
7192250,1276
438656,4590
6569385,6916
380809,9256
8052902,6420
4645383,8482
9650527,1047
1635221,7149
3197958,563
6531871,1655
3011468,1632
9578649,2409
4744136,7433
8389225,3546
982411,1136
9858486,726
1403039,5224
2144778,9042
3295325,1433
4993214,2377
4120155,2601
4315671,3063
8781965,3058
9762405,1553
4051811,1718
5447215,804
3370780,9907
207181,7953
2718760,1322
3121569,8053
3788281,4577
4086629,1983
693757,7561
1249515,471
5062544,4969
5840834,4169
5481610,4995
6675543,9039
7014610,1823
3108460,968
7379331,1497
2113999,8625
6900342,5346
488987,8843
2586915,8099
8388658,3040
9484702,2023
3682661,965
6134154,5669
4134012,5373
1935372,4266
3063023,1808
3936345,4215
5679610,4043
722803,9601
6568881,32
2719143,8420
2555161,6547
2482983,6444
9003435,8353
991665,8087
4024764,6291
1673427,9527
436554,9778
2780667,1202
2725640,8594
3738356,1294
5347304,5531
2525902,4001
3481266,1568
7941737,6832
5103496,9468
4845709,8950
2869894,6724
1661542,1510
2698002,9343
9812460,6692
7803654,7351
4899078,995
7487281,4055
6586239,6172
4498882,3278
6484106,8180
455192,4957
5828122,6182
3714983,1019
5587739,5339
8599115,7381
9045999,906
636879,5898
7980217,5602
7235408,8183
3095423,4248
8219996,4547
1042959,4283
1526099,8400
2019858,9132
7553774,7010
3090678,9867
438148,1677
8999996,7189
711558,6782
2244783,9409
7248907,1510
6261387,3240
6749834,7941
9323831,221
2242802,860
7497665,6411
1529466,4422
7008713,1063
742268,9857
7430664,6991
3447515,9196
4081477,7690
9003660,8174
8995015,453
4321377,4530
9698236,7710
5143468,5596
8440125,537
2117775,5613
9416319,3990
2165380,5243
7798312,1771
5098987,7639
1120410,4682
1165073,720
6603551,7188
3370947,4702
922162,2336
7924745,578
2703791,4675
2855607,253
1014053,7482
975029,2768
1834155,2914
6730139,5347
5379216,3918
9648187,2586
4377398,8707
3152159,9989
5789535,5797
2785053,4454
5465537,8242
6180589,532
7952227,7269
1343583,2869
1269226,6343
9910518,1164
8701030,1284
8025360,4127
2315650,7070
3090534,2310
8915841,3715
8392407,2882
3032938,7505
9124434,569
1386065,3763
9835067,3216
7587251,5085
87625,834
7701677,8521
1708956,78
675256,1151
2244120,5548
2192891,2402
1484516,1285
3711680,5417
9019247,4704
6627852,7599
5610627,1890
3353167,8486
5884928,8198
1152295,785
1883266,5234
1957344,8797
3857725,7642
3330150,7207
4607409,113
9171553,3515
1896411,3079
9431269,1123
3206009,7522
4508461,215
6091821,4773
2290222,4158
7844222,7179
4357095,8652
5247228,1015
9783685,8292
3769310,6457
8122689,5644
2919141,4655
1356761,9551
3486062,8318
786845,3827
5431150,1216
9830253,3336
9226256,9180
900960,4567
1275431,6194
6521540,1921
2058355,818
3296307,2526
6198031,382
6696821,3986
3414882,7960
3053349,9879
5062158,8704
8272019,1013
407926,1813
9675263,9071
2854676,2228
2112670,9902
7082340,1272
8706130,8287
1696760,9708
3191055,8781
9697952,7937
6931835,5226
9482351,3149
5700702,8785
3865427,4645
803080,4575
8247486,7948
62176,7552
9519262,355
6966758,7921
1477010,6406
3949743,3269
2028297,2674
9634214,7075
9651433,2156
3622089,58
642556,5652
4159311,4295
7791793,2899
5501254,8335
4499796,2691
3836750,6867
4392134,9295
9218811,4330
2912158,5819
6677452,6596
7710964,7958
1553070,4780
5001001,3057
1546297,1590
9377003,8752
7034031,5482
2373522,4105
7804135,7751
4494389,6589
4266837,9043
6646400,6111
1653689,9023
1201126,4228
249381,9296
8829705,7569
3778967,1060
6341178,7949
2351712,9460
388526,5835
7217144,7577
260874,3627
2745195,925
6698810,8588
2360135,6779
9874187,35
4040937,4120
2047133,2870
9422048,3416
1045234,3228
3231979,1205
846794,9451
9344542,1528
6205579,4331
5376361,5244
8770762,818
2658085,9478
2488958,5680
3905814,535
7808766,8057
9668710,3120
1469294,4355
3007199,1902
1321219,1890
348484,653
5598488,2475
2230771,8069
4585073,6797
1197862,4949
2602924,6860
9058358,4803
8061501,9106
1957620,5124
9603860,8930
7096368,9849
5530850,8500
4967728,4557
6923459,8036
1630974,33
1613766,7549
7895569,3021
9690657,3835
8283973,7832
1984814,9830
6772460,7941
7747450,3572
4752082,1087
8904377,137
1037436,863
9531867,98
8196284,8775
9525036,9123
4141921,3541
6734655,1639
4875557,8665
178767,8744
4104537,6365
9805596,2661
4101217,9916
1559614,6091
7753919,7312
7298167,4899
732715,7440
4090051,5111
5267366,6732
4091986,4494
628724,8097
9904150,1767
2739370,1623
6561850,9488
2417271,1240
7244309,8384
8950090,3800
3213746,3791
681681,1682
4236331,1426
5545754,7669
6005087,1386
8259806,7241
9839264,6541
3134856,8796
889819,8726
348116,5070
4798780,1146
4875000,8987
2688969,8482
5757820,4604
124865,2732
899709,4906
542474,6974
9732199,432
3052295,6213
8051439,726
8091535,1239
286444,5800
8647884,1146
9269100,6973
2845946,4427
408503,2691
2005707,15
6825721,5541
3288837,871
6145502,6700
7610969,8282
4872170,9458
4745607,8316
6001234,9589
4460620,9351
91002,3501
7965977,813
2844285,7166
6286572,3976
3085270,4650
112263,5181
3267786,700
9848218,284
8731135,963
8064893,2454
7652304,3124
738571,2375
2326665,5610
8454335,7066
7508009,2608
5371815,9603
4944832,783
6003239,5284
7608112,8075
7600359,4729
3360292,3129
3367478,4637
8909272,5412
7763662,5493
4720724,764
4715693,4745
7173229,5727
7532592,9039
5352666,2700
8170572,2585
8273139,1463
6629733,4913
8373551,6783
256913,4267
9719037,7201
3040991,2545
1339703,1650
2589520,2712
3369122,7505
713858,7621
1637387,6331
2099477,6110
8695293,4764
3390186,6124
7978752,5066
2598783,5388
2272242,7696
6555612,5670
8223493,705
9667657,5566
1902835,3800
1689684,9973
8807285,2904
495222,1737
9294837,6833
564215,5292
8068129,3458
9288469,9146
8088376,5959
1807239,4324
87236,5594
2407740,7683
5929654,384
2920093,8551
1588806,5231
1947560,167
2317415,4594
8098262,9551
2264230,6288
2632196,998
6548450,1027
3448513,795
4694216,9234
4377397,565
5711676,9596
8047428,601
6170291,1363
5248040,9408
6548408,23
5627348,3900
9097266,434
4108636,8977
7810872,9110
9436579,4138
7357315,6014
4734176,9211
5798010,7607
8045099,3741
5495056,4533
9194716,2956
1727321,1593
117484,5842
7134362,6306
1771816,5015
17625,2939
7125427,7272
6438036,4408
7108655,2408
7562441,1740
1935724,9062
1555953,519
1437598,8351
3757440,5823
8447774,7864
5397690,5369
4552662,6748
9297120,5941
3972581,2189
7000317,6057
6019939,5180
8942465,3705
1226799,4115
2015739,9714
7988794,4174
4644681,1906
5555658,1057
9108015,6605
759030,2929
487941,1972
5816934,5519
8174542,1086
618802,5893
2975720,3168
2434296,5971
4813181,9325
1281482,6694
1924883,7069
4123360,6030
3486323,4845
9371654,2867
4935783,6473
870960,2870
7026819,207
8477395,4402
8799326,2827
5427324,8244
5440639,8717
3695618,7699
1918533,1995
8163609,3876
1230289,6807
8080873,6554
6021801,6205
1804744,4302
1662940,9602
3561192,3006
9204697,225
2305545,5219
2575331,9001
6178119,9092
6896471,426
8494232,8783
9894790,3234
9437347,8859
2933803,7444
2888097,6558
3042395,6079
5359519,3179
8389537,1242
9576097,3351
9635993,4255
1137971,5128
9840392,3535
9772628,7178
5537359,4185
497459,3552
1392055,5078
2080381,6254
3397193,965
169179,947
1949460,598
7910158,215
1366272,4971
245857,2865
9975396,7308
3640261,5293
320036,3245
3095650,9088
6108651,2155
285997,7055
2605426,3921
2321511,6024
8837885,9877
7571850,5532
6979627,9496
5894189,9405
2579110,8519
7001342,7221
6629662,5335
5748830,8663
2417890,4913
8283512,1679
8314720,4496
4962698,8479
2044542,355
2982549,647
4402973,7266
9310116,967
6167683,4514
4584957,5240
7143637,7197
5850976,3161
6482017,7106
2693674,1147
5698705,8683
5739252,900
770596,7833
3170120,5037
4388735,8916
3177889,4421
6183013,8944
4040425,5567
9325085,5646
4646861,3242
4519229,3307
5953566,2463
8806165,8905
3485688,7717
6633166,1779
291360,5443
3869038,7703
1080380,8928
1907586,8870
1409899,4442
55798,1641
1608049,8381
4630520,2601
2849746,3801
4977841,4968
958904,5740
4553617,3997
6026122,2974
6174113,1340
5558830,411
2834905,9574
8548541,3232
2528981,5845
4946311,8036
9091749,4623
4030276,6061
2683840,454
8171267,2290
2769319,8454
8395220,3616
3825746,1733
7192884,5600
1746015,7318
9489465,8710
2011091,921
445754,3172
3473852,358
7907669,2168
4703491,2845
9124460,3461
6922715,4011
1005405,248
5447885,9839
4032089,4820
2888164,9894
3737936,8533
2508682,4728
2423657,1309
8018667,5180
7567120,8409
9690574,4139
501973,3879
3977966,5322
6772492,2632
4301694,5258
8407117,5513
3573202,1122
3977098,7556
820041,8958
5666225,1963
5616012,6555
5015664,7388
5751594,5638
7593745,6267
6424247,5958
2798159,5962
8258505,8929
345376,7161
8597395,9424
7238457,5154
9790682,827
7293335,5421
6639045,8951
5918817,8713
4452558,3610
2551985,8341
852558,266
7405255,3211
6471102,5143
4063791,7646
6858598,6924
3743131,8411
3250001,3101
1306208,9863
7027014,8668
8384160,1524
1589184,9214
4715121,6065
7910246,803
2732977,5815
2897969,9764
240082,7915
7455596,6564
959473,4980
4656386,7012
5014014,4800
3733528,4950
151253,8143
9819670,5066
8281475,7984
5943544,1213
8301947,3459
1165891,1599
440163,9637
9963210,8615
3987810,2415
3098136,8666
5322777,1175
3007887,420
785516,3151
3849466,3430
7788602,4342
5589831,1198
1142821,6892
5301207,4500
3019120,5365
955008,3596
7651386,5919
3213854,8509
7075824,2807
1689200,8281
4473384,1884
8057323,4999
9953554,8348
2874135,7174
8092636,9724
5326756,5846
7019669,4394
5052160,8740
5947566,9796
8165835,1845
1226297,8303
8974010,2081
5476285,8755
1418539,6210
393182,304
471803,1327
8528963,810
7365491,9441
563247,8082
6795947,221
6517462,4956
8148296,488
8373310,308
7634654,2440
708226,4256
5685596,953
2027113,128
4541918,6940
5018877,2003
3002459,691
1902235,6328
5334454,8177
4506482,1885
7533897,9155
9529784,601
3378830,5809
9722011,9840
370837,2593
1303170,3804
4992655,3604
2935805,590
1993683,6221
9518827,7612
1615341,2724
896506,9345
3909760,9656
5248249,1348
4062732,554
1291327,9523
4340958,4841
6375286,5446
2062048,960
6826242,3740
9660239,5347
4459639,5498
7344266,1535
6960864,3342
5244704,3162
9701498,7418
58568,7823
6654414,6679
3197603,1529
1773742,844
5851178,3381
2666077,5245
101678,5506
6940734,8142
7345650,7574
3956831,7192
9226058,6556
6474882,2794
8786037,7160
117775,3790
5281328,1622
6856773,1789
2540073,68
3509213,4602
6967452,8513
851398,2334
9007731,6946
2180917,9073
1183110,1571
957786,7450
982539,8558
4408955,3004
8219729,6737
4306947,2058
1109273,1922
4462189,8375
6837173,9289
6040250,3921
5588378,6348
9901655,3384
4289227,7654
3672557,2305
3775723,1414
2534168,863
9712917,8529
6365706,1540
3054470,6554
8672429,7741
8492055,9602
4422958,8567
8216119,8349
6068891,9915
9626841,6528
4304929,2855
2637374,8703
4522643,7826
7371903,5910
5486942,3208
4188844,1533
2767098,1484
3168420,6022
6573626,4034
4320335,4027
3653349,4649
5612148,4822
6349377,7386
3478483,5284
296794,6489
100998,7507
8235955,1317
3092946,8977
2366865,5633
552973,2605
8400949,1064
5331182,2461
8047577,2545
2963521,2424
1234879,5891
7402225,1065
4244483,6133
9289947,7991
8510597,9332
1137202,9919
7976195,4095
7343238,7837
2164285,2199
2139663,4662
9437906,8095
9791973,2077
9898649,9193
1146069,9717
307999,3292
4550901,6247
9639260,9518
5603969,1809
3218647,4284
4089304,3987
1062232,9906
5967090,2914
6507556,2868
8349428,6735
1323555,341
1643068,7877
67337,8531
316396,729
7722153,5440
208766,7046
2340888,6109
8839692,8228
3852570,9482
841043,1561
322373,2424
1290563,6959
7172050,4169
923286,5231
7255684,3417
9522760,5265
1015448,9226
8284325,4846
2936933,6262
1231190,2918
103635,8892
1285041,8858
5832301,4659
6856583,2515
177995,3506
4559474,3766
8199820,8230
9980311,4407
5380596,9795
5797381,5782
236195,8630
722497,6663
2662826,1508
4842770,5809
8344356,8772
2071108,3970
2910528,5702
7010662,3018
5468184,8138
7388046,7281
4577068,2529
7164899,1082
8741832,761
8458916,149
7694034,9496
9188531,8213
9048776,5693
7964639,3466
8604836,1719
8321251,4985
3906633,1135
30238,3451
4907074,7694
603857,2641
8329189,4424
9924890,6730
9849656,870
2251053,8552
8986488,4651
8415526,9453
5119897,9890
9642303,5246
1766257,1379
5118238,4673
3300068,6224
436240,5501
7921404,8440
7626964,7679
998318,5089
3373656,4688
6324949,7058
7088787,5183
677896,7060
2413495,1228
5703567,291
1939913,2133
329350,8049
6423814,175
2918796,4795
2727397,1135
2441583,8417
2958605,7724
6063613,3876
6274154,2086
3503852,9980
103810,5199
9244173,1706
8206176,5005
6860100,5990
498601,7533
3069776,6999
3401740,2121
6441598,9839
1968688,5168
6208050,5424
367007,1632
6714367,1208
4473359,4989
9452099,5626
9372212,6257
7819664,5423
6680085,3871
1313272,4588
9395946,8179
3246130,4872
413641,4791
1974230,495
4582241,6816
9826613,1317
681048,461
5652911,1462
2377377,3282
780250,3183
8545404,2863
1308775,3367
8977803,8208
8252272,8335
8718175,4414
1362355,6880
1402758,7510
9239443,7853
737353,28
8206629,8450
9534302,8957
5978920,1490
3916643,3941
5446685,9172
8309661,3235
7206535,3653
6322825,7539
9112553,591
1429279,1266
8460014,8161
1297432,307
3164710,9218
4818425,3534
5567967,5558
9973725,205
1479425,9215
6552618,4523
1075990,8450
8151428,9459
4636124,3911
9717415,580
441523,751
8747109,6558
64820,8416
3596897,520
7420089,3710
1766677,7222
1874672,5401
3170337,8075
3142970,3985
9452368,2947
9150856,2775
2980954,5642
6946703,9828
7157795,6407
4496323,2188
6340748,6011
197580,5972
6100231,2926
6312083,2584
4495006,9674
7891769,7890
7633476,388
8364989,3161
5454864,4840
7106908,574
3954305,6075
1628657,9575
6434450,4628
3782,7866
4555091,4325
2432728,2793
8076269,7950
1321761,6749
6877016,1338
151235,1078
927940,5085
1298987,9815
6242278,9208
2909071,6065
4981921,7204
3486701,811
6607062,906
1460306,7745
5313967,6283
4979342,1107
6850967,9717
7616578,8437
911277,952
5030612,3861
9512141,8711
308446,1052
9693668,2642
8134109,9833
7701745,7307
3302665,5019
6478594,5854
5650575,194
6360389,200
3027380,753
7111131,4788
7224470,6610
7352552,3032
7329992,5971
1503772,8710
7794153,9475
220216,433
2984760,5887
4447063,4136
338249,3638
1793903,1375
3550160,8464
6771060,375
1858488,6675
7306124,352
2274750,1598
9363347,8964
9713144,5313
8861058,4144
7546512,3499
377713,41
3944103,6166
5703346,8873
3235611,8765
6506357,4241
2286225,5571
4016551,1456
4761546,9913
6289494,5434
7364597,7263
3732684,6979
6570876,9529
8129184,8327
4096763,4731
8527726,2326
7566085,9632
5599452,1381
5567216,9265
760194,3028
8811603,8960
4986466,3722
5420973,3757
8059549,3823
5261049,8912
3245657,6862
9680766,6000
8454478,4245
3061832,1525
1323754,7878
1530946,2526
82641,5380
5526578,6039
8824862,9461
1508437,2135
9217403,9062
28763,9580
465765,9158
6167395,3987
9589908,7682
1718312,1360
4835608,8953
7080362,5411
2214237,4084
4316859,6730
9593447,6388
1669763,4272
168532,4830
4767393,9784
7552204,3916
3019653,48
5699673,8051
2529412,2075
7607986,1733
405334,3306
1980319,1042
321677,8805
6204999,6925
9952282,8380
2707755,3340
2434536,5168
1167848,2897
2575371,4507
2598256,10
3475688,5489
4831895,7811
9954459,2480
461799,4785
7813696,1643
1719524,9946
5674201,8400
7688580,7059
1464764,2340
6065790,9388
526689,4260
8000748,7070
8895212,403
9056792,5375
4937058,7940
2687999,6697
9411237,4271
4999838,1262
1591177,5982
5525192,1819
3261297,6979
900620,3796
697473,6446
6782830,8768
2926041,7671
9293160,7555
8860859,8605
6230661,5186
4281556,1982
2078804,7903
9272568,3686
21727,8760
6135334,1089
3322129,8014
6795226,2002
67131,2081
9318565,7109
6151096,5804
2876039,9053
7469497,6266
2383980,8242
4947882,2792
407708,7484
4109596,5780
5689100,5382
3358792,9047
7932503,9809
3624560,4469
8372351,2118
1220964,4191
423962,9684
4747494,1171
118378,1748
8751324,3286
148561,9649
4423350,9267
5641078,7629
4619183,8858
7994585,9306
4971658,9684
4461816,1267
460013,465
8763328,839
215405,5689
2352692,8861
9705468,8550
9342877,6745
8888271,9311
9726227,8724
7812984,103
6716438,8198
6564667,747
9228393,6745
2674143,6916
4109518,4478
3244739,9326
730584,7967
3105433,6510
2053592,3045
7173236,8770
5931488,2340
575678,5152
2115126,4342
3262675,5415
6602218,9565
1106700,3768
9158767,4571
5877285,6126
5825114,1781
9108689,3250
1991588,9909
2742362,5172
1892111,2722
5124835,5161
1666167,1988
1654420,6293
7806020,6661
377623,5582
4865026,6812
1499358,5128
5694999,9496
2464429,2117
787873,1171
7563760,3397
8136365,1586
4268945,8878
5869159,8242
1681999,4437
9603622,7596
3309390,8741
3202166,1449
9405974,5542
6348257,489
812212,7390
825406,4797
1972499,6637
4364793,7021
6539047,9806
8094193,5933
2047147,1300
2058262,4402
5020410,4111
7490245,6099
946432,5295
303125,3191
5875174,51
2880016,7623
3309896,5431
8718461,7925
7514082,6181
3695010,5342
802896,9512
8501574,8241
8657982,9062
9720448,1316
5688497,6204
3804065,4896
5609224,3052
4727700,4824
7987864,4246
2290556,9070
7091575,183
4308234,3728
7574654,3365
4359929,350
5245005,8402
7230140,402
9852334,1332
3866856,2955
7602243,5748
8449463,7109
9384122,3793
6146141,6481
9599522,4425
7065676,4109
9621340,5832
3359540,2196
5138236,1426
5555926,475
7801685,4362
9725773,3395
8259440,5740
4220192,9820
3208540,3675
6095658,8160
7000172,1581
7817205,5024
5716184,9209
9755501,9209
9218597,8818
2340109,4139
3514779,3140
5563950,2652
6258120,3869
1180040,6562
9071528,6874
4077175,6031
925580,8826
3631609,363
9930786,4304
6434491,5072
4708451,3345
8536157,53
7905493,5807
2878006,4643
873386,2566
5552866,5239
445365,2890
7960302,3021
5750183,6146
5188179,7024
8047319,646
5844867,6686
6355251,7236
7885000,7898
1585851,9368
548130,4509
2923481,9211
8187953,9461
2753591,3947
5780600,6495
6722502,4485
4327707,6110
1078477,7548
7948169,8586
6194871,8596
115685,286
2316065,1703
8668279,6583
1609057,4059
591768,7410
4946034,8319
1672715,3834
3231357,7449
5259070,5592
6731679,2567
4018479,6995
3279290,704
3455952,7282
4600314,2942
285272,9761
6025141,8977
2757135,6208
4427158,6371
3774811,7017
3938510,2398
7018491,2435
6839106,1153
9769968,9706
1734037,3665
5704785,7743
8850717,8530
8435952,5300
5671360,9828
3534233,3331
5756570,5829
8172755,9088
9911282,7355
9653577,5770
9667951,75
8430328,7147
8936538,4685
7365808,8923
1326426,650
3644068,2133
1031515,9247
7622336,6815
3363726,4631
2314176,2105
9180554,5200
9561452,7423
7931589,5013
6043281,5725
4018373,5544
6069432,8945
2473501,8117
224057,1135
8674185,4364
4897919,3469
4253289,9402
3099095,1440
877551,8237
375621,5717
5187208,8219
7152720,8687
4822852,9394
1568207,4925
8578828,2988
7041013,1222
3017117,4958
8625645,9499
3088208,8107
5387535,6743
9011204,7810
7346809,443
253104,7651
2022712,746
3419621,165
2919560,3648
1809023,1586
804922,2507
9000873,6253
1186417,5548
6245675,7582
2828861,214
4394602,8101
4767169,5512
3341086,7858
7075126,228
6332489,66
5982082,1858
4484939,3359
9102433,2301
4045693,4767
5825867,6719
2356568,8716
5433631,5665
6482376,8484
8907302,9585
8966015,116
1503960,3139
266080,7393
6735501,8703
4878557,4895
2880327,941
4080310,9370
4231667,1882
9426586,7736
8279183,69
9220470,4181
814988,6111
1555128,5591
4250548,7435
4177747,8663
1594470,7878
9977484,2381
2689045,2549
1145528,3950
3851660,7978
940,2510
9100305,4226
5019651,4891
2748536,607
7531739,592
4849009,5755
3335872,7981
6699235,2613
7899324,7115
9585056,2947
724803,5820
6970859,1204
5318297,6608
2769699,9088
1648826,8158
8639342,1942
6896311,543
8633089,8696
9014071,3836
7319594,3636
5357558,2906
2328099,8913
9055741,4557
7151979,4880
3141929,2992
1082923,3049
2670353,5658
238426,3852
4994883,2668
3712587,8509
2689829,3303
4206294,5029
3546640,3249
3468105,4721
3564003,2794
5717347,1735
8607027,892
127896,8213
4977765,2541
8853038,6547
5689431,9642
4747060,32
2712946,7404
5242382,4924
6457134,3589
7479902,5351
1361583,2439
5723297,5495
4939971,7314
250686,363
2085277,7948
4913340,8653
3319729,9167
7211740,1789
9288786,7625
2131620,8
6192893,2041
7663112,8869
1552461,684
6260122,357
5899456,8808
5702907,6099
5945896,7813
1923021,6506
4076025,8494
1302173,5015
4493868,3910
9538859,4555
8719826,4998
1385008,2026
2334853,2411
9219503,9029
6965677,9890
9694424,2707
7406865,2076
3423789,9171
6182415,5036
8601364,7103
5165670,2851
4902198,1525
9820757,5885
4426736,3202
2342955,508
4359548,8287
4112373,5740
939780,9042
3362081,9241
7773494,5806
2738483,9946
1615237,2898
2568161,591
3022810,1947
5931287,9828
1845181,91
3550910,2665
159122,8104
6383204,3510
9480161,4179
878837,4701
7189578,1748
166818,9175
5954529,4004
9723140,134
7408311,1587
438602,936
258362,2764
6064452,3523
5948334,7736
4291606,203
8287395,3423
5427321,7901
6411579,1779
3207335,8063
8197344,7206
5889668,6903
9523972,696
5018914,9689
6724129,689
7085162,2016
9602811,5247
9970987,9455
2185969,943
6309650,2468
386472,7301
4004034,7742
9930774,7801
2203606,8349
1563012,787
2697229,8694
7238809,3632
9524287,1579
3885247,359
9834034,8213
4066251,7705
5786707,8799
8219848,2779
4021498,4764
8206930,6667
8184553,8551
4376081,5357
9187003,9779
6629754,6024
9784716,3336
8582641,2594
7751584,9767
8720521,6997
2276871,9201
6048107,5228
6401436,4471
4799153,1078
2857555,7511
1880378,1706
9431941,6478
8225268,1516
1452542,604
4545092,7683
751277,9766
8404581,6012
4873366,4231
436559,8526
4197334,1378
1978833,6339
4870773,3643
3557852,9397
8513135,5253
9124470,8806
9419667,2349
8834096,6741
3889929,5878
1854920,4950
7494471,2006
8457516,6798
2618938,9671
8708263,1180
5237665,1652
4818151,8506
8535216,8412
6741364,2539
869370,4706
2377472,1400
9616438,4157
1554614,962
4496772,236
1244808,1682
9103836,9083
457656,630
7694478,958
606178,2779
2901726,5938
2702628,1836
7574768,5985
6150778,4581
4523272,9600
7047398,8272
1884908,9618
8509968,7426
566788,2642
824780,6614
3603215,9283
4624610,2794
9748695,9879
7899285,6181
8604624,8870
6691688,2245
7612696,5739
1466878,3054
7616031,3153
6508252,2472
7823098,7149
6983622,3858
95616,2230
2603923,4163
1585433,3163
438255,5423
4483018,6226
5598174,4173
9148561,2088
2888941,3688
9535773,9068
2844191,2477
5139662,8848
5327571,9175
4820490,8648
4203006,3320
421273,8547
4495484,5717
2605604,2907
3595695,9020
4093657,9195
1764291,2031
5589810,1921
902209,4061
234883,5512
1213519,4058
9772447,1075
3552041,7372
477908,6654
4273910,8591
3824696,8801
8206234,8777
7567820,4223
5471994,2885
2556537,9027
1007293,9839
9574706,5751
9654749,3391
3176823,5454
3739238,7283
417229,8814
9605949,8698
6274571,89
7875690,4262
7923451,7683
5765010,5156
3955308,8646
7738017,935
8180239,2239
9024735,9104
7204589,5752
7734202,8402
2760188,4661
7747094,5276
3692267,3615
3229671,3617
6794595,9864
1751009,5724
6800322,4052
3950250,443
1372707,2206
1083101,6872
8758644,4167
8135572,9803
4093776,4493
1063791,6311
2306527,8640
8740546,5740
6915068,3325
3916291,6036
3743616,5895
4263882,726
6297517,238
5170407,2950
2892512,8750
474805,1981
9661207,3459
4010701,7459
990054,8351
2648966,4291
1015555,8290
1818398,4399
434280,7727
9503655,5991
2431045,3972
5225047,7261
989289,9024
8628598,909
7170878,2864
6965927,171
2317015,2261
4479017,8
4192376,3858
7176703,1468
771388,4968
8913417,9774
1053017,9364
3286933,1424
8863240,6116
6097701,8863
8582424,496
2461286,7851
6133927,6485
9647666,5763
3813284,2592
8524613,3165
6718666,1768
9272335,8165
5718222,304
7147735,8341
6283953,5695
8715115,8718
9313988,1267
5341158,3461
2367213,5025
8775458,6264
3942149,1020
9571641,2079
4329754,4689
3657663,910
2338293,9708
5196806,6205
3549671,7374
8040190,4247
5122639,2736
1872512,1965
5685051,977
5751385,3613
7595181,5303
2561221,4246
6466836,375
2604363,4312
5073405,7995
5212929,7294
848487,8479
6476176,5716
9994925,260
7249965,1489
6587133,6893
743532,5222
3404510,820
6995519,5283
6909448,813
2898223,3148
3586222,8268
7387474,9466
4665545,5935
6501302,8884
5167013,1488
966511,6626
4735195,1070
2171306,7914
7572019,8620
870494,525
9241788,7795
2970812,8129
1843275,1863
2002462,6150
630877,691
1126928,3291
3609898,6873
8109630,6397
5795264,4839
4688293,5068
6636655,6584
7844380,9033
3681783,7769
9772572,5894
4240017,6404
1233563,3021
2735447,2037
6120506,5846
6625413,7817
4451735,1935
2191609,8456
2564547,743
7178858,7019
7405916,7559
171372,1857
1862258,5084
882889,5812
3612811,8818
6604602,2104
8347744,4620
5252058,6405
4758760,5535
2658905,7185
1586751,6889
8235991,7625
2554789,1875
2035347,885
5732743,3177
3446210,2691
1920257,5473
7157669,4774
7928235,8803
7775264,305
6482848,8855
7697068,4377
4372234,2829
4184916,7290
7900040,5428
6509983,1889
1327407,9263
8010619,6856
8786754,3389
1655212,5894
4696143,5807
1003692,4980
9708206,1577
8788153,4768
7262838,2861
9428113,2167
5532069,5853
1759359,9198
5890845,8218
991500,6947
2642190,4049
8403997,894
1818639,2567
6927456,3253
6782014,3354
7333222,4475
9115710,3538
7356370,863
1167006,92
2459119,6777
9434453,7133
4719792,500
1376262,9647
7105809,3352
2797008,428
9671353,120
6188249,7484
2809739,9854
2059889,6565
1780284,8695
5983947,7220
6382700,5525
3428379,8325
1095100,5808
5671657,7162
8058042,333
8735449,8293
5188657,1143
7920749,1320
4932644,9267
1725807,1976
4373352,9606
6819826,1843
9292719,1524
1217964,860
9912710,3078
8202221,7181
5235009,3291
5204748,6823
5610612,4031
481982,1272
230618,5557
4219793,1713
4061413,672
5451793,4290
439437,6631
3608765,4701
5037249,5002
7169769,6298
2686741,3007
4697814,3895
3991847,3948
2700242,8129
525146,794
2001467,658
511210,6947
3683706,2219
9213998,4525
8931451,1711
3909893,9389
2283278,3130
4774293,6837
6026157,9999
5463030,6332
1723210,991
5668779,2602
9975523,2791
6063831,5185
5847243,8271
9975305,3724
4548265,5296
4025337,9063
4990252,8290
6696819,5335
5649638,6965
7362833,8809
717765,3006
1531327,2077
3875316,1382
8868962,7017
7657874,820
4418956,1143
745502,2133
232661,2566
3154764,6731
1501266,56
2499708,7846
3376427,971
7975984,1433
4180338,6645
3050231,1747
4585062,2407
8095539,5828
2348725,3341
2058141,911
3858697,3453
129408,7856
1690088,9804
9660228,898
7193209,9856
5264378,3161
4341534,3598
6408584,1021
619869,7249
833443,1754
7113524,8204
6384953,6858
3542500,7721
8956566,8834
6167896,1980
8914049,4721
2851803,6702
9200021,7877
8920609,9923
3360128,1604
3640541,7370
6032194,726
7985760,6537
1772526,5055
9950591,3258
1564890,25
1821486,3070
56830,7857
2921989,6964
2674096,4999
511981,7081
8730108,9777
1063578,9739
2993066,8737
5967562,4645
3114440,6622
1030892,8642
4536567,2298
9670965,2065
3966752,9779
6895589,3555
4328945,7140
6475969,9464
8820267,3298
8045506,2982
2818956,8335
9456115,4276
9414995,6720
2039317,4253
9664312,8981
116426,4531
4666550,4969
7228737,7790
5416586,5232
2109093,1514
1621488,9124
6065738,6321
7855221,9807
8233097,6577
37494,1704
9202915,5440
8896341,7965
2174593,4759
6548869,6167
5497954,5589
7006579,1550
7570199,5100
9285608,6749
9127430,1488
5360383,9387
2379698,8417
8586852,757
4353332,5426
4004824,83
4819567,7352
1713487,4305
9466622,8576
8229152,5685
1724857,8354
3298616,2581
9961891,7716
8305619,5963
6032708,1210
633078,2026
7226748,7152
1514564,7165
4003801,3388
4687921,3478
9353186,8115
3688617,9044
9445189,1095
8562256,8642
4876864,9584
9312476,7419
5486432,3353
2275030,3714
2452576,7273
5749351,7329
4080234,6043
9018082,5275
7264817,3215
505746,260
9070477,8138
4930570,2977
7513077,7399
9180411,7794
5345835,3129
1681800,3525
2803953,5175
6434978,799
5485088,1903
8958791,1107
5002966,9349
1549474,6740
6033555,120
49886,1356
7979911,1757
4492576,1415
8878954,2378
5876326,3976
7851522,3074
5134389,3002
4876597,7559
9922177,6346
4576355,3521
8207734,3154
8412043,1864
3966725,9930
9082313,3011
6990890,730
5059078,5148
3943792,4617
7118397,5095
9336671,1544
4108536,2100
4229225,7459
2371650,5490
9360847,7054
6602599,1283
450194,8812
1869706,7080
9846700,1516
532363,5173
4879825,7745
1695894,192
800750,9037
6763553,6280
6582136,23
7878944,3668
793197,770
91386,6792
7526956,1116
9894753,5115
689858,1747
9377320,344
4160324,5703
6254159,4080
443914,5988
2505178,4511
938669,6228
2189961,8809
6923649,9724
1159713,7103
2059378,1933
7147747,888
7289397,9157
542851,3635
4558666,4401
4380174,9813
9122581,5913
6113982,59
1784667,726
7869086,2934
8155542,1568
7385322,5776
4142704,2570
290696,2099
2274900,3355
5447003,4181
2206739,5773
3363517,9134
9891389,1302
9045953,8380
2545286,1569
6928465,8538
729862,6506
8715604,6280
8245070,9195
3977408,3897
4755647,7361
8482057,6442
4892860,8128
7863329,1334
8532556,9213
6095435,3054
5516874,4007
9596932,6001
7571781,9829
8030935,4106
5052278,8180
6748912,8434
5493842,5279
5091299,4615
8963776,2790
5560862,1057
7951994,6175
2663606,8843
742808,3158
328805,2797
186622,2702
6865610,5458
3324108,3012
9706616,6139
7998304,9500
3724437,4596
5908508,757
6036311,3983
8974212,3243
2115257,8771
3173119,8550
8776913,4903
6580372,3510
389341,2489
1797016,4746
1447427,2075
7472964,993
9072108,6561
7506195,5692
5688110,4731
2601663,4683
1028889,9176
9352185,8842
3181812,6943
203315,3138
1496271,904
5668174,6433
1104390,1405
2730445,2249
8874384,7202
9267503,1210
5475047,2933
2516317,5008
7614252,7080
9278767,2982
5805654,8731
5262804,280
5473980,4985
7814496,8318
5312685,4242
2805826,5429
8971911,8555
7126480,7764
4873523,1240
7187288,3323
5688075,6938
90275,8478
7993178,5197
2675952,519
8771699,5975
434599,5897
7173414,4575
4127848,6097
18209,1506
4527305,5519
5277554,4507
7500733,8953
2325893,2454
2873126,4169
3649588,540
707095,2655
5761985,8253
7327693,9016
9963666,9990
7709741,6159
1779970,2574
4175842,3656
8397257,9664
5889665,8852
2998044,6044
5223105,323
9864483,3899
8557909,7439
2365371,2092
5916750,9241
39747,9395
4249201,8133
4144174,6871
123031,1190
7043674,6625
5713218,4588
6190528,720
9367190,649
8253441,1071
8576587,4372
8634551,3214
9619396,699
5267,1249
814063,4118
4205889,5996
940641,5207
7461780,2385
1956733,1449
5142381,4466
3629678,4178
583942,5846
4591574,845
3158809,8717
6366173,755
8003539,140
4258572,8301
2968525,1129
7668956,5653
3779590,8263
3437885,9300
7940030,7477
321056,5505
132131,6583
8911413,1900
9044003,6388
8235815,1705
7465941,6346
2641395,5820
5449896,8350
4662031,8619
567974,7293
9080635,6639
4106441,9565
2662511,5340
9254186,678
1552517,7440
4850028,137
2561809,3212
5547675,5768
4594035,9322
7712833,3487
9127404,105
567574,5967
1542325,7037
6175240,5142
4591587,8040
5104433,1528
5387459,2257
695460,4245
3155541,7299
5426110,6686
4778680,9486
7664924,3416
7905108,2713
2824279,1668
362610,5950
5606610,221
8816206,5787
5970958,4406
4477572,3299
6156028,9754
4609265,1234
1492740,7027
2425318,1274
4324425,8931
5895171,8632
5927239,4489
1588898,7373
4908303,3993
974182,5478
1600091,4971
367238,9778
2649160,3830
4042787,3285
1116378,4203
110153,8957
3884757,2826
3443748,3785
7747408,9624
4757979,6317
5562140,8187
1311326,723
3831157,3100
2479423,3785
7874439,4032
4544800,712
2560295,8637
3503607,2709
1187241,9423
9561278,4445
8276084,5962
3806245,8789
2368007,4045
5259582,1368
478308,5684
1180914,4387
5187310,3102
3889571,64
6003416,8043
8924015,3640
548457,4981
3380715,2631
6716886,6601
1246609,552
8550350,1965
2405990,6240
4210564,3402
4060398,6998
1040547,9285
5487560,7235
5738814,1837
9744098,9857
3148252,9331
381320,9245
6304498,6514
2593511,3229
4314222,5420
1537549,5856
1456819,4194
977542,1687
2941585,5693
630505,3839
4842653,3915
4039878,2168
4778756,602
5742042,3508
338801,38
3575798,592
6639681,3917
3268805,3797
691249,934
8736882,6862
3606415,3672
4705873,4748
121463,4746
7570582,9536
7771309,2034
7703312,4317
2559782,2754
8647382,9720
9832920,9499
5594652,6346
8800760,3749
5890468,5532
4156277,9812
3066015,7222
8207820,2057
3626461,2067
1167044,7178
529249,6238
844136,3648
1175740,1421
4775374,2401
7783661,8461
6602144,3142
3962900,2603
9289004,2179
6494638,4911
3633144,2019
1365860,8159
1749647,1762
2214194,9714
5621914,7730
6883556,7262
7285688,1267
6010783,7383
6833159,5233
7209164,8645
8155265,3658
6190418,9719
9850132,9482
9680246,3229
4693727,1326
1460366,2465
9338944,8001
6265939,2114
35454,4362
3689390,4376
3644332,8830
19154,5189
9418882,8208
4757061,5636
8309526,5604
5510631,8759
5384178,5196
5673684,5190
763226,6270
799956,3819
774786,6848
5690238,9367
9732926,5244
957357,3379
8593792,7427
6757549,3764
5063393,2059
2646338,4520
643902,7972
3618267,9187
8028460,2786
8171889,7965
5099228,706
5586201,1022
6416764,1104
9460695,6818
553463,8405
7912952,4992
6389692,748
4234913,1984
5373278,5261
9425718,9039
7694509,3135
4333780,4854
8116391,4991
4695715,5718
9602004,8788
3726435,9438
3313560,8637
2660690,2146
3473400,5937
6883785,7472
2542818,6817
6848816,2084
3367693,3039
5974091,5784
5402546,220
8208919,8219
1328738,6179
6276345,4059
4375663,1677
8278807,544
2576135,3078
5634386,6596
7345165,9566
3737328,7119
8648708,8139
2548123,7096
2414748,7179
5460183,5366
7258556,2947
2534444,9173
566000,2643
6277191,5074
9287409,4729
2407439,3518
4293963,8396
6699540,3384
4341496,4701
8318179,4337
5061885,8476
5900279,9369
9933653,6655
2175684,6967
5256277,7519
3809263,1301
3587710,776
8330988,1649
5755264,6822
9602867,3881
4674525,3578
9649547,7742
2812812,300
5439909,6637
4010220,5400
4088860,4967
7773937,886
6518156,4541
9469230,2334
7482294,7299
3803205,4129
6169676,1057
5639298,9075
408782,2593
1916746,7748
5286357,7821
574165,7864
4453434,3684
9368721,6655
7331834,3341
1175087,4259
3571159,7426
7396674,8210
7460212,2377
5079372,8477
9522195,985
3154095,2296
8355745,9264
6834855,1125
4047967,7370
7587869,3242
2152863,940
1145553,9851
2803154,8387
4097301,5345
1066206,5573
5070135,9673
2734678,8497
467828,9913
865117,5331
4906391,6515
7082160,3714
8796941,3180
2427215,8955
3555405,6401
2546276,1217
1510532,2596
6336951,6510
75227,988
5431797,9449
8164714,4802
7634938,7712
1434052,5609
6618089,9717
8745353,9454
8521041,9507
2374872,8309
7391451,2727
6254467,198
1312031,7935
1525870,1694
3295993,3776
613643,1432
1702857,3029
4152712,4380
7629396,6273
8856034,2092
1577466,6787
2629139,3321
3509700,2769
9194049,1511
5641218,6594
7102654,2555
5583041,7728
5431492,1558
7847208,4675
8398637,7734
3952668,6779
6722275,564
7604221,6747
1108162,8471
6510014,3515
8554003,6879
8555745,8544
6370095,819
5739011,1742
4603854,3262
5169572,5844
1240036,9918
5873300,2161
5718379,5131
9679196,3453
1975525,331
3708500,2146
3151361,9080
7057604,8116
3126607,4316
5757445,2163
7173761,9702
1599701,1662
7353579,6815
920810,509
5750751,7349
9401431,60
8049949,9963
1036809,9816
3374839,137
179602,8346
7313513,2874
1349186,6416
6479718,7508
5320960,4685
2980859,2036
7105984,2569
8601614,4178
6296595,9503
5795941,7042
4902272,5655
3872767,5333
2234921,495
9500051,2261
5200557,5314
8162886,1506
945969,9817
91049,4653
7289058,7352
3871443,1865
7767757,354
1854018,1794
1822057,4043
3124425,5425
7591770,4414
8451740,8282
9981732,5310
4524535,4268
6617634,358
6772048,2725
3064144,939
3013389,7864
8334215,1788
5821210,6378
5349571,3226
4141829,7659
6241495,156
4033971,5388
4109316,1728
5917879,2534
6023698,6080
936628,8300
4465598,67
5351663,4189
9343574,7070
9105502,7704
4559312,5432
6208708,8018
5830929,7915
2246176,9571
974501,1613
6641204,5797
8768333,5332
7066433,5821
5931082,5846
6894553,8226
1669626,8329
7330792,6688
8789713,8176
1681344,2987
439050,8496
6427115,3196
3621133,5735
4739506,9358
1783752,2702
3233491,6482
1525505,7694
2971502,5164
3268479,6429
9479249,3804
8642948,4233
3130036,6223
5918805,9525
5762948,9961
3170027,7146
8280391,5139
7936370,4526
3401404,1143
1702591,5121
6782736,6314
601080,8570
3526955,9669
1607047,1110
7166947,8162
2511166,4080
6368206,6060
7919878,2611
4387661,4464
5716578,9843
1425023,2281
8028950,4151
8673662,9806
6497933,6361
9744715,7711
6026886,5427
3001120,483
3753303,1463
6248085,5382
3656375,1920
2349871,4529
7121141,2285
9643178,830
8736768,139
6654855,5519
7533138,2144
6517871,4129
1265230,7153
2861780,9822
8434761,7120
7517508,966
6848925,9922
8177256,5678
6842773,1676
7680190,8836
455858,8044
4932345,2015
7970057,3586
1812433,202
3556580,9583
7853904,4014
9690922,1012
4379235,1526
9627786,7068
6998396,7762
1815330,2444
7302550,3819
7060842,8339
7592927,304
1734408,5267
5232510,2260
4817585,9728
1172413,9002
8837966,3574
1548130,2948
1682605,5564
9240779,8274
5184560,7820
1829557,2503
3869678,9406
1935191,7422
8452777,1011
7634873,1667
8367752,530
8480185,6906
9617176,6921
4595599,43
7086731,8936
6675755,3505
3100932,7751
8469093,3694
6052059,4276
3357119,932
9569153,3196
3434161,5365
932545,8343
8547165,2859
8047525,9417
9896986,9309
4585486,7198
9406280,7137
8270965,1488
67132,7988
2212565,3240
3568715,7905
8678169,2121
960181,1059
3968503,7592
1754431,6257
8649101,6447
7765887,5064
404462,9333
1466604,4292
1377759,7581
5173026,1427
4674670,2292
9573411,293
3155831,5029
7057798,4111
6249020,2604
4145764,5040
8887757,559
6814896,4966
320124,8495
8657765,9132
7111673,8995
1817840,1343
1716996,541
6908410,4250
6408525,2682
7959623,9593
8569162,7960
3788165,165
8751444,2833
3758763,6417
336048,7827
6071799,3636
445157,7066
2690458,1722
4473702,2254
1090663,3235
895293,2688
8190200,5053
7061625,4906
6516181,2417
4088454,3809
9395140,8422
230912,8225
3926189,5876
8022029,6294
9075218,1072
2433698,2581
6059680,2029
15,6228
8907779,658
1910067,5500
9280883,6192
9490899,9932
2515632,6114
6719479,9585
9641161,5828
9730547,144
5158301,5195
4692221,5333
8068967,6688
6365024,3483
6756471,1024
1925435,3777
5769666,1736
4688678,6436
6303473,7915
4619319,3043
2214673,577
1454056,5455
6588095,6233
1198281,3655
9023082,7603
625569,827
4569199,5869
1796643,5445
258755,4933
5796176,5452
6104103,5258
3253306,5046
7513870,1096
5743434,8100
1746305,76
3000376,7426
4948859,171
8218750,1111
8339316,6361
4872879,2739
9409775,3615
4922976,9111
563285,2903
7095503,8949
520891,2513
933965,8179
8228365,7701
8858379,1986
9011781,5998
8533574,4247
6986972,3556
8888316,4772
4137190,8071
505939,248
4367760,1616
9932662,2346
3117834,7602
51480,896
1410639,3040
1447217,3726
8372256,6812
2683133,7018
6192976,3812
8452515,4035
7785408,4034
1823841,1685
1938134,796
9309006,9560
4221111,4359
3029821,9495
5444076,1950
661825,9119
6007557,8003
8014700,3186
301888,3061
9270679,3499
4591331,2402
2232994,8359
5674089,8747
9413228,7580
97551,7594
1521297,9998
5339125,8636
8368614,5316
2139789,5870
6634427,3977
5019767,2105
2740609,5439
9067213,5628
7766024,8375
8514634,3044
2669616,1417
4388145,9337
3486952,9438
1205047,4862
6906292,3832
9880459,4022
7917790,471
9287370,3323
4699,7996
9597955,2613
1786662,9223
3888016,1463
6580578,5285
727427,1646
1264269,1185
5757478,404
1193222,9588
5829063,3083
9033537,3732
8477154,7503
5017426,3803
3263296,9841
4507491,8696
2497460,6230
8100244,4971
9425527,7586
7545117,6839
1488490,4514
2400839,8474
1847259,5660
9739358,5260
3945240,9584
9270313,3852
3566684,8877
2803095,2218
9290332,9505
2638250,3518
6212830,782
3850991,522
2136198,550
9247735,6285
5207320,2158
3586509,6869
208992,2045
3242557,6618
1956269,2292
2453774,5026
4124196,3013
5629156,8138
523565,560
5256252,386
2941383,1796
5033492,4081
8155503,4866
8240605,4283
6649829,6227
1984747,8466
7893479,1903
3674224,1915
6647163,3636
1865386,5969
3810106,9263
1010509,296
1129143,5344
7735949,6047
3724627,7160
9545978,9617
2505907,9441
7749440,5947
8918919,7162
8162179,5921
886763,156
3789665,947
5755016,5993
6996819,1760
7964528,5953
6457333,1523
2866633,2616
8476555,433
1177327,1752
1329679,9748
7688140,2582
2308764,7599
1074059,2448
5945336,7482
298053,9483
4950634,2261
724009,1247
6072559,8876
5515548,8030
4089805,540
3730049,5767
5183209,3264
3604176,1303
2817510,7193
1379736,7292
4794536,6047
5739270,7551
146058,1782
4131796,9779
9251472,3250
3360408,2132
5323752,3311
1149032,1919
7964532,7006
8303160,3748
8766255,2485
2045973,8615
2901804,1717
9176257,8205
3955601,2346
5161814,8856
4628981,1067
1699252,7059
2732685,5691
3150518,9765
9828835,2118
1833061,684
4418226,1220
6558748,7463
7208358,4775
5368269,3063
2026103,1142
9198536,4926
731845,1804
6112035,9263
3566278,5012
6295105,8918
7722543,9684
5293122,8562
7252764,7338
7820332,7578
6967155,3032
9195754,3588
6511881,2163
1939367,9669
4869813,6791
229914,5232
4053,2633
6230212,7425
6014973,5087
7402430,8823
5852116,2695
204780,8776
9737171,1770
8317764,2077
3103075,1362
5420024,6249
5240225,7760
2941093,9000
5038242,1584
4080584,6882
2987028,6992
7876976,8860
6337940,9082
4921138,5758
8349733,8216
6637003,7092
4422787,7956
7199973,3187
475596,9237
3681987,337
8419012,691
8764449,3852
4331223,6258
4666292,5121
8197268,3880
4160191,1528
2776170,8296
9533660,4262
1932854,7772
8270138,2364
3430853,9061
7417929,4798
8439723,5644
4851751,2531
4177284,2758
1912140,8379
5539783,6281
4693676,5754
4944610,5481
1264758,7939
7967453,2197
9918090,3783
7205451,5896
2032586,5334
9900291,5654
6699838,8181
2180093,5675
6913723,5534
9734286,7985
1769349,24
1025076,6134
252112,6360
387581,1617
6449496,5086
2218397,6219
4717198,336
726362,9997
9007334,7203
2437182,7054
1148874,537
9522035,7552
2855236,8103
7482823,2353
6686074,9881
1463756,3482
2572328,4448
849270,6546
9617593,2955
9768328,4608
3277599,7584
371426,2212
5870707,9961
7879046,263
8332819,4698
3392255,2280
303161,7367
2748771,4614
4784978,5266
3778349,358
563642,7016
9967754,5073
4971408,8529
5624335,8303
6196644,8177
9710846,5425
5670798,4945
6068632,1440
631920,6120
5457323,7496
3282364,1458
7443434,4780
891182,4981
3570535,3046
4265398,6545
9148075,8732
4157861,9354
8966676,375
2068133,7127
8095590,5456
4922026,9670
2887076,3418
7235347,8024
7557264,4124
5544332,7530
5799113,7566
3411423,5271
4404833,1811
1221843,6662
1370663,4575
874733,7841
6705231,277
9118650,5966
2585723,8273
9315103,7741
3867939,2694
7143188,6537
8567006,6412
9319969,8985
3313448,1484
3561097,5293
7405930,961
4393979,2047
4608891,6987
1953029,4501
5951506,3121
4843516,7187
5453235,4376
442515,8537
1438396,5529
3659163,8013
191546,2034
2575909,749
4255358,2330
2564143,5498
6380613,6680
2970068,1905
5311808,7608
3200914,2674
2663937,1028
1308756,5013
9481897,9443
256191,5140
885756,557
3926988,9990
3617083,8970
5163710,1595
4788928,2952
8974173,80
6685478,9298
948311,5428
7000145,1519
9628425,7369
9520388,1811
9424727,85
9195296,6854
8415152,2817
2777777,6856
8031870,5862
7708335,7536
1140149,1561
678103,4308
4279985,7599
8558929,422
1303663,2747
5367842,5722
6200342,8718
2643724,8801
2532891,1013
3338132,4723
6512794,289
7319039,5091
1461859,821
7186627,9104
2088905,5201
300258,7572
6866783,367
7855930,76
7925495,6140
3208716,17
9000535,1289
2467390,2112
8905111,760
9475324,8357
4793329,4295
3530705,1117
7701190,2985
3866558,1399
65896,1485
4773978,6922
99986,8801
4234655,4822
5436944,7925
5339353,8713
4218788,7020
2980961,8341
9451843,7218
2356341,5636
9555198,3539
5610748,837
9553883,2094
7766675,8194
6741653,7856
7701995,5060
4558729,201
6514349,8474
9133427,1564
8214337,619
902583,598
4539844,5261
7250613,6951
6901847,5515
3133668,8985
3347389,6481
5871710,1601
2931321,6406
3847549,7984
9684894,7965
8498824,2948
5973476,5586
5686190,1261
1484024,1155
5698432,3985
1363591,5013
8347382,7118
817088,3809
537865,1009
6350559,5521
960156,1402
3553508,3087
4270416,9120
5742907,8715
2981794,1563
2191005,6462
1564070,7564
1729786,5370
2741328,9759
9141036,6050
3036596,8171
8485735,5988
8680412,414
8800435,4659
7349107,3832
7563756,2615
9298442,1748
3626458,2377
2880721,1852
7318685,4573
2412990,6839
8683743,8782
5145282,6943
5043689,3598
4815414,9823
3472175,315
9046699,4004
9178460,3364
2616688,8078
3531762,3822
2599473,9515
812128,6612
5925217,4280
7816805,1358
4776374,7338
3952805,8547
9387262,1467
4097830,2728
1837485,5694
2135343,8943
582027,7723
494044,1207
7933819,1146
4431669,3700
3977741,2576
1929317,3878
226161,5468
5283921,9243
1057209,878
2808352,5829
6761340,5185
8400681,9256
6472260,8758
2728346,1817
1208167,2465
7018110,876
9907826,9123
5631501,3277
8381972,8863
9464768,6550
1965929,8203
8109031,2449
1910450,4621
3779502,5286
1706672,6507
9613768,9267
9077991,607
5723404,3982
7200643,7477
8019534,260
7450437,1372
4850111,2765
4377557,1288
2095676,2607
5740918,8418
9493362,778
7328342,2824
6554948,8199
8456908,1908
4240703,7805
1113605,4258
5187679,8890
707557,4958
9836521,3982
7102917,5926
5548147,1400
2203915,8233
3845894,9794
3327204,1524
9522170,2525
3174850,3597
7052354,2101
544619,6322
1054236,5896
5301469,5145
775532,3927
6226882,7798
2294734,2769
3107457,4218
9954754,6920
3373190,5706
2636589,8570
516562,6375
1732475,281
7490238,4872
1608896,805
3971930,2986
7857485,4479
7746298,4832
2171723,7514
2589148,8116
3838859,1788
7978545,7313
5576828,9048
4317391,6732
2939352,2385
1903279,1607
2536638,3821
2504140,8449
4831882,4502
9655433,6048
2277039,4579
3872605,1830
4580764,2719
860048,125
5185501,4431
5747506,4784
7280359,5795
2739187,2109
1149685,1849
4958281,1877
1398673,412
7459663,9150
8332610,67
9262748,4108
6693267,9890
4016363,5466
732208,8301
204625,4781
4892968,7444
6392808,9393
2914721,3984
6400449,4287
5498312,1219
700759,4350
1893554,3036
7820879,5295
754081,9408
5450659,6700
3295980,3299
885958,9861
9514817,9931
2188175,3196
7813096,3764
3430154,9344
5332984,8413
1025299,1655
2124018,7044
7535279,8863
9973290,7651
3493300,4276
5499885,3675
9298989,5389
1632119,7128
3409771,4577
6592534,8869
2396184,7947
2694439,2437
4033913,2219
625692,4362
14999,2186
7677302,4978
8236680,3914
1865636,9687
13336,6642
4450826,4597
8639400,7073
3900521,7221
726407,4091
8639984,2143
9274475,6567
9728890,768
3797914,7835
4278671,3653
1350993,6311
1344796,8529
143034,6661
3413285,4698
5684410,3817
1893670,807
6228076,8299
4775230,5851
894309,4036
6048921,801
3212202,4627
5873129,729
5437191,6637
7009677,8344
7934722,4040
7497416,9344
4505041,5860
2926863,6341
5804549,3868
2929158,590
6022730,8321
5295448,7234
3027029,1456
7193543,9592
1798857,8963
2334169,4881
3510703,8265
4224549,4115
9398757,9750
2402267,6489
9002313,9938
6338952,7752
1409642,5049
8499305,1343
5640735,9452
9269129,4548
3121867,6693
4450021,6419
2203325,1633
2094007,9782
3372795,3483
9382635,3490
7304222,5584
3971208,2492
8001029,5332
2381069,9881
4783772,996
5454768,5822
6565047,8509
2979683,4377
5771902,9221
1855251,6498
7504876,5866
6011338,1382
8871307,3317
9053838,1541
7369172,3967
5642304,9140
2704242,9126
6438190,4479
8095304,9261
7482975,2717
7437542,1647
3708464,3332
7837573,2191
5562284,3010
1414803,4372
5349382,3027
7276472,9257
6207121,5156
469775,8536
4425217,7718
3218930,4797
4001424,5558
3861655,5453
6185929,7209
4757534,5099
5500121,3630
4310419,6310
4456936,4942
1533850,9893
6603018,294
3157647,5741
9025146,6081
3938385,9099
9531925,3480
2899125,2436
4575560,7472
3678128,1458
2436023,7762
4241650,6807
8685849,4689
6975634,1610
8434992,8259
5314325,405
8684225,675
9501916,9067
3342932,8388
439921,7680
7739175,4757
5006875,7141
1343545,1807
2335277,9247
445242,6647
55528,8598
6232882,7481
4861017,6761
8450895,8884
5111918,2940
2325502,2899
9723879,5928
4825931,8750
6499021,7070
2995502,649
1820707,6635
9945393,722
4386949,1761
4595537,5842
265385,5105
3083089,2650
7683117,9682
4844392,5043
9731629,8700
9398244,9687
2890478,7307
8212769,7532
8703102,8875
8904710,624
7788184,2173
8609286,3322
7086181,8386
4261248,9380
8099616,2608
3350365,797
826440,3143
7122852,9632
3672741,7765
7793838,6704
7534363,2094
6345394,1860
703631,1128
6333373,86
3539136,1339
9165524,4370
8449880,8762
1268730,3751
7148782,3121
5534051,2510
9767423,3484
964728,3951
6245134,9167
1095079,7876
9299562,8571
9408840,5343
3447440,8990
1663779,2153
3783608,5574
2312227,6719
5027359,7201
6568542,4316
2058946,3410
2783696,1368
9032733,1165
7833065,7977
1059285,9489
1374217,5154
4292845,8760
2554160,7367
6359790,9787
2035956,2698
48416,5893
8462503,2137
7119865,8519
2811808,7378
1737876,583
269641,8410
9887091,3038
9666529,8887
8275598,4293
2730665,1516
5739304,8707
4705089,3465
4082978,2790
7110378,9427
6249871,5487
5048227,9034
9124305,5210
4228306,9042
8899172,5966
1746971,7317
7846201,2629
7826570,4981
5758224,7008
6061910,6021
1227780,6513
7683720,8474
4172320,8220
3912671,9929
162990,5126
8275009,8252
8689765,2021
7689081,5393
9299558,6944
9980932,9425
2093004,5407
2008008,865
2767376,7394
9947056,1259
9681436,1926
9732402,1382
3958423,2712
7893721,5953
28125,7628
4864658,7215
8282836,2092
248391,1471
1972609,1267
7763122,2489
9601329,6077
3672892,7707
8208310,8644
7658757,7011
6145622,7822
7133460,2412
6354277,3735
8478581,5455
4561477,1399
5204884,1179
9194193,2279
6970348,3250
415959,7931
7259829,4598
6465637,6272
9153724,1726
5180298,8266
2352683,773
1915102,251
8060714,2156
9807014,2735
1779286,4242
685951,42
2511184,7290
4048071,6442
2280902,6236
4631901,5546
4439400,7079
9708904,3525
975709,3306
8222178,8685
3590495,2647
9190034,5467
7831816,1288
7215428,7529
1671325,3925
4978082,1320
3105770,4883
4082852,3032
2407496,951
1321773,6383
2898625,7220
5806476,9643
7154723,6481
5548782,4471
5860446,1984
9708583,4889
3918752,6303
3720685,2918
3617459,8031
393873,9835
3344070,7353
7154646,1496
3468416,5537
8060982,6629
7681315,1453
8299366,6499
7335168,5734
1302428,9598
5148436,531
2085445,1561
5241098,5704
5425373,5390
8862935,9132
4683801,2691
6847042,5482
3044968,8122
8821648,673
6249965,2984
7143565,4227
4117771,3070
9708123,6539
6225065,9696
7880344,6836
900634,9349
5725287,9728
9007272,7419
2388376,4785
8441267,2362
9452606,1832
8619787,206
5832178,4383
9954273,5502
2239878,5701
1736549,7411
9008105,4297
6885958,8303
1917212,1174
5082632,305
3271783,1055
789499,6494
4960021,9521
9744909,966
1800783,5796
5082743,3160
9010456,139
9710427,6951
3035882,3833
9321902,3483
9278446,6958
8171245,2394
8896310,1200
4778614,310
5827983,6965
3158360,7583
9618283,8099
8974621,4012
621703,4809
136309,8722
9785895,2101
3195158,7818
5097824,1895
9137090,8759
9597774,7037
7047534,2876
4187647,8520
6631305,1464
2424885,7093
738842,2568
9991878,4872
4670349,3952
5175359,3750
5739200,4553
2225863,2228
9292026,5955
1320108,2519
3823874,8698
6942891,2994
9316224,5297
4378858,8712
6742992,3661
7323073,9012
6067182,1524
8736806,5938
2079651,270
7366837,7427
2809859,2540
57177,3838
9328419,2730
7409585,3509
4486422,8029
5975413,3524
3309890,1623
1273959,3913
9403906,9711
6587760,6649
7508137,150
527214,5431
2760373,5853
6066130,41
3959102,5701
4613133,8689
6523381,7816
9557167,5067
3111656,3050
9173632,6729
6565380,7670
1437833,5416
3699352,1870
3513112,7107
5463953,5207
6672382,3081
2219601,3382
8644026,3078
3392247,1701
615887,3000
2973343,4451
1596166,5050
9567956,3547
5440242,2441
8624216,6985
561942,8431
2313952,3660
8346328,4118
5499062,9903
4797553,8623
4289944,1488
8478534,6638
1338335,9636
4012698,7087
1613573,7488
8698416,3275
4011597,4150
6943450,1749
4504902,9619
1998403,6666
5924420,6571
118872,1696
9676439,6289
3000649,1912
385108,6065
9617791,7762
2704868,808
7101286,1293
3929179,8060
8330681,6764
2970420,1034
3578796,2375
2758316,2803
8589288,3850
5132404,2948
699316,1225
6076330,8534
8680004,8714
837657,2950
6648690,2089
2670325,9411
6393844,7602
791121,7091
3748730,7333
6482428,7352
2238758,182
7201557,8202
1267025,3357
4185912,7220
9647215,1863
3985929,2918
9203930,419
9227811,3518
2130799,9274
5010760,9946
2282562,4665
4325724,9710
2940301,6845
9450280,5729
3381345,3781
4220092,7174
7960844,5716
4826232,1364
3492781,7642
5728756,3987
5106028,2371
4576748,2885
5552922,4875
3384268,9632
3215607,1905
670189,5731
1906434,154
6920816,1254
6421418,8195
4813624,9316
6022755,6988
1491883,242
447926,6846
5485063,8979
7270469,8625
4893615,3349
3731419,7947
7180255,7122
1471879,6730
8298327,7005
4158668,3229
3764159,1162
8611094,1220
2850819,4508
7859272,4630
2073964,6408
4948608,9486
6560626,2002
1835554,3139
6006521,4104
249808,6164
4787146,3786
2730331,9473
399451,5174
467878,6572
2712585,1027
9768714,4992
2902634,3429
4882756,5600
703105,7676
3777275,8268
2650031,2538
211438,3832
8288681,2564
6992205,1
1601727,7890
3203876,993
6979174,1534
3670025,8527
4212087,4828
6820348,4749
5468924,2354
8043502,4663
3187330,8673
2147264,8568
4565193,4899
1544720,8214
4027989,9528
5624461,1768
91192,1086
8913511,9895
8016778,1992
2759017,5018
5807614,8316
3677127,8330
3840626,3622
3411371,7205
3329211,5893
8535214,7383
2248370,6755
5210879,9398
9762085,6200
7872091,8852
4150540,9356
8140208,301
7347281,5849
5816770,9957
568152,2575
1892796,2167
1908077,8871
9764707,396
7483045,4739
5487318,4212
8462625,7536
5572912,6251
7880691,5247
7292251,5709
5343105,7936
1274349,2255
9869223,3658
7678967,4114
219137,8969
6587096,9077
2854422,2015
702298,1530
8715959,7808
9965660,2117
9320451,1988
3326255,111
3359283,2088
4883525,3723
6887878,4691
1871277,4566
8349322,611
2498814,385
9290518,1659
6806763,2333
796053,6540
3825637,3133
7135480,8643
3546440,6860
992609,2766
9775172,7464
13699,7668
7887458,2838
5404246,2667
9529690,1885
5108381,6730
42858,9070
1766882,2836
2823339,8012
4151637,7794
3425946,2586
35461,6832
9660353,4419
7299066,4893
6122976,3363
7213318,6453
1329079,5467
1879096,377
5679280,785
5740934,9894
6218554,3040
6333021,1414
5020592,1226
514624,6837
1414000,6014
2012111,888
8972771,4163
6484435,7942
2720085,2350
7086386,4963
7929959,6393
2427212,1478
3580866,3528
1142331,710
102663,808
7004576,6938
1743185,4457
4423840,1054
3567157,6625
4713248,1611
7435015,1094
4361058,4049
3959942,8837
1551591,9260
2271856,3535
7769072,1645
7721424,7057
2606198,9452
2350056,135
6691358,216
4361551,312
3216597,9660
6073842,6758
6960170,8946
4292933,8127
2043759,4492
5636899,9917
8224827,1303
9057768,2552
8316726,215
1255265,8778
9941308,5452
4758336,9523
461120,9537
8794685,1404
9319444,1532
5018991,1463
3334201,4061
3911803,9546
9795196,2601
2934554,8292
3996816,1432
6274363,148
2260206,6272
3381213,4799
7398747,2323
7865603,8315
1497445,4750
6237476,9284
3717829,2123
2689587,5426
7609865,322
862118,3842
5878754,1089
1639139,6338
4304492,491
6284613,3677
9764374,5787
4710551,9158
7717808,6061
2863095,4510
6445306,2365
3519009,446
2704249,6009
5681081,3398
315310,9756
1391540,8460
233372,2904
5066905,6785
7182325,668
3333474,9158
6952160,3230
9014185,5240
8581612,3338
978080,7426
2796129,3737
5775210,7685
588277,7762
3189625,1807
4495447,785
85179,851
5752557,8255
8954479,3824
1759325,13
71008,8285
2685787,7539
1216533,2531
4688399,3908
4267106,8987
9369704,46
5284647,5835
3645682,1276
7267044,7216
6053454,4759
889288,679
7600638,6884
8578968,89
118232,8039
3376887,7019
3080417,1502
1668023,803
3279381,24
1429828,2791
8220489,2741
7710420,5723
6578066,8289
3139227,4218
6242155,8432
5209839,6576
9234265,5840
481356,6446
1798142,3427
5771784,7901
5238406,4024
4516040,412
3303968,8961
1131037,7461
5682803,6531
9312558,4210
7051772,8395
1381724,6168
8378480,8555
1985529,2448
5924118,8721
9629725,8216
5568009,8645
6228544,7869
2334573,7752
6877043,1102
5345429,8817
4042430,5398
9961536,7513
6338809,4623
9099274,5945
6867918,8769
7394543,3614
1456369,6591
837512,1324
7536578,2804
3537468,6367
4577297,5870
6601494,2672
8755697,6205
8385593,9918
5738094,1521
7656478,1627
5608896,5320
7553271,724
5544460,80
2466412,830
1532278,6832
9393679,643
5362372,1238
6937731,1258
6787427,7537
8568340,4908
219818,6924
8859035,4626
3209013,7448
6804564,3372
9130140,1371
9968633,2916
1710514,9414
5097857,5452
8130599,6995
9835900,5010
1853522,3261
6275579,3043
7999309,2057
9023737,5444
477086,1695
3140885,1508
6107028,8458
6766863,1429
4323119,6839
2457846,3667
9528626,1953
1841226,3692
2563110,8209
8964969,9367
6610451,1825
4162001,3331
4490426,9256
8125607,8252
4079617,3265
4472648,7199
1293002,6835
5056802,4385
8239990,5087
7094810,3776
5320345,8849
6105213,721
7963419,6181
8407956,2876
4329285,2664
4862878,8244
3081787,4158
768918,7360
4596276,7872
218250,4998
9635488,1691
6976437,3599
2089971,4371
5472870,8504
3615067,5280
1213690,109
1405487,936
3641425,1773
3671957,9201
6916205,9893
6264961,3167
3579133,958
6248981,5929
647342,243
9071087,4478
3888255,4659
9840011,1450
2514895,4696
719166,3220
9051681,3906
8540191,1271
1627413,1632
4271182,4097
135352,9332
3716257,5003
9167581,6904
4481513,5489
7378576,3747
8838479,4853
9989925,2981
8220582,8327
7763943,1846
1916705,7971
9444423,8082
7304519,3974
7096242,4542
812063,8019
4146003,4993
2068957,112
4821704,5074
8932022,3223
9345013,2696
744853,3595
7927693,9580
9452285,9606
8131255,5522
4909389,728
6576162,4982
143331,3990
463339,3954
1975683,5437
5031810,589
2376745,690
5000407,8903
8154721,9006
6022384,9105
5421684,5667
4485870,2744
8683867,3514
8650617,9677
1748774,6252
1805855,5426
3389202,4786
2692275,9613
5676961,7051
3875646,1140
2848090,1350
976458,8606
3056847,9315
2788008,1091
6255694,2963
9255567,8948
7292571,7116
593821,5898
5288565,5916
2369023,1325
7276698,5417
886503,7023
8949753,9795
476713,3132
1052500,5672
5617486,591
2319994,2335
5179086,3394
9155189,1588
9438813,3142
4203305,8074
1479273,2216
4433519,1866
5080907,8914
3494412,2341
6807513,7774
6275739,7842
2489517,7593
1515734,8895
330357,1335
6895889,1387
7778121,5617
540839,8176
359054,8395
3919481,9980
7321410,5808
4123695,3878
1485480,9518
150824,6251
2722567,1583
2350434,2502
783281,5274
2986751,2874
9026148,3805
4594144,2402
5454581,184
839411,6611
5753790,6661
6516500,537
1746341,1490
3100301,5589
8890652,1548
7256218,956
1348869,9545
7715363,4699
8509846,6986
3133126,4693
1141376,5958
742909,3673
9292148,6486
4557749,7216
4735822,2345
3063392,4309
4185548,3144
3953876,8392
3613361,8803
5029831,4326
2810646,9605
5885115,6641
1246168,9595
5861185,8532
9255906,7485
1068088,3800
3214987,5173
5014288,9516
267599,8903
310817,856
1113696,7681
8658434,5396
3056056,5311
6403405,9778
6602360,8253
3201880,6585
6608564,2644
5705166,3852
5854286,5044
8928214,6967
5370196,5743
4042594,5128
4681920,7507
1878573,8866
636033,1549
1675244,405
5895478,9045
123386,8382
8141700,2543
6805263,4966
896269,7652
7998610,9239
3481496,3231
128787,9303
9209932,9242
417616,3704
2906811,1204
9183886,9194
3918564,6837
6669845,7301
3050655,7299
4505089,9840
8080655,295
2988049,6812
4061852,343
982931,3027
4328804,9608
7211302,1756
5259481,8052
5200913,4830
5913125,6497
1345837,7154
8281063,4160
5119429,9411
686769,9025
7787206,3086
9514070,4131
7534167,6713
7730497,8555
5972368,9363
3974598,3808
5569462,5287
8424549,9818
1864531,8316
3725606,8909
5912441,5103
5362109,9466
157642,1358
5504418,5023
3167889,5585
4071199,9090
4461459,9543
612890,2275
758615,1953
7609837,6110
199014,4549
3840052,2689
5114810,8507
4109457,1247
178948,8996
8326771,7103
1059619,2174
9434389,3203
16909,6957
611672,2025
5771325,9550
5013818,1191
6119361,1245
8698033,4892
9594289,7065
4764705,3779
596435,8778
1675482,4495
9152805,8087
2347158,6878
485958,4809
8845684,2790
4980749,5197
736061,8360
2496798,2851
2850124,2570
7665182,9308
1742260,7246
1219701,4889
216690,2773
523492,4081
4852849,9853
9128618,2254
7714294,2007
7285467,3954
7507589,1814
208610,2009
3889959,6641
4656357,4858
981514,253
6431759,3339
9145637,7709
2778273,6948
8382853,6760
4566901,9677
4502955,4944
3652619,3963
3781741,5792
2023687,4117
386697,7982
3395748,4147
7462570,872
6968709,4168
645813,6467
8386541,384
2850106,7891
560280,7688
2768252,5140
3360823,7012
8298263,432
578171,5865
9229352,639
5519930,6979
2472152,7236
3542454,3885
1167257,9439
9543959,1110
5097303,9567
2911558,7060
9115080,5833
7954071,2313
1200617,8654
9941138,8426
4672597,105
8510744,7184
4162229,4901
8120943,8531
6641999,5736
8885263,484
1819377,9943
3784394,9347
9060906,2064
9516072,7420
6003315,8768
6703778,8573
7098551,2379
9272354,919
8244796,4739
2941171,4787
3828582,9625
7015432,5259
3923278,8711
4135503,9332
979115,9118
2434174,4870
4595441,6264
5680668,8030
6405336,3736
9510769,248
3522493,3898
3784940,2061
4818959,5133
8807017,9840
8571904,3798
643073,2049
1403278,7274
5816219,4905
6733414,5134
1187695,4590
4762309,4935
5249044,9340
897113,202
6857537,2873
783537,2697
8861238,3272
3147181,1401
1630799,8701
9250281,7920
2603928,7450
2455188,8576
6572554,319
1176821,4131
3589575,8688
1275859,9498
9086552,484
342015,8557
2485827,8948
193434,9251
8859213,117
6119971,3242
6550141,328
6150962,4396
3368904,4084
1392499,5825
3391020,5962
6701364,6307
6492773,9288
8482319,6941
3293517,2229
3117306,9980
4854707,2151
3825453,5382
8403359,5139
125032,4000
7460755,3842
6273484,9587
9776716,5816
8591738,1846
7570734,137
2652357,559
9208750,2622
8740465,4799
928298,5842
9614520,2233
8532475,4751
7895233,3711
5482667,6465
2800697,3247
8309947,8919
834510,3904
7978118,2270
5703350,2803
8128481,8178
9814891,844
1790072,4865
8634368,1031
2559576,3218
5483497,1587
2532899,1105
6789679,9030
8099271,1640
9212704,7891
2450916,2091
3399414,3993
4597167,6978
2378168,2798
8502327,6570
3246623,2047
7211172,5040
4314128,5153
2899352,6078
286746,9074
6116258,6681
2371235,4526
8728312,7387
2392101,8183
6773031,8609
8651982,6801
1950321,10000
6519904,7311
3711251,3702
7137217,2107
179014,8164
9826978,6793
5536590,4193
1255300,7212
776893,1052
4657553,1736
8785866,2585
2807928,7030
1487730,8686
3986877,1975
6241561,1972
2591423,2429
9943313,8166
3072361,1378
3085200,2674
2123575,7637
1606073,9234
4566756,6313
4288536,418
3334031,1850
2298903,943
5401335,3334
842391,5696
9682960,2063
3981820,6364
8030319,5031
1938286,648
9308271,2357
4876752,2248
2577753,7951
4739255,2636
2931349,4187
2635472,8197
5742674,5667
3307210,2047
3016505,7960
6013216,2737
8318064,562
822458,2655
2584181,1982
8222974,3802
1977940,6470
5349973,1605
4127514,4810
7471130,1622
526366,2170
9236887,2610
5222064,1709
3383684,7123
7934732,6353
7531800,3792
1152659,2774
1711013,2643
3108449,2397
2638023,5158
2471256,7668
4458995,5939
1806756,8713
2546909,2689
5221473,3298
8022982,4604
4259401,163
9175829,7032
8573482,4036
5339699,9003
5431784,4279
1474559,8186
4412512,7535
6464606,2617
3978689,4428
5079937,506
325862,3292
873881,2774
7876410,3248
4145958,4157
9006709,8144
5680147,2214
7470878,9605
687259,1389
6237054,3859
2353978,2465
1095758,8205
9487782,4782
8842793,9085
18925,1106
3928738,2361
4532767,1068
4966614,1794
9740562,1327
4190772,1945
3108735,7268
3607939,68
8408342,7479
9325580,2402
822195,3693
4832376,7405
8799147,931
8506911,8853
853623,3083
6561383,5770
1269887,5966
4008305,7670
5978493,7621
6791609,8662
9353898,5659
893701,467
4130829,7423
3756472,3285
610841,4673
1109563,1367
9549335,2508
8790104,3028
9949272,1338
8993109,9420
6733581,1521
7372632,9206
5056275,6230
7202706,5714
7265585,7555
6383201,892
5620657,5691
4685942,4263
9537358,8306
7689553,9201
1988646,4899
4854953,9309
6344051,2044
7469345,5662
6244681,4627
3599901,4561
9064184,5683
1997309,4999
8980474,1027
3193080,5997
6561746,8136
112380,8456
7385097,9957
5842529,6343
3806761,8436
4163307,1848
680377,1158
845948,4145
7291484,9971
1297649,5222
2658013,4435
1126818,8409
6102973,7181
6870811,1656
2678564,5062
739216,8299
1207564,7208
3030021,2922
5860063,4616
5971331,3234
8138568,1636
8985194,7177
6314572,4995
3416960,1966
7215073,7151
4691616,3093
3473122,4334
4549962,3718
9499147,3644
8474158,2580
1445980,3957
9657713,7794
6093008,4776
6533421,9048
1115139,6214
3908413,6530
8911420,6949
229155,7817
9954058,14
1719205,6730
3504557,5557
1864505,5886
2369363,36
8919091,1732
13348,7810
9550668,1600
4476930,7505
621335,1381
3063156,8367
6796451,1770
4502076,1157
9895673,2953
4319626,8250
9843533,6640
3507685,3983
6324061,1303
8929052,3954
68939,5258
8428901,7271
9138012,7112
7483079,6070
8757785,1752
3701091,240
1268372,5365
4227387,6684
5624826,4526
5294227,3154
7942672,5791
5933562,3140
9831407,4601
3885302,5594
546984,4002
7200642,5958
5920932,8897
4527458,1432
52604,819
6735735,4015
5685763,3809
1146145,8340
9732312,81
9595487,8368
4761405,7365
499442,5521
436569,8013
3210333,6800
9707753,5855
541535,7692
3213682,5110
118731,98
6119589,9907
5081517,6846
2904247,7455
9170048,5337
2169911,125
7398630,2395
7811171,4715
1247711,8856
9360778,707
879639,6938
1669253,2165
4573370,3998
9855554,6529
3225199,8059
8872920,91
9217002,8254
4610216,8179
4243511,4428
358486,3333
801414,9468
26371,5084
8536348,7423
3791348,9602
42330,1486
4910843,1665
6593342,5011
2648896,513
2645697,3709
4124533,6923
4103455,5860
9166951,2218
556648,6965
4733449,4473
3153839,2101
8831335,2538
8133892,9622
4613815,3629
2134911,6840
9279290,4805
8326084,6447
2599461,9939
2441373,4109
8244103,8534
1295915,8349
3220451,4142
1336825,6125
9000783,570
9713946,5190
2372934,7168
4260751,9336
6940115,6106
244716,1264
9652724,2881
6599997,5077
6814249,1390
9441258,7599
925736,6803
9524367,8021
1663195,851
1984403,7190
7788117,1352
446811,9464
8943143,6860
5916747,2539
6337753,7805
2495676,4319
7949142,1703
8946168,9603
1926169,731
6184108,3873
497745,5250
5550337,5597
4687965,3383
1853621,5288
4499516,160
1931839,5172
5730371,6244
4354389,8644
4200943,5146
7109991,7418
4133701,4765
2142318,3899
1149003,1739
9169878,9686
3220538,5795
9375954,3336
6864975,2684
3746083,6142
4967102,5611
6914169,3007
9305426,4278
1273484,5374
6415938,1467
6329404,8306
124441,3847
3013459,5507
4495570,12
3087527,5174
8629525,9843
7396290,8100
8346216,2639
4872307,8978
7689982,6307
7319516,7095
637203,186
7412462,2688
1002313,1652
6046268,5066
8279334,3622
6843372,2425
6062164,7666
4806532,5167
1398807,2023
1095150,5158
5037286,6761
7840847,962
5835036,3581
7272815,397
938682,9027
6904429,9817
2794340,4777
3827381,2332
4283835,9742
5900477,3603
6214627,481
7410452,5512
249949,5572
46454,6596
6575414,2216
3968148,440
8091595,1700
9837002,54
7444319,3908
1631138,5937
5369806,252
6924069,1188
5157485,1564
3523275,4853
2872673,3455
4450553,3119
8269218,6083
6686779,9372
884866,1151
7603676,4463
1034112,5226
9723450,6419
9376263,3966
3153326,5820
3865294,3289
5099854,2386
5245367,9921
9683735,1934
4475368,6598
4318385,7444
3284653,7747
1717709,9384
9375098,6416
8472521,6723
3640581,3451
8006846,1919
3889448,1264
5927513,4027
9080166,1184
6560345,1713
1202237,9144
1792483,8388
642993,8255
1056764,6547
765034,3471
6315738,9457
213787,5858
3312474,9874
3796484,8007
9058816,1193
7632510,5743
4686713,2731
6624306,5296
7018638,8958
3946554,8433
8819347,2115
4028557,2187
1393149,1208
1912768,7678
6484424,1698
2652745,7140
951221,371
9405880,2445
2475488,6989
9340505,5920
9539237,8519
2420617,5360
4306788,6771
5162368,4024
665874,2097
168884,7266
9579784,214
4958649,7485
2817525,2298
3511199,344
4986357,3481
4484632,1531
5006128,3933
800432,8091
7206769,1307
9566940,8649
2846996,7284
7154332,9908
5327521,3977
5790726,9049
5597624,2955
9377743,8935
5471336,5182
8617808,2289
5977872,5272
1826023,5126
5040456,7593
7155489,723
8623050,2153
1310820,5454
3935118,7092
2560286,9568
4385767,9545
8766373,929
5042668,1623
7045635,2566
4586279,7559
9216157,1372
4791024,2304
1586065,4605
4957219,9310
1812924,1987
7113313,2850
1863050,3532
4380833,3834
2524532,1401
2268131,9447
3735456,3431
1103475,2
5043223,3444
7593056,2022
3468850,8685
1556026,1859
6412953,9355
6767483,6411
2727425,4892
5498245,5401
8120965,1625
3223930,5512
1619369,7549
2222105,9232
2492026,3717
8343681,7368
1677866,4953
3878313,869
1918941,882
8936317,5261
1132226,6199
8215742,1894
7771954,9858
1159713,5907
6464549,1418
8517273,5660
8368774,2352
2083939,5361
4619981,6371
6188769,6642
6488710,8868
4123299,1554
1953305,2894
10612,6860
1890239,4407
1479134,5446
8563484,5618
8833149,6023
7290436,19
4118081,9602
5565078,7491
3883932,2973
9016909,9910
491964,2748
8750403,8851
7063324,2642
4666234,8579
7485445,7932
9793396,2049
3996945,3121
2430169,5076
9921372,4101
1602314,8591
7084905,9967
607674,6375
486582,8253
2199102,853
6273577,9499
6419906,348
2324220,4651
6535121,5153
8727298,4250
7765613,998
555924,5834
7063661,4377
5724366,8792
1549008,4361
103348,4857
8939464,5651
8806362,1827
7858605,888
2032010,7629
5649817,8944
5118534,3614
5566816,473
1102837,7319
239155,6666
9132771,1157
173364,6177
1370397,9652
2369468,6578
4616973,1980
9666755,7934
9685473,1084
4245088,6223
6085408,3069
1912886,6206
5327309,555
7966508,3668
5709518,2232
9762743,2926
2837337,2823
9142107,3707
2128448,5179
742716,6492
9967120,4201
3338708,5650
623081,2412
61080,9372
6273684,8751
9118540,8161
5773588,8130
657513,7317
9713600,1237
3781803,278
4793532,3024
9236852,8998
352339,5912
4105845,461
543398,7346
9759819,2358
1580967,8218
1316037,9137
4679102,6369
1065637,482
761066,807
701007,9874
5030759,8307
7334434,4595
7470222,2278
1469779,3416
2482341,3856
8852846,2594
7813717,5310
1182062,179
9873999,7991
5526086,7973
7007234,2459
1574180,6465
396583,3956
4728336,2937
2237609,784
1968215,3148
2187414,5877
7174136,5699
5800516,2188
7306468,842
9979138,1647
8859298,8692
424828,849
3777383,8585
7755530,2931
4130138,7880
6338534,220
6976836,130
4711933,5911
3137261,3382
2174389,2303
5653188,3907
4135590,7756
8844065,2812
6873930,7113
9542717,6883
9534995,6756
2602907,6249
3116060,3473
1888983,7669
7970318,462
9766341,9247
9219602,2591
3288813,8911
6668271,9837
7635292,5804
8739877,9106
9842117,7367
4555295,2266
6379642,6446
8706995,6962
1739012,7199
7880836,5999
7694821,7984
7648796,3436
2899286,3657
3729826,6831
5689067,482
7823263,216
8127537,8915
9136551,96
7722404,3804
8674991,9535
8578699,2022
4624671,3248
9409969,9495
1436160,7909
170436,1989
181975,3555
5821194,7292
8064188,9373
2682202,2549
4986772,4059
9998708,8524
839305,5710
7299195,7555
2087194,6708
5341648,9365
1187005,4092
7810862,5376
8923391,2988
7558945,9499
1255975,2558
453214,8734
2431200,7744
8045708,4394
5440164,8828
8130506,7967
1020013,2343
8543049,5663
5679255,5176
9367413,4726
635116,4014
921345,892
2563553,6299
6884544,4406
2424044,8836
3071268,8476
3375815,6976
3047027,4584
2008823,978
7999213,146
2302628,8823
5755454,2413
3149398,8679
6140316,7535
70271,4545
1194542,4713
8623668,4748
4647392,8024
916821,1946
1457675,4201
4387770,7719
8509777,1019
2656536,9697
4390284,1393
7525423,3827
7440303,4349
9888392,3963
1647390,2991
6579717,9751
9323730,3466
3466605,6033
4293421,9530
2943373,9164
5838984,1941
1204909,6652
9967198,8544
2373869,6243
9780934,6327
506749,3132
6949051,3550
2896006,1262
941252,9230
7891777,9698
6811771,2398
2590311,7180
5558356,3045
9239387,7826
118301,9349
8002065,3481
2786830,1211
2412573,5238
889537,1198
2971289,5511
8574915,1313
6297864,6082
5343264,9651
5587754,8315
6359365,6056
8134939,4369
336446,5937
1741649,3883
21674,721
8026279,6759
3227745,3304
6503013,4118
5930078,2946
1980691,3452
9205036,3195
3311151,4045
6010713,6702
2276487,7609
7959149,5908
9522637,7054
3969383,9918
6932907,6506
4862849,8442
3379427,5658
8788954,2718
767231,941
1514800,6765
3064781,8827
3719255,107
8519370,8040
8030722,8540
5524323,5460
8909954,9475
5342272,4124
7302757,2976
6876972,1270
4697706,855
9982152,4119
8337534,1946
1307893,105
7289710,2933
8213718,8335
8786977,2593
7964631,1554
6107092,9906
7627673,3696
1762808,7742
6347618,2917
2196760,2012
4438945,6231
1505301,529
3666558,5425
6237698,7021
2451465,3815
3978475,9022
5569797,9705
5310518,4433
1263576,8908
5894983,9718
5718508,5588
6155531,6809
9937985,6664
4868061,849
2530250,4809
2562987,3857
5212424,9439
9438459,4471
6049510,6459
644383,4295
9978258,7376
8098431,7448
1891160,7837
5672341,1790
1375755,6866
5090301,2510
7247462,9902
7144269,9332
1298221,9604
6946536,2698
2028559,5297
4741074,3792
1763291,6744
5021369,9295
4048678,1799
8787495,3164
5461300,2650
3724782,8529
3278534,5701
5082193,6196
3053615,7829
7585924,3010
6744737,6100
9434272,7641
8315142,4461
2590962,2656
2296826,6073
4731806,6888
1100979,5001
9715803,8230
4790418,7128
5418001,3957
786675,7713
8395085,7323
8328265,639
9002714,2816
1503668,4708
6646820,8283
6698833,6034
8215970,6701
9553440,7625
9097288,3888
8009976,5881
8957461,1875
9794893,9437
872327,8668
1999878,7778
4823503,4471
160700,2728
9904622,5400
2634203,5663
4556316,9897
9531259,8580
6800180,3905
6014175,1531
7236968,413
7146999,2591
6596338,2996
3120465,2369
5706582,1538
9220797,4942
2435404,1229
5233477,583
7356204,549
5557137,7302
5810345,6459
2726895,8388
2958417,2288
7850246,8989
3321945,4740
1597143,4780
5018818,1163
4194128,2260
6626052,7595
7260929,7474
3757280,3030
6985655,905
969501,9527
7452044,5145
6038228,5232
9517684,6028
4890339,4519
8101133,9747
3467275,1218
9404004,8086
279148,7611
3744366,6889
8434638,5866
3136021,1441
9401447,4415
2181351,9751
4687418,2024
9256249,7016
4975250,993
1827908,9314
5014316,293
1155000,9413
4018383,9128
437334,6071
5835346,1931
3461095,4601
6856037,7483
994991,5530
119819,1657
593667,9362
6208492,7769
3060819,8447
4013275,9777
5318200,6839
9844180,6985
8792926,2697
8557873,8340
6265873,6587
2808726,9488
4224003,5537
1661196,9336
3662178,8163
7275371,1447
9157167,6349
3321382,3571
4972972,4502
7573411,2777
6696997,4659
6179951,3661
2177822,6507
7981949,518
5636989,7316
545712,7243
4118458,3551
4862737,1719
6006085,6692
208602,8356
6438213,347
9059005,8911
4679485,9721
4242494,5157
3556085,5687
4224496,6210
8122838,7377
1053453,9125
126811,2536
2432297,4550
1248983,2313
3901561,2791
9135505,299
7858721,1239
9041569,4336
2956690,4811
4056058,7133
9354240,6952
1122385,5011
9890874,4013
4533345,6373
7570075,7156
3281652,102
9291482,7410
1408426,8014
1654521,2927
9570621,7724
7740444,788
8133002,393
7898802,8203
5172115,9687
651060,376
8998088,4210
5007260,325
3192719,8488
9015208,1537
4844898,2277
1612800,7950
8756533,6185
9185965,8554
3314962,2305
9176151,2900
832031,679
9891477,1399
1064141,8527
2275554,9809
5016497,447
3707272,9278
3144780,8277
4430556,3919
9658926,3432
2468414,9942
2167645,4991
7546442,9886
7240979,3586
3322723,8263
7605118,8830
7656588,4451
3857834,4414
9519816,6943
7572573,7268
4219941,4078
7898766,7991
6556923,1174
1896266,3053
959858,4678
1576678,3849
6772252,4214
4112497,7232
6185537,638
2281634,5833
6288425,9173
2116918,104
5995264,8777
7435027,5960
2290258,7898
852302,9016
5050286,8236
6753041,6308
2511486,718
806405,5532
9058552,5943
5674522,2691
5895918,2016
8475385,3040
4560455,4181
1013487,3140
9907274,1526
3787050,6948
4249315,7689
3014125,4688
93846,697
6653366,5125
2353822,5132
1068,202
7349086,9715
1295138,2008
9395659,318
9523567,9605
5472926,6436
538283,3185
2569041,6128
2331853,373
7537471,1106
1526345,2418
5029142,8573
7878844,643
6625805,2468
7880563,9558
8493210,9849
3024280,599
8019074,3151
5250125,9615
5598518,2361
923468,1649
3838235,4193
8921226,6685
1122963,1906
6976293,2573
8459450,1
3875990,9477
8932721,4045
3869780,4307
9849934,4422
8376245,8036
3327825,7949
7723145,1856
1778796,5774
3855187,7998
7452525,9544
1084232,4009
474390,7251
945331,9700
778615,8727
3506865,6575
2226010,9594
7474744,6961
845343,3944
3148020,537
2493007,4870
2689522,5319
6572281,9864
3566797,6331
6515664,5590
9660443,8262
1705769,8063
9065055,8782
4504049,8190
4559305,7179
7133583,89
3324747,1096
8081875,9381
8236783,285
9553742,6235
9683567,9486
6336035,4345
166138,370
3644978,7416
3567726,2299
8821496,8787
3005061,4782
9214305,5432
9382806,330
1607805,5718
2628070,2299
6025256,66
2911125,7236
9900196,669
2605155,1432
9825551,4785
7090222,2893
9719985,5468
5500187,4648
5575026,6737
2049321,9643
6945450,6159
3096124,8856
3484827,3956
9392522,5106
4277612,226
1713561,4035
1191047,4481
8281926,1535
1652515,5477
3933624,4421
1383834,2644
3400419,9271
4562675,8075
7772481,3381
2797326,5184
8870882,9150
8281369,4009
5002331,8238
5433959,5147
1959552,3506
6291419,3037
239830,1975
7125351,3818
7320136,2437
3309117,242
7213667,1379
1515496,2177
6715216,6367
8219114,3999
6011447,6466
9577172,7135
7913151,5718
8302884,2611
8068809,2003
3843422,6531
7657257,967
2329629,8868
7345737,1468
5621232,6028
7150628,3786
646450,9476
5901879,9713
9208258,4878
7512272,9975
8398896,7760
475366,1916
9085926,9621
1386762,2155
5033001,2236
8409772,1361
2485895,414
5891924,6944
4279737,1750
7217656,2444
2012774,8091
4332212,6244
9786976,6403
3081369,5065
4502701,1617
749425,4322
231292,9820
6133993,8974
9786576,565
6141618,374
2171859,8450
8910194,523
7817488,4325
7373127,2766
7400533,6912
5544726,1378
8756314,5255
3325086,4504
6593718,4211
4735318,2734
1737537,6228
8869524,1534
8563755,8470
1814096,9829
8916148,5127
7790817,4557
9302080,8390
8268016,3325
8100905,5413
9083414,2153
6798666,8810
5861272,1465
4804668,2503
3848047,3341
2296969,8691
7925101,1424
7407929,548
2394171,2938
5856060,2062
4268275,8504
9809291,558
9255150,4565
9523042,9180
9294718,2218
9112875,7921
4737738,7371
7382715,2394
7631030,216
8336412,3825
1421210,1929
8832798,7609
1500437,7162
6425055,3878
921792,7924
214784,8231
1940089,1508
1603680,2367
7134076,3072
8221716,4169
4333737,8738
103094,7802
5618576,106
7105558,8770
8359951,6200
7650181,7948
4927461,7183
9622068,2968
8394393,2572
3372313,8001
7042580,4893
4401822,2477
389300,6319
395889,3252
1776495,61
8461917,1198
4764316,7671
5896153,2547
3802780,7131
990495,3838
7090688,6390
7201391,5745
5798098,6082
3493989,7890
4087840,6743
4224295,374
615276,4288
9728715,4714
2550598,1708
9235586,5477
5930052,3927
5435739,9742
7551881,3792
5908366,4999
605832,8136
1802253,4059
1258506,1519
4511860,3430
8728294,7748
5649327,567
768673,7007
7122398,9678
6046945,4499
9018635,817
5521560,5856
8984570,8232
603387,4243
50567,8404
279848,2161
2352664,7522
5319633,557
5283976,3541
8264935,6343
9189967,6915
1331250,1429
237036,1326
2949087,1580
2273507,7619
1298403,7005
9609545,3348
8470738,8372
9881276,4155
3816944,5659
8275564,1848
9093228,3881
1626753,5473
7749004,9115
8787505,1030
5906163,4735
3329187,2231
8288236,4076
863684,773
4911138,1211
3697983,3064
7249499,8846
5437430,8740
7618050,1564
5759921,1072
8852273,7500
4525222,1549
8907944,242
9098569,4776
1663342,8125
514450,6722
825358,3464
7066960,5156
1297678,7234
8831621,5173
9560381,6599
3009340,5366
222873,1004
338854,6755
8941657,7119
7462411,5069
493863,4278
8092151,8681
9724739,1684
3993345,6067
547940,2503
5495546,6634
9816302,5414
3339238,4511
9690141,6491
9836390,958
6972518,1064
7766361,8600
1172044,1590
8652503,344
6264649,4907
9725858,9869
9883914,3100
2410152,745
3192852,1712
1739840,6336
5047076,4812
3465562,8654
656308,3561
20970,6392
3855293,3509
9139331,5968
2627834,8826
6366731,7931
8411879,8136
3299436,6152
9230975,4949
9143572,2118
8240927,7291
1891187,6273
9904493,6982
2753611,9962
4405787,5583
4250970,8024
5989473,6150
4433778,1167
915384,2813
6247947,3554
4361680,1235
366848,1677
1440138,939
5109060,3435
7756320,2010
9678165,1835
7041751,2506
4397772,1339
5957469,8584
4448461,5298
1393257,4980
858687,5040
1560934,7412
181544,5675
9689817,9937
5514464,4428
3664161,2682
5841303,7520
4479549,1874
7879631,1912
4827635,1737
9342012,5548
9487641,7988
1439776,6164
6784117,3770
5982863,3435
8263147,4336
7462183,3030
4808999,2176
9330145,1211
4681945,781
5802823,67
9649376,1619
6073626,2436
2078936,6639
9962825,7065
3247365,2740
1840572,7803
9328823,2829
6254416,1605
1557819,8251
2384308,3010
4951387,9704
1082588,9092
4923607,505
7249783,138
6465676,4955
7959528,7348
7498938,8919
9370590,1234
4274667,9376
7481568,319
6413793,5684
6794508,863
6017810,2720
3859982,5999
8559944,2694
4237877,2305
2859140,407
5484168,7065
7105390,7615
3596291,2851
5066175,7217
7099445,7954
9819260,534
3760627,3903
4403294,9771
6710974,2152
5480364,3208
5391541,5188
8095977,837
6400973,675
6170410,9072
3020696,5833
3073505,9611
7592037,5492
790268,4040
7037782,4069
3212448,3700
4458013,9954
8175503,8971
395054,6784
1305400,693
1779581,381
9381861,8516
6350375,8683
426078,7988
3472470,1581
8807271,9016
5761623,9315
9496707,7470
1507166,732
1142589,5628
4078158,7166
5148551,8482
7192874,2675
7549267,994
5602522,743
3650686,1035
273846,3471
3813475,8731
3251750,6283
637857,904
8546533,590
7761670,8786
7559514,2303
2358530,6472
1264465,8813
2869667,6078
6913152,2366
5902371,2660
7169912,2450
8848204,8752
2348000,7936
9527583,1707
679479,6650
6351875,5200
8481308,7295
7597908,4915
5109448,6907
7385226,7511
9762881,9500
1613917,8162
5001821,1445
7885977,9632
8976619,6675
3520427,4121
951418,5597
8140159,5233
5047924,717
781556,2989
4087576,1308
58701,9094
7773585,9202
2018579,1686
7853907,750
7835263,897
8854213,1004
2483643,681
1128627,2923
1135125,5324
8714898,7568
5962153,8781
5143775,7947
4695674,4398
4381428,2587
438451,9139
3372140,1718
2525728,8551
3594492,982
9292972,4522
9042635,6124
6276334,6145
2837660,8077
6995035,2929
6180803,652
5993616,9164
5311530,26
2347693,9271
9502307,1892
4835980,5549
9822623,4488
5066900,3836
4900860,1772
918516,1538
1495462,7270
6878657,3324
8664999,389
4998606,8996
6006763,1414
7820495,1669
8966838,4592
8141394,5262
6572975,2634
8785010,4289
7195623,3799
3051666,2701
8771209,3188
3824097,7060
961245,3705
8509348,6150
7328550,8439
9154379,5704
6483239,9775
9901960,9061
3293591,7556
4069046,701
1774414,8473
1912484,1812
4416832,3639
5297054,3768
2247581,9467
4190928,1861
2753750,2931
1843652,3455
6230812,6718
8769106,4644
2558833,401
7368154,4474
8763108,604
3547065,7805
236880,9875
7803179,8250
6973188,3561
1485711,8854
6264567,8814
6484436,6027
7853940,8888
8576157,53
3362212,7208
4476914,1262
5912569,2153
3756348,2045
2572822,6790
9388662,8759
2903790,756
9740702,790
7217794,57
1909557,4442
3111376,6509
8882626,6780
4865834,5311
5389270,6345
1573760,3872
5616964,7679
9445213,6605
3091429,1983
9631750,3995
2843501,4228
3501691,3214
1612451,463
1863595,8174
9343352,5082
5932819,5126
1293632,7092
6619641,8470
2142025,1849
699982,2225
6551022,1791
7613566,2760
4835375,6719
3125672,1030
4150160,8716
5105820,3376
6736826,7613
7815926,4862
6508542,6752
1164143,6907
9391485,134
7190711,6612
7004297,2726
713478,8690
1699977,6037
4283720,7077
3907485,4364
6838117,8314
6495812,4813
6803240,4615
967155,8115
8311470,1567
8562884,9158
7441053,2520
1758874,2842
5268714,822
5784838,5232
1376214,8939
7506690,73
4619140,204
6183009,297
9304548,3531
2096052,8937
4872755,7256
2431981,9928
1199840,3526
7640687,7452
4606109,5498
6162997,7944
5609735,1169
107297,1366
1700783,7279
5519952,2253
5985734,8554
2221808,5883
9825859,7742
6427828,2741
5918233,7479
3567003,5740
4737239,6607
6775590,2668
4999211,4991
8495549,7365
7441074,7547
3569536,7695
107559,1143
5024979,8973
4626528,9535
5120626,5043
2615191,3244
6401189,2204
4905331,7861
9368460,5774
408765,4277
6791669,1175
6316603,5742
4498014,7485
4146826,5670
7879348,8135
6466984,812
5383448,4644
9487930,5632
6144759,2094
1438675,8587
7816471,3931
3591816,7241
2204117,4990
5457946,7221
8718306,8465
540878,8033
2833404,98
9484257,2901
5155194,5148
1827456,2043
6935743,6052
8631301,1907
6911529,9204
7629512,1179
22720,4663
1340255,6221
6446229,1578
6882975,8657
3788796,7276
5082396,940
33000,93
2129310,2639
7953555,4600
6874758,653
1906641,3508
2592211,9955
4325722,1469
7184547,9499
2042695,1450
146096,3461
249308,4283
7363452,121
6048936,5700
7680132,1351
5155193,59
4000092,4884
3203699,4815
9981320,1555
5090410,1012
4604625,6777
9430023,4977
231125,614
7685246,4145
8188142,465
4709924,4314
7933314,7517
7303658,4017
2764090,2538
7267239,2519
7705659,7444
4764227,3608
3056480,4942
5955791,2269
150282,6171
8084930,5408
2103329,1357
9533153,596
5475692,1876
4795278,1777
2766951,9251
9726403,349
5585623,5671
710105,1216
2484029,6920
6545084,8996
4696906,5307
3877148,104
6487351,1849
3016108,2371
8602289,8771
8637146,1719
8800582,8307
6886536,4309
8460490,8553
9921616,7662
3476210,1773
1772231,3380
8706631,5456
4032295,103
6069847,8432
6013058,1731
5557963,532
2064167,5666
2575900,7709
7372577,4000
5529894,8478
4925577,9965
5159141,691
4056629,5083
4356672,6061
7985522,4949
2733582,3222
679888,8643
2390263,2992
3095411,8137
2633964,8281
6290546,5459
37384,8690
5242911,5569
3308155,9104
5762634,1382
3976842,5919
6470375,5926
3112017,5397
5002824,3521
3710757,4919
6631801,6543
8369299,8603
1515599,762
2764389,9253
2482487,2124
8712690,5656
8334829,4791
2613036,2475
9636732,8581
7768160,3205
5656916,9766
8995360,8642
1353337,8885
3074026,2626
5056745,3381
7380900,6334
6112132,6669
9387324,3072
9136356,3630
4832311,8735
3947816,2728
8281367,339
2687230,8538
3303002,179
9767939,9517
2657039,3975
5960234,3904
3913436,1930
1814230,3798
1773146,2727
8656534,3608
4000234,2763
2559509,4839
3860906,5055
8296154,4542
8744375,3389
6597308,4233
5380973,7482
9021889,7088
6942963,3333
5076848,3656
1958246,7114
3071208,3549
853160,1542
6606671,5996
5329438,2689
7507383,2732
7449926,8706
3763903,1824
7333725,4857
9473217,8163
3750854,830
4321955,9515
9310718,7041
5599886,918
3577805,7234
2546026,53
5969436,6471
1936316,1812
3901990,4289
2073181,6399
7694365,6121
5692796,4368
8743870,21
8378492,9664
6642011,1169
3188902,9428
1866804,283
4718015,7689
4544895,3701
4733822,518
9430007,4924
3060954,9682
9725209,2665
150246,9570
7531928,3946
4999058,7299
6655730,4520
1163766,4398
8204990,3885
7066861,6028
5581044,2
8907109,891
7857258,8379
2191757,3408
5793628,5987
8256791,617
5435098,7920
5873696,2417
5915118,5883
3919138,1194
4424402,6219
6974755,4982
5842186,4492
9527650,3569
4655746,3965
6146738,5345
100062,8599
7767236,9776
7400971,7819
9900366,9411
1321257,2123
5111616,7547
7891701,4705
6204132,2330
4672925,2932
1587556,3400
1871033,8827
6864244,4321
6039428,3365
3015601,6056
5600230,183
5178937,5308
2035202,4060
7590233,201
6544497,8644
5597933,7437
8592526,6970
755148,338
4247256,383
7273283,1797
6696585,81
2566779,3592
2238403,4339
300889,8934
919659,2823
8630280,8136
5173041,1855
7999714,5212
4062633,3233
9261218,3568
4068719,1727
4923779,5840
7001707,5150
346555,3944
1557229,3665
9468421,3950
4860355,3010
7987179,7942
7031091,724
4575447,5350
9809763,8754
8530916,8828
7884841,4985
8310197,7620
5325399,4539
6829946,1929
9867145,2667
9984603,7766
1691029,4024
4012179,6175
3987453,792
6352667,6966
4406005,4766
2431645,2683
4685822,4973
757857,6820
1234990,576
6419765,2362
1901507,1315
7999773,6978
1179632,4920
5701143,9053
4450639,1114
5496156,3558
2934622,6537
840377,5583
9525248,9792
2032345,8861
8242652,7619
1034876,1065
6874235,1138
18904,9791
1878348,7530
6515272,1420
1593302,3179
1987763,7206
293977,5107
642136,4609
9003727,6426
1660780,8623
8762867,2664
1674612,5521
7912222,6653
1031319,1696
1335559,9297
7610415,1184
1123970,41
9742213,9246
7848601,2785
9053752,4437
3195282,9310
2147830,6590
1782974,6816
1989355,466
4196708,8734
4911759,2895
534003,5146
3600375,9606
1395233,5488
8492259,862
9269551,3117
3126673,8443
1519022,7805
556060,3041
8430412,4544
1748827,6401
7585410,807
9469643,421
7050815,8363
4442055,8455
7906334,8162
4022887,9013
745690,9488
4185548,2254
8045671,5607
6047576,4936
4878069,4234
9585706,5659
9090656,2999
6561568,2724
8631002,8025
2293904,4804
8015913,4385
7199426,6117
6463336,2785
730596,7130
3899795,5510
4061524,5932
63333,3809
6070940,6905
8833708,2981
3566261,3275
5900525,5943
9796802,2849
1764516,5470
727960,550
5443203,9887
4575539,7788
8931926,5307
3563314,2459
9722280,9019
6877567,4121
4809961,7602
9597678,6459
66946,5477
1954918,2140
8253719,2573
3642917,1695
9485028,9024
3230326,4183
5688328,6099
3603856,7011
5616923,8540
3877628,1235
7195174,1681
7407738,6812
1726441,5358
300998,7763
3215352,5985
4875108,3088
9174687,4893
1389385,5376
330055,8910
7819646,8222
4294870,3705
7001144,4571
7275160,862
2182930,9847
3652925,3254
4282120,1499
48241,5782
3353069,1581
6967680,8103
8002913,4247
3467243,9408
6837763,1974
230027,5277
3590901,8545
1890961,230
4017697,4936
8636537,7163
6606076,2117
7207626,5575
2092219,503
3255486,8341
4042749,587
1061865,7587
6904656,5689
3955843,9023
3684352,626
7703494,3394
7332868,7748
7679624,1735
7904667,8638
9062754,1070
5783702,3928
6120225,4649
8424532,4426
3872230,8666
1027766,9383
9838698,3338
9239800,2914
3492956,9980
5495744,2790
6901502,4625
4137706,9188
4103,6731
5073466,2252
3577286,5989
4363475,448
4734071,1203
424141,8408
5131032,7273
4450848,7668
1821633,5684
4096304,2059
3170943,4746
4843664,7016
478457,6543
8952536,5179
9696544,5109
2116116,7760
2195595,2890
8603743,8078
5655869,4539
1282949,4773
9892488,1376
8129040,4230
6576707,4649
4920150,1282
4348236,5265
7546330,4191
7306231,6428
6805997,2155
2457782,4189
8666222,8805
3066870,7368
4271155,9215
6538543,9661
5398974,8429
7650079,4302
9931261,9779
6052088,7237
7679035,6062
7675870,9723
6421882,7397
3412940,254
6765417,1955
1401264,7742
5418055,3184
273087,7789
4089653,3160
7245741,2054
3956413,2893
5800189,4128
9516477,6509
3152512,4303
6394366,8546
1144287,4549
8206384,8891
5170811,4251
7437537,2016
1008777,442
8058780,585
1280872,3332
9796924,9894
9855921,5629
9314452,9869
8351207,5535
8879852,3735
7604471,4846
4201453,7952
3253897,1037
1800580,7636
3132247,7545
8941399,517
4534129,9724
2457878,2872
7586926,5254
2908954,3409
6572268,2955
6397784,1493
8724425,5671
1605271,3077
404146,2964
7055442,1465
4047595,2476
7609556,7999
2012658,8613
6442055,8113
458467,6658
5017893,7170
9483981,3085
9087203,7412
790073,5217
1227288,2784
6178904,6332
1948503,2796
7984125,4240
3756272,6967
1148470,6025
8580528,2056
9940921,7669
3377075,3100
7471910,1871
8258792,8857
9180256,2086
2434427,1750
176862,775
5019318,6990
9156495,4653
3184847,7027
8376167,793
477900,4033
9135855,1626
9736220,9531
1429307,1329
6009039,9304
6045416,300
1526148,4393
7524488,4248
5873789,309
1059532,7797
8689067,1467
779039,8016
8191967,3538
633318,1197
8036456,5415
2942042,2658
1100255,4218
4042087,8915
5643830,6229
4200583,2468
1080316,2767
1407987,2708
1796176,4844
3917240,9457
2323608,7164
3954462,3227
3538533,5788
3250768,6969
8188989,1875
9497904,3977
1941340,8992
7887403,7021
9158312,5079
3856378,2496
4596418,7987
2380899,1747
6215856,965
80233,9240
3219015,7641
8351635,7467
863784,420
5432470,2275
6894949,4535
4622669,4599
4292220,7517
753620,4808
8287341,3942
1860717,6866
422782,9198
3548627,5064
4490614,797
458663,4842
3316352,3436
1997144,7565
6240875,5830
147144,5005
5147554,8686
4487009,4607
116019,4943
8594007,1805
6152370,3662
8204028,3927
9166206,3478
4932967,934
9798472,6383
5998371,8741
6369084,7801
6915155,2712
9846609,1140
5350326,7588
7348517,2063
2190137,7659
4400639,6460
1630134,4004
1679022,3595
2010851,458
2185056,5250
1696594,5203
9987603,1169
8504315,3249
5975281,3635
356536,7519
9483468,625
1678177,9557
8937624,9967
8887024,9549
9593372,5340
7353105,3019
8523408,7657
9570616,1715
1753748,4682
1696985,3342
2692540,9200
1772099,7886
8013521,980
9415298,993
2580546,7707
113595,8600
3010042,1250
2943295,5007
4185014,6642
1308856,864
3093668,189
6476467,9919
5529838,9300
277531,5753
2369920,65
9720874,6989
4697180,2396
2431913,6573
1429418,5686
5822771,6400
3665102,3078
8694024,9956
1367529,7699
2019891,855
1291884,9131
3192165,463
2116186,8221
5432459,3874
8893509,713
6375498,8282
2527688,3689
5045170,5583
9806339,1248
8760614,2057
8966103,1315
545272,7683
7528058,3942
189308,6153
5713438,1544
1621780,6309
7865528,1688
7695125,9572
4595831,1890
2463187,5724
7001572,7203
4561677,3626
8452677,8249
7859009,2756
3141171,9147
3615559,13
1078035,9297
2836324,7126
177498,6351
7355325,5585
1087261,1666
7763675,3182
8203017,2161
7316131,2454
110972,201
2641453,4837
2575494,5730
2730681,5931
6017603,3220
2737355,9262
9376893,5495
6851130,633
9477982,2480
9538089,7055
7189205,537
6492818,6598
2396969,3613
7257159,1104
7610992,9639
7137451,1927
5747157,297
6720679,3454
1197115,1643
1371347,56
3012970,3718
59447,2855
7967733,3073
1782151,9522
6777787,8844
6563698,5335
4890557,7465
6415196,5393
8032021,1229
1869869,760
2824048,7230
545722,8427
2077774,2547
4206664,6956
1281519,8256
228913,5428
5599450,7109
1265428,3378
6887379,8204
5410595,6536
4482046,8020
8363757,6769
505076,3178
1955586,7659
175078,8302
4264597,936
5705566,5834
2207495,1319
5697547,9256
5220511,1693
6877513,2391
4189298,2000
6180242,1355
3977662,8501
2506287,9082
7269645,6631
1977361,2404
4816431,3183
7493409,8237
9241695,5537
6164819,4007
1847674,3636
7166425,8076
6268450,2219
6133302,4486
9033436,3172
6345290,9143
7918411,8048
3078866,5949
6425765,9882
6129276,9941
198268,9643
6596322,880
2882591,1152
813616,1905
3047023,4187
742323,2701
7033208,5850
2791463,8335
9322825,2402
5980706,5564
9816400,4658
6920858,1925
1303810,7665
685152,7604
8682519,1241
1989939,2045
2802907,4531
8252648,5069
7748103,5848
3447386,4854
7212207,5846
951799,1914
4681541,3533
9934947,7073
4814852,7462
5366592,9483
5464769,4598
2235304,6914
2335971,5952
8877087,8250
6189242,5976
1206025,3134
6924638,7091
9601615,9543
8025006,9429
5910739,8731
1270908,273
5969672,6810
9647019,7677
6380206,5881
8922417,9573
7174967,1482
4833036,6354
436026,2612
1939361,8987
9926394,6203
405383,7525
3325902,9494
8237753,176
328812,6134
4953060,8254
3310027,1354
3841080,69
6552455,1233
6129857,3142
1811277,5701
8523339,2259
9963883,4443
1958213,5572
2579059,2512
8773601,5257
4185463,1495
8116500,3835
8678365,4081
6288962,9368
1875207,4412
284333,4880
8467583,9444
1421187,7077
6076585,9078
7856845,9105
7293452,1873
2674547,9435
3778504,5925
4994537,7601
9892463,9097
3055192,2727
9014439,4245
8491836,7014
5936795,542
4730194,4328
362662,1630
6763849,7653
7193998,3555
2754218,4369
6799909,9732
5675984,1604
6102038,526
5541492,2636
2812283,6025
55269,8759
4666098,9875
1717899,7943
1786803,4617
8195797,377
442156,9505
8162926,9294
1516841,6461
8204700,9050
1750755,4296
1379318,416
4751530,1696
508596,1377
9472727,1438
1163451,6391
3955475,3002
7975511,4577
582540,5468
4899782,470
8073885,6585
2646906,413
8461803,3515
7584728,4677
6814849,2709
1252260,7623
8590404,6561
3984182,1270
5436976,4974
915410,8832
5025679,9091
765132,8050
3489811,5182
3730449,4704
9702638,6759
821004,4663
3923543,5875
4451332,2126
7172159,4741
9637028,4969
4983725,896
4635751,5892
5178204,4487
1710554,3780
3401537,7980
1514915,598
6958561,8550
8736018,7737
6632286,5992
8637017,294
8143992,8919
8203709,492
6003029,52
4130446,8554
9954795,2844
7985680,9071
9961835,7409
9852012,5458
7992191,1466
2388649,2491
3999631,2013
4393585,304
6679345,2434
1945710,697
5301653,341
7082768,3414
3335412,6550
1346275,6420
32272,8370
6679975,3130
5295376,5448
7787769,9409
7231290,7825
8998445,2402
1609662,7932
249954,6417
41406,1590
625109,4233
8527646,1511
8598485,4774
947924,8903
6295483,8789
5232131,2676
528135,7357
3923598,4492
8011810,8790
7395599,2920
3161689,8711
4104142,580
2754837,1388
1731378,9511
6692507,3623
7048832,6966
1489451,6699
5073579,4086
6721333,762
5307875,3530
7858655,8075
5874272,9878
1361073,9012
3375886,7108
8428832,3033
218018,1591
4009223,2922
7870203,128
8441294,3184
8895258,1294
1202190,9522
6642495,3303
9129509,4956
8163663,4513
5478109,4616
2352720,5316
818931,3463
603242,3395
8789114,1304
592565,1227
4612287,1701
5117778,2440
5027822,8443
9261990,8485
297968,9674
4346425,1701
4387008,2056
4731235,8771
4126096,8557
929500,860
8856209,7438
7058109,9134
8628064,2436
649133,6046
3563136,6865
3527516,7741
2812773,3231
2795191,9242
6905220,3319
2375793,1780
3401611,9784
8135225,2094
2163187,3454
4275968,4514
6921879,5497
6248757,8744
1787217,371
1659899,5143
2901020,9802
2671153,1204
5825254,6433
8128756,3577
252315,8940
2323966,8261
1404533,9741
3588750,1361
2705315,1881
4209640,1777
4292540,600
4487341,4402
495146,2615
8416618,3821
2333670,1079
7143281,2102
2409233,7124
5664670,8408
9752019,8982
9479207,9935
7762986,6817
1562907,4053
2090832,6472
6641262,8601
1936500,9962
2870695,3537
4455894,4213
5651712,1695
8697921,7850
245483,8365
2182048,1648
4045249,3036
2443100,5403
5608853,6475
8451878,6910
3986621,7538
9704253,7711
3472571,1332
2568950,7856
5529826,9980
2035352,8680
8439135,6273
7450952,5458
5231653,5542
6048744,7917
5510412,5278
4316029,6094
7725569,5292
3462088,5009
2572003,4068
9105547,9291
4164098,1661
170531,2482
5370813,4426
3641453,9705
2433715,1225
3000838,5764
7087605,4886
5070721,4601
2341720,1770
1718665,967
9020080,1357
4092107,8573
6268119,2881
8471644,8733
9334179,7783
1256335,5244
956776,5470
2879355,774
4644339,2886
7557149,187
7553557,1026
7712428,368
2317995,8225
8398969,1143
5512647,8232
4362439,2571
2373630,9840
402235,288
6038809,6649
686543,8838
6989084,50
8166600,1237
1758965,6290
4422415,4335
9023101,3483
135877,6583
3563438,9606
6402920,3465
9530009,234
8431743,7224
945773,4158
4640128,7273
7103763,1199
9508730,1735
7868205,4868
5544000,6032
4751994,5581
2934294,9443
4902820,9101
7675347,8906
3845396,8019
6618637,6173
4951225,1203
4464285,1391
8526716,1679
5381003,8774
3377552,5686
4617404,6360
8567938,1656
6791996,9478
8410982,910
6155199,4445
4721020,2353
1171820,35
4053585,1689
6387136,7516
7679016,8810
462124,5247
7901626,7223
8832958,5946
260685,7022
8216087,7461
2298922,1810
9170620,954
79039,4778
1133906,6123
7379576,6642
9220345,4873
6114616,8247
3821348,8647
7769361,5966
993638,5733
7982546,5705
9641893,8078
9300061,2026
8643551,6767
6100687,5714
1252441,1882
76417,5837
9238229,2773
8945599,192
7459423,7599
1600086,5266
8206609,8899
3370479,796
395833,8509
9611007,134
3333220,4085
4818264,6508
8783294,5221
3892681,5261
5571813,7636
9746505,2095
341774,6073
5883076,9363
215957,9469
1257372,860
9314450,8166
451136,9799
9369004,7495
1048268,4552
1373730,4754
9364973,9152
125042,3348
393898,8166
658088,4206
2719529,3847
7146393,2599
7103854,8586
2002986,3090
4838008,8281
4422690,2946
5973284,1233
3016874,9981
6912751,1861
2664042,8334
7064870,7492
4308772,4030
7550770,6712
2332585,9469
9336217,482
4943352,8549
1544832,6440
3297111,1518
4604518,2792
1170799,6832
1627063,9775
1401486,6119
8898592,2081
5712209,2817
3254164,4851
1246506,8591
6474316,3966
2804597,6018
895990,5160
8465863,4360
1948160,18
8412295,2670
4840481,5585
884423,2107
6343271,3754
9069288,8413
461830,9629
9859422,2571
4799312,7729
6010155,6677
664155,4630
9451409,9030
2909930,217
9204837,1021
3115181,735
7952898,3962
4514016,3820
4276571,9639
8321378,6926
3996991,5084
7392460,2566
9638548,5628
8710384,4625
9639766,4510
3549586,8164
6291738,3401
1275695,290
1380418,9679
9320917,1711
606186,9553
1745535,1761
7420299,8205
3442892,8217
3121825,6277
3756781,1443
5957138,8790
3352729,5153
5313692,8260
2095343,1725
795178,7413
260690,9063
1128454,6077
636468,8576
7828678,7617
8155787,334
7112252,853
7382058,8917
9941020,8788
2511688,4650
9393566,3286
5164812,5738
7900138,8978
6345096,8257
6064505,1098
9906582,3062
4850259,618
597154,2470
8321910,7885
2980688,707
7044299,8832
668131,2461
5571493,937
2014977,8471
5424563,2785
9514964,7475
8442071,838
7487663,1968
4610534,2871
8699640,8196
1232311,1927
343577,2942
3799578,8403
135397,7415
6222083,328
7367470,2572
6957347,2155
4647530,559
6000821,9170
8467033,1170
5078561,7842
4889051,3046
1702934,7328
2061690,589
7671401,9679
5669654,2724
7304761,2224
4079781,3780
5728060,3706
1458473,6969
3900774,9613
154309,3969
5671822,5893
8196401,542
7489643,3227
2803270,199
1031564,8891
4394413,9440
8550053,6743
5471135,5715
6705052,9581
2489505,3664
7463392,4315
4162275,7053
5000750,8436
7635873,2967
8297993,9824
5412212,8633
4446383,9360
4175238,9473
6805656,7873
7201562,3383
6512649,5882
3576673,7847
2147521,524
5955520,3030
6788784,185
3706032,4730
2324926,7758
1172711,4804
4581441,7876
7697635,7563
2093305,6840
6549976,5871
5538079,1564
2533089,3136
4141231,6366
286520,7513
1011856,9159
5138886,9434
6200928,8534
8078408,7297
5356503,1413
4681044,1861
9673962,7326
3004235,4377
8804143,8475
567728,8941
8418159,2184
5559709,4448
8155973,3179
5658116,9097
5292709,7378
9068970,970
9840464,6804
8036686,2477
988100,9945
9158191,1956
3962282,9894
2366931,6489
9953700,7894
2784094,4494
1165741,6188
1227278,5704
5581030,8471
6838187,4786
3389325,5488
6694215,5399
8986945,293
7435783,7315
4710293,7782
9602052,9567
8623693,7065
8713032,344
7434419,7346
483470,1498
9018522,7881
6444863,4099
8265466,7976
9775146,2281
6145306,5551
5731520,4318
9168300,709
6199568,2312
1186701,9429
6471181,6399
7116582,1609
5492277,8361
383074,5571
9156033,4921
5601752,4097
2031871,546
8600223,4093
9967006,4704
6327007,129
7279627,4758
1812,6659
2739082,9400
3771214,5999
5511228,5073
4887045,4531
4175337,5054
8793073,896
2481053,3062
467380,4379
1561534,9815
2280818,2068
4543480,17
8541743,2553
8199599,6739
2734234,4877
255466,316
6019576,4904
5725807,4142
668875,2544
7235796,840
1254667,4036
814742,6069
4369946,4505
6939969,8526
7029993,9883
887123,8834
3037590,6753
9770027,995
5457470,4046
9761073,2546
6667011,9133
488786,3345
6604912,7639
7515400,2524
448608,8291
1292880,5268
5540781,9046
8280610,2751
5691633,1708
9618182,6224
1270092,8613
4217281,5799
6080102,4090
1089233,2289
5678067,9177
1044725,5206
4116140,4652
5799664,4176
7513892,4576
1811332,5589
1156338,7240
7621196,9908
1893647,7619
8480060,4533
572613,3141
2346746,5280
3497274,8425
9456808,1730
1778101,5246
7764953,5051
341149,2911
9860141,1957
7008738,2185
3168565,4894
5437323,6320
597877,1872
9923803,527
2709257,7386
8929107,7913
7684365,3659
6016706,6837
5665717,8644
5401215,702
5292982,1778
2292910,6716
8674070,5945
2764309,4655
6572989,3084
9353356,2444
7932149,85
9257439,3398
8653681,560
7029675,2949
4392000,9589
7937221,5111
4681253,4106
2346206,2702
180991,7748
8149266,4149
4910931,7807
5832699,1908
2494110,4151
7277912,6144
8913302,4049
4366932,7425
8301160,680
280284,7460
8788069,2778
1138082,9939
1889289,1339
9679757,3972
9585456,6051
6994835,6324
4961424,802
2610232,1383
5017363,9099
2748295,7826
5996366,6891
5700615,2982
3514266,4422
1481709,6442
9391725,1239
1895756,336
6711374,3007
7548632,4788
4607434,6768
5482303,1277
2173069,5885
6959346,3809
2794573,2829
7081245,5316
3216553,7766
4452782,5549
4688528,2591
4812684,6644
4127515,4384
5082472,2089
6757359,1367
1118000,3182
2173035,696
786327,9195
2898703,38
7625116,1934
6838561,7593
901470,4960
7394259,3178
4980385,4948
4280838,1180
787870,2140
6098090,6096
6852088,3392
5648389,1159
2085939,3562
3302235,137
833227,8501
3283001,266
5478084,3468
3286592,959
5190067,9040
9967324,7179
3724972,2052
9502169,5872
1144876,3023
9133005,9715
6923443,4695
2267403,7376
6809186,282
343168,2345
3414453,3174
7712656,481
6597017,7271
9965748,7587
9802026,1313
8014643,7469
9664703,4399
6192067,98
9722282,7537
3405220,737
4853694,9283
9463661,109
929367,5981
9241276,13
6926316,9500
6948745,5991
3624541,2902
6825661,7872
4573820,4454
5643491,1629
720738,3719
6468774,9630
4730188,379
3806434,3851
6698495,5914
2147233,7954
103246,8826
318664,1734
5117539,8283
5238416,6540
4444244,4272
8297271,3805
5733597,6998
4477616,6504
3035649,6605
1257212,9449
3938218,8126
4436641,6640
4779420,4530
356825,3506
5543378,2072
6278350,4894
7082625,4204
4826724,4308
9957768,9349
2229018,1787
8001696,6338
4790697,8137
3052758,4254
8066246,6442
8381286,2951
2123979,5477
3019449,7713
4810543,8708
1586168,8436
5505777,9594
8441995,7944
9183258,7189
6744566,8830
1224726,7422
4851589,7458
7107330,4172
9223893,2864
9143871,7823
5176458,964
6762214,4743
3746360,3081
3464365,2151
4600150,6525
7021435,3975
4086312,3388
4478780,3015
4185439,1052
7183642,3527
6776859,4803
9736175,3603
9563501,4377
2172739,4637
4599581,5619
6709914,7177
4079158,4087
876839,1548
3113303,3346
4490589,8308
7953696,4977
9044102,5457
4353074,9526
7544895,9538
1126355,4684
2033706,68
2234339,4623
8187702,9009
155458,8772
1221557,9186
1588867,2961
1827853,6597
4583438,5679
1732273,8297
8852355,297
9711185,7680
1147682,4608
3466851,9956
3283067,1122
9787226,2879
1947031,7499
9321311,9457
9214623,6470
6324709,4475
3704876,2782
750481,2131
9762973,6521
6390164,1354
9710091,5473
5879361,2064
4534413,5020
7753727,5132
7665765,5090
8582865,4236
7606327,2120
9980080,2629
3391383,619
9273468,2524
561119,2881
1298767,699
4496655,9296
905383,4152
7255232,5291
7638699,690
8788696,6102
5698497,5215
1154731,8545
9292442,9877
8562614,5712
5966614,8926
3888864,3282
3237503,3431
9391705,4655
5346601,8703
1616045,8022
2371510,5108
3076845,3787
3482812,6214
5491830,7822
3288345,8626
6372982,6251
4148236,4304
514161,3371
7062055,5106
5019744,90
1157464,9702
9035802,6925
9268714,4008
3844149,2293
2515887,6868
4373282,2296
2482226,8472
3876341,8066
2058502,5068
1149848,8014
1793797,6584
9980961,2998
1492474,7432
4297276,2082
6809714,5738
56623,2270
2867335,3154
7734854,3093
1113025,7813
2592430,473
6865684,3133
6063030,6535
6040905,5597
8857642,8338
2332211,6790
7707316,7662
5740680,3758
842391,2258
6820370,2343
5511346,3191
1561393,1572
7557853,6585
8611747,9385
5466620,5971
821018,9147
8146408,5838
8882369,1971
8546533,7512
4090589,2245
1424643,9484
4532837,4241
5584356,5360
2115930,8647
9295696,8302
737310,8037
5251245,6494
8371093,985
6047293,4986
9448811,4170
5914188,5047
4550288,7047
3335622,7138
1181039,2775
2589710,2066
751672,974
4881336,6627
3896234,6671
8998779,6450
8350382,3748
7635780,1688
9571626,9751
7822593,3870
8483653,4073
592966,179
5281023,1399
9444003,3364
3874544,5004
2826478,4222
2481627,3649
7557424,2735
2607344,7340
9040884,7231
9308431,9083
6977749,3244
2404000,5433
3243797,4827
9637983,6522
521467,5155
5188585,7336
8575052,282
5675597,4269
1278120,8851
7152277,5618
2748261,6714
656513,9474
6790362,698
3935390,1388
8309490,88
6781766,7646
7086156,6885
329565,7320
8034298,2716
5455177,5833
5647481,7599
2768438,6188
450999,3510
6550784,200
444164,4349
2630816,4317
1762751,4719
2301628,3468
8960701,4251
3874280,2981
9526530,500
6208378,1705
7800394,2144
2736421,2379
84567,2357
1837772,4422
9730596,2724
8169963,1710
3183076,3398
9317897,2111
6470035,5850
771129,8175
4956846,5971
1064962,4230
9758321,4087
2319185,3343
7690486,6397
3300336,8891
6309642,9447
6661310,4844
241479,9262
724982,3738
7358442,8222
6686855,3998
7324599,4521
30401,1627
5440874,7887
2259041,7487
6783943,6704
5353508,3806
4284261,7456
3554075,6828
2077484,5299
1580248,6519
1068768,6396
7699060,1229
8728232,7075
9519390,7469
9125599,1694
3765485,427
4510101,8265
4876667,8653
2511092,561
5250243,9452
5425711,7112
7086776,8675
247505,2108
3881933,4261
9124998,3207
5124483,8953
8832353,1537
2050457,1529
5355450,3891
5083510,4101
1066118,1252
3918885,1382
2665769,7396
44165,5974
6512020,4641
7804423,5170
4887458,8693
8105826,8067
7149924,559
6633931,4110
7453547,970
4559931,2241
2168182,2036
1281540,3839
9507889,1569
6047150,1877
3902269,2347
8469721,4652
8965824,7492
1999624,6102
8737155,2016
1414965,131
1169674,5301
8539953,4843
1861092,6411
5691869,7295
4076397,265
1393981,5793
8318150,7814
8463596,4885
6476121,9072
6038149,7829
2418293,80
3105286,1168
7882070,8561
5229868,1622
7161916,8537
6223683,7993
4079846,4081
2568385,5661
2854900,3891
5221672,4362
1108373,243
5928071,9179
2659103,9587
4731594,4831
2215109,5378
6994999,4705
1601577,6983
9879512,6412
5634035,4656
7307261,7531
475142,9589
9633314,986
1641550,4910
8908328,621
8053663,9645
3027589,1273
2228538,7016
2695811,979
8465027,4315
537632,9334
6409563,2270
7358967,5164
5677937,3001
4067841,4579
4279598,5951
2287972,8017
2537504,3101
2572383,9549
8278694,824
2171845,492
3794274,746
7878660,9554
7462084,2128
1478729,3497
7111726,6765
1144273,4855
1318897,1098
4558617,3065
51791,3022
6128735,7599
1155789,7737
551348,8036
3960571,9007
9609173,6930
7617704,7363
3285893,4924
632559,4950
2808759,4768
4127960,5839
7155931,9338
5919483,2518
9618660,1888
3119817,7261
7086565,3895
2507440,8752
4162287,5586
7355431,8200
5176017,4905
4553791,3085
1644485,5759
4130293,9324
4221496,8282
898843,4738
3475998,3429
3135001,4534
371999,5411
4108390,4042
5898825,2468
6581092,1355
2985598,1196
3152513,6808
9872614,2411
4120523,9722
8365193,4153
9548152,7932
9751726,8509
8343035,8677
1141639,5391
3161278,4682
8367765,6512
3314809,7039
8645363,6534
3446664,5634
5653911,2486
2823958,4000
2223111,5212
2888177,1401
618833,1042
8799392,9113
9870969,5618
4356477,926
7139395,4482
4108514,3498
6242443,2123
7046665,9847
9365101,553
4200598,1357
9489986,1721
8161179,3801
7668538,8066
1733086,8220
2006151,794
6805471,9573
8657170,3997
1327690,5637
2532424,3832
6911835,8058
7071443,9062
8228337,168
989856,5100
3133801,7494
4921098,1588
1299223,5725
2178847,5027
5514229,5620
5872351,3738
7228155,3749
567870,7796
9077968,254
1373000,5133
3788808,6814
7687615,2478
79910,9829
292568,1522
1133389,1442
338067,3466
8493509,7042
7021420,1801
1166833,9784
1646063,3781
2516748,4184
8539783,4915
954154,3752
1272560,905
7096181,3555
1889139,5537
2293674,2428
3855790,9636
5363453,4134
1163792,5712
1951351,450
7162109,7063
3437576,2865
2490241,7014
1628251,3544
6660812,9435
7872395,3250
7072906,2233
9671160,3620
3960127,8763
2306180,8267
8162779,1234
9818786,6648
5931153,9808
3122604,3353
5786509,7000
2842065,9645
9472816,8674
1042140,2905
4084928,1784
7611136,8476
2820418,7582
9084893,5292
7150233,2975
7445100,9540
6924785,5875
7809033,8902
4850652,7160
7988740,130
5847706,427
4053084,9621
9900163,7614
1769703,3733
4719195,6979
2837280,9033
1632944,41
550321,1703
5126820,298
6693956,2837
460813,3025
3531239,8380
1638392,6586
5820049,4641
1745257,6528
1773360,5800
2505076,2286
5642170,606
3979845,2027
9654393,9521
953304,7591
4315946,5300
7808316,6281
1927192,6579
7845677,7132
314123,3741
1434576,9055
6667558,9314
1089551,5204
8039954,2428
9522855,2368
2732338,5663
4074796,4875
489827,5492
9095910,3954
1394134,1788
9085965,2739
4099440,453
9848787,7128
4425502,5805
5747455,9623
2462472,3833
7141455,7252
9713380,9016
6559694,5524
5625003,2197
9411350,3703
4318656,5649
5111656,4091
2007298,5663
468181,4656
5120277,6197
5854574,4630
8429623,6917
1604608,3840
860166,898
4981147,1494
2026174,5085
1059964,7030
5855908,1497
1813007,8027
1687221,97
2056828,4974
2952376,6484
7004732,9458
1544236,2515
7690399,1395
8089276,316
7709886,5680
7680445,2016
6785012,7550
6912207,4128
4861434,4158
8513212,6164
9857289,8234
8031469,2234
9866354,7304
8787972,6109
9655967,1197
6449208,9398
2578973,3993
2140042,1919
2780590,5057
2520867,3851
9948456,1912
8698171,2524
9732107,2267
9963856,8473
5524850,7384
643953,6871
981162,2622
8622209,3780
7442540,4569
6887138,9036
8172880,694
8441679,8336
3713927,1935
6422021,9036
9005310,9217
2447099,7485
5190466,9725
635410,3535
8155865,4908
2079603,4122
3905179,951
2983174,9618
4557243,8364
9629632,5578
4354959,2938
9661579,7571
1794053,4949
9260489,185
6770802,1918
6024899,3609
8723663,9206
2409525,1483
121921,7314
8283075,1687
6661131,9474
9554102,2213
9209515,944
8488034,9642
2588971,5774
7841532,9619
6669979,6508
6356162,444
557112,5248
5216117,8245
7626901,8991
8814128,2764
9874978,5971
8171073,6973
5417743,7271
9267121,8836
4511212,2919
2459416,9066
1582467,8820
5605698,5156
9037733,9542
5794203,6589
6943191,4958
8245773,733
5616141,9218
941939,7507
8730290,8016
7582538,6769
9604968,1848
634742,9665
2078373,5479
2641281,6915
7913195,6866
3987591,5685
6872162,6868
6061274,643
3069492,6887
5153199,3516
3804427,5262
9368366,4906
3324963,5373
5505872,8755
4641057,1318
1647116,9333
6626350,9455
8718914,8890
160012,9556
3246362,1732
7331334,9692
9347373,4932
3769044,9280
1082329,9777
9003064,7376
6937455,1392
9692260,7252
2702053,6508
1400329,3690
3978011,1618
8942755,6241
9987189,3938
9570496,7039
8450783,3158
6942888,5080
1012737,755
9664462,1398
3716571,7623
2191869,47
8648896,2970
2973094,6751
3761833,8491
413335,7757
919245,2883
3856147,3942
9078443,9265
6412975,1433
3037248,8827
5099804,7163
4420221,4952
6144819,2441
2386972,2401
3784314,557
5273338,154
4823910,7701
6808498,607
129235,7601
4347258,5092
6853959,1574
4569134,9450
5309711,1887
662168,7415
7707267,2846
8063017,78
2572191,2995
1846403,2610
4491272,8472
3668040,7160
864627,6991
5235433,7131
4891832,3331
8887265,161
1784009,4812
3028640,951
1062885,7347
9454151,6699
8543605,9596
2679204,5120
9769172,6901
4461338,8759
7205535,7435
1593231,9467
5919835,7987
4485157,9363
1481993,1546
6578489,267
2415082,6704
879203,9806
8383431,6949
8904666,6003
5380088,5023
3217397,3887
9624311,444
1049146,829
5582618,6563
3676524,7770
9859376,9622
4237819,1601
3324520,1394
1380371,3296
3646808,4575
3497697,4085
4706500,9212
8908290,9742
1432807,5526
6439805,6546
8675325,276
9869980,571
2809428,8092
947556,1148
9928363,9874
5091070,1713
4883426,5301
3359141,3837
7814378,2936
8237058,105
1911608,2677
6014279,2712
8029628,6090
6341549,5801
3131537,8860
8930724,639
9799518,4328
8066359,2435
7341401,5247
8583956,1135
4081280,1483
8179178,7453
7499888,400
8891049,9583
8658351,2205
8242144,693
4818608,7099
9455516,6333
2837598,5212
7780351,3582
6982563,2877
1949497,5114
4992387,3130
2858146,9384
2091610,4691
7925459,8354
370343,9132
4099631,4713
4823575,3884
7313813,225
8419616,8259
7504718,8533
6476444,1964
6292846,3130
6992685,4246
3316550,8440
1955066,3618
8318698,5073
9798478,1150
6380221,5015
8450343,7497
1366353,9402
4713193,6422
7034673,357
6544687,4139
4033947,2646
9657438,7609
6543205,5995
829918,6703
7714157,8160
4625905,2974
818333,9378
2233993,9929
1391003,856
7172253,6836
9852608,840
6839162,757
1182887,5838
6608336,8674
131003,9958
4165214,8539
9223215,3221
2579151,6608
5539503,236
8162856,2599
9163525,6321
7008054,6675
9772580,4427
267990,9036
4084903,2333
8014369,7759
