character1_id,character2_id,user_id,fightexodus
4368,3225,388,Win Char2
8257,2710,754,Draw
3103,7973,5154,Draw
201,1029,8016,Win Char2
2283,194,5915,Win Char2
2779,7916,9664,Win Char1
4987,6049,733,Win Char2
1190,818,7704,Draw
9783,3958,3785,Win Char1
7318,1005,9867,Draw
1044,2401,2111,Draw
8658,597,5224,Draw
2649,2799,1537,Draw
3624,79,64,Win Char2
9802,9289,9861,Draw
5196,9660,3284,Win Char1
6790,3530,6931,Win Char1
7651,789,4983,Win Char1
5147,807,4655,Win Char1
3600,1316,3920,Win Char1
3099,6415,4338,Win Char2
9355,7941,5525,Draw
5944,4747,3191,Win Char2
9039,2504,5132,Win Char1
1047,1897,5504,Draw
7593,1596,5051,Win Char1
8133,8297,7209,Win Char1
4961,2851,5117,Win Char1
1736,8232,4674,Win Char2
854,8909,1904,Win Char2
9551,6056,1117,Draw
8482,1155,2755,Draw
56,398,1645,Win Char1
2851,8702,9227,Draw
8574,6876,6513,Win Char1
9632,8616,9162,Win Char1
3928,8080,5078,Win Char2
1010,3675,4078,Draw
6354,9736,8672,Win Char2
9184,1446,9665,Win Char1
4176,8824,2999,Win Char2
1924,332,1560,Win Char2
1939,3355,2532,Win Char1
5450,1562,2882,Win Char2
9492,5580,9649,Win Char1
2298,1353,9103,Draw
7194,1060,3501,Draw
8124,9368,1727,Win Char1
1084,4240,7751,Win Char1
3225,1442,9045,Draw
7189,7823,6867,Draw
44,722,1726,Win Char1
3333,457,6205,Win Char2
8834,2251,8328,Draw
34,4152,2911,Win Char2
2807,7620,6183,Win Char2
5036,1185,1185,Win Char2
3774,7750,7317,Win Char2
6763,5431,3983,Win Char1
9006,7778,4006,Win Char2
6294,9370,4387,Win Char2
4412,2578,912,Win Char1
7030,1169,6105,Win Char2
2102,8692,1846,Win Char2
2633,5363,4871,Win Char1
9109,5936,3838,Win Char2
3774,42,2635,Draw
4586,7341,5058,Win Char1
7359,4537,152,Win Char1
8538,8159,6372,Draw
4301,4406,8431,Draw
3826,9902,4489,Win Char1
8257,466,8568,Win Char2
7681,1196,4642,Draw
7107,9208,813,Win Char1
2493,9587,3226,Win Char1
5981,9928,9716,Win Char1
4517,1557,5732,Draw
2216,9020,3814,Win Char1
6411,1213,2985,Win Char2
1788,1525,1557,Win Char1
9437,9545,9676,Win Char2
699,1400,2278,Win Char2
5345,9619,5724,Win Char2
5190,9032,9863,Draw
4812,4125,2191,Win Char1
2775,3180,1287,Win Char2
3743,9647,2273,Win Char2
9256,2551,5183,Win Char2
6296,3529,842,Win Char2
1069,2369,1989,Win Char1
6437,5087,1644,Draw
2192,7273,8109,Draw
6479,61,5018,Win Char2
1878,8953,3414,Draw
8845,3225,4253,Win Char1
9347,6359,9329,Draw
8379,1406,7159,Win Char2
1024,3097,4064,Draw
1215,1025,1340,Win Char1
5058,1227,1345,Draw
5388,7419,8338,Win Char2
4873,5901,4830,Win Char2
3095,186,9128,Draw
4910,5365,6567,Win Char1
3686,516,7733,Win Char2
5126,4325,3649,Draw
213,8978,6687,Draw
1262,5369,8644,Win Char2
4204,2497,1486,Draw
3604,6045,4291,Win Char1
5267,8453,1954,Win Char1
6497,9001,8338,Draw
4454,8341,9891,Win Char1
5418,3036,4777,Draw
5654,6166,7263,Draw
2973,4441,7897,Win Char1
3289,2269,4243,Win Char1
9825,9853,2808,Draw
5149,3574,1734,Win Char1
9635,1384,5338,Win Char2
3775,8400,4233,Win Char1
3469,5631,2074,Draw
7548,2822,7327,Win Char2
5117,4327,9111,Draw
5363,3486,7261,Win Char2
1361,2051,1910,Draw
702,4199,211,Win Char1
8413,5682,3219,Win Char2
9048,6183,7102,Win Char2
8783,3665,6060,Win Char1
7727,6373,4380,Win Char2
8891,1700,919,Win Char2
2674,9535,3975,Win Char2
3084,4304,9413,Draw
6343,9665,9206,Draw
8997,6582,254,Win Char2
7711,9141,8039,Draw
6107,1377,2875,Win Char1
3087,4712,4255,Win Char2
9875,9074,4385,Draw
442,4162,8582,Win Char1
3237,1050,5489,Win Char2
3134,5447,7069,Draw
2092,5716,8882,Win Char2
8711,5207,2820,Win Char2
988,7328,1625,Draw
254,9547,9882,Win Char2
8246,1001,138,Win Char1
4132,8252,1921,Win Char1
230,961,7152,Win Char2
7973,5001,5144,Win Char2
5147,7595,2312,Win Char1
1921,1078,1489,Draw
2339,9684,3523,Draw
2015,2433,215,Win Char2
7060,7319,8826,Draw
2279,2184,1083,Win Char2
7365,1620,6140,Win Char1
9470,9963,8150,Draw
2340,3976,551,Win Char2
3918,6454,7407,Win Char2
1058,7976,7194,Win Char2
5080,782,6228,Draw
2916,5315,6168,Win Char1
8726,9201,1809,Win Char2
7160,5850,1356,Win Char1
7921,4499,8184,Draw
839,2507,9565,Win Char2
8092,9536,4045,Win Char2
7207,7727,224,Win Char1
2119,7168,3928,Win Char2
5026,1719,2700,Draw
3722,3587,5340,Win Char1
2844,3959,2940,Win Char1
346,3216,7119,Draw
3332,1065,6496,Win Char1
9390,3738,3073,Draw
8,805,5883,Win Char2
7676,2461,9847,Win Char1
4104,1760,7450,Win Char2
2745,2880,9329,Win Char2
6627,4694,2463,Draw
1455,5565,5664,Draw
5345,7872,2641,Draw
3063,1069,9865,Win Char2
854,8701,125,Draw
4143,9119,4084,Draw
2806,9985,2535,Win Char1
2520,9842,8138,Win Char2
6273,4248,9869,Draw
6745,8580,3330,Win Char2
8259,4224,4268,Win Char1
7393,9039,1295,Win Char1
7028,2130,5348,Win Char1
9914,9059,2301,Draw
8779,2380,3331,Draw
5669,4600,2127,Draw
6184,5727,8092,Draw
5251,2635,4319,Win Char1
1920,1872,3313,Win Char2
6575,3852,8576,Win Char1
6548,796,3485,Win Char2
6650,3028,5432,Win Char1
2596,877,6125,Draw
1214,2638,6335,Win Char1
1177,911,1745,Win Char1
4817,7061,8155,Win Char2
9303,8827,6418,Draw
7199,6938,111,Win Char1
6897,2822,4146,Win Char2
5252,5882,8768,Win Char1
9912,8383,3957,Win Char1
8523,196,6275,Draw
4030,641,2154,Win Char2
706,7102,7345,Draw
8106,4856,7663,Win Char2
8500,2318,478,Draw
5826,1033,5758,Win Char2
8343,4787,9921,Draw
6216,2160,7873,Win Char1
516,7296,6164,Win Char2
2830,2162,1000,Draw
1961,4184,4213,Win Char2
6167,4758,8339,Draw
4074,9280,4331,Win Char2
3349,2907,9447,Win Char1
729,4560,9750,Win Char2
6024,1847,9627,Win Char2
3155,7386,9507,Win Char2
6884,7691,9613,Win Char1
9571,2494,6200,Draw
5977,7174,4388,Win Char1
2951,8186,601,Draw
395,7145,5698,Win Char1
8509,8650,7373,Win Char2
21,5718,3758,Win Char1
3056,7284,9276,Draw
1407,528,9336,Draw
2701,8383,8929,Draw
8469,5607,4736,Draw
9835,2293,6267,Win Char1
3626,8787,5242,Win Char1
2824,2794,5084,Win Char2
3640,3778,1752,Win Char2
2424,9526,4046,Win Char2
7864,5147,3214,Win Char1
3552,556,83,Win Char1
6191,2991,3205,Draw
2658,6688,9517,Draw
2797,3485,1608,Win Char1
3326,1939,8294,Draw
5939,3871,6397,Draw
3142,6604,2544,Win Char2
3757,838,1467,Win Char1
7943,6704,6108,Win Char2
157,6456,265,Win Char2
696,2260,3074,Win Char1
4824,2667,9384,Draw
1332,7571,1045,Win Char2
8389,4193,1798,Win Char1
2091,2823,4188,Win Char1
8855,2785,727,Draw
7448,4573,8539,Win Char1
9960,4383,6098,Win Char1
5046,9841,8486,Win Char1
8430,5904,9711,Win Char1
1422,1479,2713,Win Char1
1052,5014,8463,Win Char2
5805,9659,3132,Win Char1
7946,7679,1368,Draw
2929,4149,526,Draw
7411,1315,7108,Win Char2
9942,2060,437,Win Char1
2427,7376,9707,Win Char2
3526,3800,2032,Draw
6549,9617,2559,Win Char2
114,9178,6080,Win Char1
9124,3491,5513,Win Char1
6574,8119,6578,Draw
3855,2258,6029,Win Char2
2593,16,6449,Win Char1
4932,476,3415,Win Char1
1185,6750,506,Draw
6938,6097,6313,Win Char2
193,8063,4473,Win Char2
1085,8037,554,Win Char1
6593,8739,4485,Win Char1
2944,2509,4886,Win Char2
8771,6014,8664,Win Char2
8798,7160,9564,Win Char1
5112,1523,9783,Win Char1
853,2095,6968,Win Char1
2974,5609,640,Win Char2
1592,4651,6048,Win Char2
5077,7800,690,Win Char1
7348,3180,3577,Win Char1
9512,7073,6045,Win Char1
5507,9912,569,Win Char2
9030,5145,6104,Win Char1
9601,3332,2000,Draw
7260,4248,8933,Win Char2
5764,6104,5537,Draw
5432,7114,5417,Draw
5042,6509,3482,Win Char1
5882,1756,712,Win Char2
5062,7270,8972,Win Char2
1350,3605,7565,Win Char2
7806,8756,8076,Win Char1
1862,4832,182,Win Char1
2679,1726,3551,Draw
8480,5344,5642,Win Char1
7616,3829,3807,Draw
7416,8719,5316,Draw
1670,797,1169,Win Char2
1492,7995,8515,Win Char1
7599,1274,2741,Win Char1
6831,3283,5058,Draw
3967,8573,6108,Win Char2
3430,474,1488,Win Char1
1988,7483,4968,Draw
1200,3736,8461,Win Char2
5775,7913,8084,Draw
9691,4419,6400,Win Char1
3354,5990,7010,Draw
8126,9319,951,Win Char2
3692,6516,189,Draw
4453,8054,2907,Win Char2
7662,4772,797,Win Char2
560,1855,7780,Win Char1
2151,5904,5526,Win Char2
3291,2432,2339,Win Char1
9426,5389,5130,Win Char1
1678,5988,1437,Draw
3769,9557,7936,Win Char1
4824,5075,1607,Win Char1
1881,2857,3075,Draw
1341,8710,4946,Win Char1
1660,9584,1902,Draw
3371,3706,868,Win Char1
270,7069,8995,Win Char1
1486,1367,3956,Win Char1
9468,6487,6438,Draw
9172,6284,4253,Win Char1
3938,225,5399,Win Char1
5928,3290,5442,Win Char2
2645,6896,2553,Win Char1
2482,8075,9587,Win Char2
5843,7051,3796,Draw
1237,1690,2560,Win Char2
3280,3307,9050,Win Char2
215,9235,9840,Draw
2978,1083,9315,Draw
2018,4569,8745,Win Char1
6416,941,8916,Win Char1
5978,2859,5767,Win Char1
8287,2605,6466,Win Char1
225,328,5516,Draw
6750,7643,2127,Win Char2
9863,3106,6811,Win Char2
6077,3456,1436,Draw
4288,9256,3030,Draw
776,7202,1143,Win Char1
2882,4807,7935,Win Char2
8477,7293,3202,Win Char1
6117,2562,1185,Win Char1
5310,2714,6114,Win Char2
2048,5723,9113,Win Char2
5031,1666,4755,Win Char2
7473,3046,7388,Draw
9285,5992,124,Draw
3225,5177,501,Win Char1
6054,1449,4110,Draw
2323,3024,2311,Win Char2
7993,7570,9062,Win Char2
8142,5216,9428,Win Char2
5016,4816,901,Draw
6281,6772,9234,Win Char2
7191,4500,5248,Win Char2
8905,289,1811,Win Char2
699,943,4908,Win Char1
9372,7051,9248,Draw
5662,703,3128,Draw
5783,9044,9217,Win Char2
9632,8066,965,Win Char1
7263,1985,1678,Win Char1
150,6489,4732,Win Char1
7186,1260,7225,Win Char1
1139,6542,8580,Win Char2
4275,787,7876,Win Char1
3733,2181,9761,Win Char1
2733,700,2634,Win Char1
7531,9599,9894,Win Char2
2562,9895,4726,Win Char2
3728,3858,6430,Win Char2
3228,5763,6232,Win Char1
6361,5314,142,Draw
5724,7795,6258,Win Char2
2306,6565,7252,Win Char1
5103,7706,3706,Win Char2
1025,6615,8618,Win Char1
8834,8067,316,Draw
9079,2353,9427,Win Char1
795,9775,7127,Win Char1
697,7403,5067,Win Char2
593,6877,731,Win Char1
6375,1590,9822,Draw
3459,9660,2565,Win Char2
1475,8062,9839,Win Char1
8623,3832,8138,Win Char2
8114,6651,538,Draw
2868,5788,2898,Win Char2
7935,9843,208,Draw
3247,5958,9731,Win Char2
5562,2529,9475,Win Char2
2562,9638,8779,Draw
6497,1166,3430,Win Char1
903,6787,6153,Draw
4485,6012,9274,Win Char1
4945,2357,8087,Draw
8866,8443,4948,Draw
4772,2420,5304,Draw
8486,3985,2418,Draw
2859,4456,6662,Draw
4947,2630,1255,Win Char1
6343,6296,700,Draw
8834,282,702,Win Char1
7224,2277,9074,Win Char2
574,9320,7054,Draw
5164,7052,4997,Win Char2
8708,7686,6030,Draw
2785,2431,4583,Draw
2278,3667,7299,Win Char2
5856,1067,301,Draw
9394,3893,7179,Win Char2
1515,3783,9976,Draw
8393,1238,6345,Win Char1
1368,8914,6141,Draw
692,8864,6831,Win Char2
3831,7912,5000,Draw
1416,3031,2092,Win Char2
7022,3201,6073,Draw
4548,4749,275,Win Char2
9902,4571,8693,Draw
4408,504,9024,Win Char1
3367,5587,3782,Win Char2
8950,5123,8027,Win Char2
2382,826,9702,Win Char2
77,1583,11,Win Char2
5014,9000,667,Win Char1
7678,4104,2367,Draw
5709,4320,4016,Win Char2
6653,8202,2119,Win Char1
6057,2987,3565,Win Char1
5106,9906,5805,Draw
8877,3749,9790,Win Char1
9750,213,4728,Draw
9941,5383,3303,Win Char2
9691,207,6573,Win Char1
6358,6987,8844,Draw
9000,2439,436,Win Char1
3232,6755,8264,Win Char2
143,6011,6283,Draw
1541,716,5410,Draw
8385,6508,2822,Win Char2
4022,6916,6149,Draw
559,37,4864,Win Char2
5913,307,5259,Win Char1
2195,9367,7360,Draw
1983,8205,2772,Win Char1
575,5769,5182,Win Char2
7357,2501,3644,Win Char1
5686,3364,2054,Win Char2
1321,8947,1451,Draw
1226,4060,3761,Win Char2
5457,6716,2782,Win Char1
3342,5787,6259,Win Char2
2212,7,2909,Win Char1
481,2205,2645,Win Char1
3604,5908,9098,Draw
3178,8195,3061,Win Char1
3862,6069,6540,Win Char1
4629,1447,2546,Win Char2
6335,312,8089,Win Char1
789,1849,7161,Win Char2
6784,5880,7766,Draw
8992,3134,5133,Win Char2
8951,5787,8833,Win Char1
8646,9424,7213,Win Char1
5864,2576,1611,Win Char1
7878,2586,2216,Draw
847,5552,9354,Draw
9696,4424,3043,Win Char1
2348,3371,5925,Win Char2
3814,7745,2647,Win Char1
1694,3367,5772,Draw
38,9541,2377,Win Char1
58,4425,7512,Win Char1
7150,1536,3707,Win Char1
4991,6341,2321,Win Char2
5074,6558,3508,Draw
5519,6935,751,Draw
7120,4166,3304,Draw
1095,487,1212,Win Char2
9305,9539,9501,Draw
8398,3194,709,Draw
9701,363,7131,Win Char1
2854,1839,6739,Win Char1
9989,8718,2138,Win Char2
173,3613,7791,Win Char2
1454,5026,141,Draw
8686,7932,3621,Win Char2
5095,5388,3477,Draw
7800,3980,6122,Win Char2
5052,707,4890,Win Char2
1069,5195,4468,Draw
4561,435,8960,Draw
2573,2670,7773,Win Char2
5442,7380,7001,Draw
4894,5092,774,Win Char2
4460,3561,1096,Win Char1
6381,4867,1208,Win Char2
8490,5251,7796,Draw
2728,3985,529,Win Char1
7653,6235,8050,Draw
6564,6961,7347,Win Char2
7176,1066,9136,Win Char1
8537,3851,9115,Win Char2
2452,8155,1243,Draw
7423,8380,3034,Draw
172,6227,6338,Win Char1
6826,7554,6339,Win Char1
9980,1179,8538,Draw
5900,3348,739,Win Char2
597,5025,6006,Win Char2
1324,1829,5246,Win Char2
1064,8398,5551,Draw
1654,4701,7132,Win Char1
5830,7567,8852,Win Char2
6669,7799,8957,Win Char2
1614,1913,6423,Win Char1
6937,9113,6288,Draw
7206,3122,5377,Draw
5217,9621,7478,Win Char1
4108,2925,882,Win Char2
7737,2916,7359,Draw
8852,636,7724,Win Char2
1685,9658,431,Win Char1
2260,1635,8988,Win Char1
7774,3667,6797,Draw
8308,3231,500,Win Char2
5643,2791,7960,Win Char2
8021,58,1382,Draw
9048,9485,6731,Win Char1
9347,5091,906,Draw
1811,1604,6253,Draw
3744,2622,3771,Draw
3818,4153,7380,Win Char1
5552,5634,3882,Draw
8168,4922,5356,Win Char1
4059,7163,8211,Win Char1
6917,9776,269,Win Char1
5797,4113,7846,Draw
9876,6701,6350,Win Char2
9127,7886,3922,Win Char2
9518,9450,6495,Draw
7619,3703,2515,Win Char1
9066,5891,5092,Draw
7759,7719,1344,Win Char2
1408,5830,3070,Win Char2
5773,6178,7573,Draw
1357,4556,2284,Win Char1
1615,8648,165,Win Char2
722,8123,1618,Win Char1
8931,8503,3834,Win Char1
3990,4373,3202,Win Char1
5895,2401,7248,Draw
4672,7996,9398,Win Char2
8970,2324,2955,Win Char2
30,5139,1137,Win Char1
5779,984,5164,Win Char1
6133,4411,3459,Win Char2
947,8041,1190,Win Char1
128,8673,162,Win Char1
8794,1955,6188,Win Char1
9397,5122,2664,Win Char2
1608,8147,3208,Win Char2
6323,1320,2843,Win Char1
4235,7925,5353,Win Char1
3266,2816,2950,Win Char1
2755,5233,4943,Win Char1
7327,1201,9876,Win Char2
2555,8479,7372,Draw
3054,4446,8359,Draw
4261,6405,8048,Win Char1
3280,2947,728,Win Char2
7181,3177,1218,Win Char1
6409,4131,6517,Win Char2
8160,6213,9125,Draw
4548,2409,220,Win Char2
7051,2822,3825,Win Char2
8083,2901,8750,Win Char1
1590,6003,2456,Draw
9792,8545,4206,Win Char1
1118,3287,5177,Draw
777,460,9746,Win Char2
6460,6118,6978,Win Char1
8334,3113,4171,Draw
7782,7582,8608,Win Char2
193,1086,3368,Win Char2
6746,4090,2274,Draw
5144,4584,7729,Win Char1
4773,8863,7176,Win Char2
2251,7434,3953,Win Char2
6474,8002,1513,Win Char1
3311,9691,7313,Draw
3053,372,5034,Win Char1
6225,7384,2138,Win Char2
2891,9647,7401,Draw
5759,6831,5387,Draw
7888,4593,4257,Draw
4513,6531,4937,Win Char1
5295,9345,5633,Win Char1
5995,792,1138,Draw
6558,9,6022,Win Char1
4665,1025,327,Win Char2
8794,7348,7959,Win Char1
7193,5745,2718,Win Char1
1107,8915,2226,Win Char2
8821,9987,398,Win Char2
2903,3147,5923,Win Char2
4380,5431,2237,Draw
4224,92,6619,Win Char2
4971,3768,6814,Win Char2
9209,2391,5850,Win Char2
4137,1515,2929,Win Char1
7175,5954,9139,Draw
3581,3182,7522,Win Char2
5442,3151,6099,Win Char1
3530,6739,8405,Win Char2
1429,2052,9285,Win Char2
8540,4542,675,Draw
158,1058,5284,Draw
8628,1445,6194,Win Char1
8120,6043,7258,Win Char2
2291,5077,8309,Draw
754,8238,4045,Win Char1
6306,4126,5488,Win Char2
4012,9473,2349,Win Char1
4197,8637,8021,Win Char1
3396,5266,1354,Win Char2
5416,8111,165,Win Char2
6629,9768,1063,Win Char1
4225,896,1062,Win Char2
8529,6168,6993,Win Char1
6547,4972,8456,Win Char2
7239,5771,8812,Win Char1
3627,8125,7493,Draw
747,9541,9474,Win Char1
3150,2959,5439,Win Char2
1955,6947,4149,Win Char1
5394,2536,5692,Win Char1
9030,872,1200,Win Char2
1091,7252,9472,Win Char2
7229,9013,789,Win Char2
7462,8597,2616,Win Char1
721,941,8368,Draw
9768,4334,4670,Win Char2
4809,3322,5734,Draw
9079,1455,713,Win Char2
2718,3805,5013,Win Char2
4474,2199,7235,Draw
889,9327,4284,Win Char2
7325,5896,6685,Draw
6315,3526,1742,Win Char1
9479,3170,1533,Draw
4558,8928,3272,Draw
9974,8928,6804,Draw
3948,4269,2123,Win Char1
9121,5607,9651,Win Char2
8837,8618,7708,Win Char1
2768,1581,1328,Win Char1
3106,1379,2066,Win Char2
8196,7641,7604,Win Char2
9344,3410,4530,Win Char1
9783,1887,8803,Win Char2
6041,1598,4371,Win Char2
7650,9494,3754,Draw
8533,4845,4639,Draw
6817,3309,3427,Draw
6846,3192,4381,Draw
8721,4426,6853,Draw
2732,556,501,Win Char2
1310,6401,7936,Draw
9771,6639,8230,Win Char2
6821,8018,4840,Draw
8371,5711,3786,Win Char1
2789,5678,9374,Win Char1
8819,7314,5179,Win Char2
7946,3477,8628,Win Char1
9786,189,8259,Win Char1
6404,7541,3063,Win Char2
322,8021,3589,Win Char1
2963,922,2611,Win Char1
8792,5992,279,Win Char1
4748,5725,2210,Win Char2
3864,5626,9750,Win Char2
5147,6041,7202,Win Char2
7375,7630,5368,Win Char1
732,6994,2469,Draw
8386,1647,9486,Win Char1
4771,6455,8451,Win Char2
5759,5492,107,Draw
7763,6172,7908,Win Char2
4354,6076,5012,Win Char2
2365,1882,9690,Win Char2
1358,9938,770,Win Char2
8334,7718,5043,Win Char2
3695,5509,9372,Draw
7738,4789,1485,Win Char2
9168,2838,7315,Draw
1878,8416,4954,Win Char2
967,9286,5782,Win Char1
7045,7449,1908,Win Char1
968,2302,899,Win Char2
8797,7456,2222,Win Char2
3624,9765,3604,Win Char1
9544,2225,7413,Win Char1
8028,4835,5406,Win Char2
1711,3245,4227,Draw
6187,3245,1771,Win Char1
8528,5071,1307,Win Char1
8431,3058,4795,Win Char1
2327,2683,6006,Draw
1339,7039,1188,Draw
5875,7669,9716,Win Char2
3100,2602,5717,Draw
7395,3249,4544,Win Char2
5511,686,4374,Draw
2491,86,1051,Win Char2
7640,2625,752,Draw
3459,9740,823,Win Char2
4114,3965,4034,Win Char1
5788,4542,5698,Draw
3774,6396,9019,Win Char1
2321,3029,5494,Win Char1
9607,8222,6462,Draw
2146,992,6379,Draw
4304,3079,5672,Win Char1
1790,8596,650,Win Char2
4746,3576,4040,Win Char2
4345,4440,3710,Draw
3534,8750,4857,Win Char2
5917,1345,5515,Draw
6708,11,7099,Draw
1865,13,3982,Win Char1
2876,34,3771,Win Char1
5682,9180,1133,Win Char1
6514,6430,6927,Win Char1
6412,6810,4297,Win Char2
1557,7803,7787,Win Char2
4287,9230,5500,Win Char2
5214,3904,2789,Draw
7461,4290,8357,Win Char1
5688,4224,4275,Win Char1
3245,6908,6369,Win Char2
3732,704,3651,Win Char2
6558,4863,1731,Win Char1
4522,2141,9354,Draw
1158,6133,1871,Draw
1667,6450,7887,Win Char2
5501,9816,7284,Draw
5242,819,929,Win Char1
4278,6545,6274,Draw
3806,4664,9322,Win Char1
7463,4137,4268,Win Char2
8744,1337,6065,Win Char2
2895,5694,5817,Draw
6584,4693,8080,Win Char2
306,5397,2431,Draw
1086,343,3850,Win Char2
4710,4726,4898,Win Char1
2780,123,5116,Win Char2
5830,158,4468,Draw
8622,3825,4340,Win Char1
2,6820,7614,Draw
5960,4200,5904,Win Char2
4673,6983,6821,Draw
3663,6949,9327,Win Char1
947,4926,8935,Win Char1
7439,7478,7054,Win Char2
2741,331,8878,Win Char1
7465,5387,3742,Win Char1
1707,2298,9181,Draw
1777,6698,5035,Win Char2
57,8097,8453,Draw
5762,2622,8035,Draw
7049,8864,2148,Draw
9229,4071,5404,Win Char1
2134,9281,4438,Win Char2
6723,766,4307,Draw
9216,8563,3994,Win Char1
4907,1373,1649,Win Char2
3204,4605,167,Draw
5507,4013,7757,Draw
7709,9530,9569,Win Char1
9359,7033,3036,Win Char1
5931,3535,4215,Win Char2
1751,9119,8319,Draw
5372,4777,4846,Win Char1
6192,4965,7272,Win Char2
2375,5363,1128,Win Char2
1921,6438,9504,Win Char2
6755,1091,6604,Draw
2872,4709,2228,Win Char2
3113,8251,9007,Draw
2685,1154,772,Win Char1
6856,7347,6558,Win Char1
2773,9188,9680,Win Char1
527,5301,1715,Win Char2
2668,1217,6843,Win Char2
7956,3060,6073,Win Char2
58,7875,9486,Draw
9217,5524,1159,Win Char2
8318,1388,8821,Win Char2
4114,5874,9676,Win Char1
9643,2117,3065,Win Char2
4780,7088,68,Win Char2
767,7798,771,Win Char1
4536,8880,8312,Win Char2
6215,2937,832,Draw
2069,5916,3975,Draw
1098,7508,9766,Win Char1
4403,405,818,Draw
9367,1783,1842,Win Char1
5011,1331,3228,Draw
7509,7845,4424,Win Char2
4008,3905,2689,Win Char1
6785,9949,2139,Win Char1
6898,5830,4493,Draw
10000,3072,9903,Win Char1
4609,49,540,Win Char2
5530,966,8658,Draw
3382,4312,7826,Win Char2
6366,8098,2801,Draw
2340,7892,515,Draw
9674,6383,365,Draw
899,864,9036,Draw
3148,8233,1413,Win Char1
4447,3894,4566,Win Char2
1720,8653,8377,Win Char1
6679,5729,9598,Win Char2
701,8595,9986,Draw
6744,7115,5342,Win Char1
5670,7420,1956,Win Char2
7351,1868,5616,Win Char1
5300,5998,3642,Win Char1
2341,4407,2740,Draw
4706,650,1754,Draw
4629,9160,2454,Win Char1
6454,6704,326,Win Char2
3611,5439,4438,Win Char2
6448,2380,2037,Win Char2
773,4155,7679,Win Char2
5524,5828,242,Win Char2
5823,8704,4406,Draw
4442,4804,8063,Draw
6241,3992,4500,Win Char1
3698,3150,7777,Win Char2
5189,1238,806,Win Char2
3140,2705,6983,Draw
5737,9191,7866,Draw
1845,100,2052,Win Char2
1107,9774,7716,Win Char1
1959,5519,5359,Draw
9926,466,6790,Draw
4140,3410,4116,Draw
2607,9442,1498,Win Char2
9466,9827,5045,Draw
9690,7486,8811,Win Char2
1949,3385,7773,Win Char2
8306,3444,2704,Win Char1
79,4471,8134,Win Char1
6928,4797,711,Draw
7506,6229,423,Draw
2580,9899,5998,Win Char1
6561,6519,3282,Win Char1
6601,5973,3921,Win Char1
2997,1416,1154,Win Char2
2374,3247,1891,Win Char1
1970,9144,2794,Draw
4153,8686,2658,Win Char2
6796,4311,1680,Draw
6802,7425,864,Win Char2
3658,902,6816,Win Char1
2148,9964,4859,Win Char2
2068,316,2010,Draw
4663,9585,8573,Win Char2
2104,1568,5894,Win Char1
507,6330,5309,Win Char2
6131,6567,8143,Draw
7889,9559,2041,Win Char2
9827,1751,6620,Win Char1
493,9916,7433,Win Char2
4454,548,4296,Draw
3145,9595,5573,Draw
4872,5456,5743,Win Char1
6836,5638,1703,Win Char2
2842,2857,8923,Win Char1
1546,8374,7423,Win Char1
2750,237,9639,Draw
8095,983,6420,Draw
1703,5698,8546,Draw
5792,404,7038,Win Char1
5959,422,4958,Draw
2082,448,3901,Win Char1
9808,382,5504,Win Char1
5336,3337,3012,Win Char2
4940,9867,4823,Win Char2
6594,826,6176,Win Char1
3391,8552,8504,Win Char1
6053,3948,7161,Draw
2401,1416,5497,Draw
405,3377,7334,Draw
1552,941,6816,Win Char1
2793,442,536,Draw
1347,4397,4800,Win Char2
2008,9057,6420,Win Char2
5585,7161,2372,Win Char2
1455,2702,8455,Draw
1472,3842,2762,Win Char2
6517,6084,8734,Win Char1
4545,2494,1939,Win Char1
5686,9418,4651,Win Char1
1547,8753,2261,Win Char1
4825,7521,8611,Draw
5661,9048,4543,Win Char1
8477,1966,1348,Win Char2
4064,8692,9812,Draw
1939,2465,3560,Win Char1
7583,6741,6843,Win Char1
8473,9100,3230,Draw
5531,8203,7320,Win Char1
6190,7673,9212,Win Char2
1916,7929,4743,Win Char2
5048,197,3005,Draw
7766,565,8271,Win Char2
7168,215,7026,Draw
6935,8600,6656,Draw
8144,3352,396,Win Char1
5732,7191,7919,Win Char1
2726,6926,9149,Win Char2
3035,1475,3466,Win Char2
9990,9649,4596,Win Char1
6813,9826,1767,Win Char1
4819,1760,8566,Win Char2
6707,247,3197,Win Char1
1571,583,7752,Draw
2892,2609,3530,Win Char2
8159,2088,1132,Win Char2
6743,7673,6881,Win Char1
1003,2078,649,Draw
9591,5219,7316,Win Char2
3370,8520,5747,Win Char1
1061,4759,487,Draw
9554,6580,2317,Win Char1
5479,6091,279,Win Char1
7247,5626,3606,Win Char2
7005,8772,3546,Win Char1
3065,7436,6955,Win Char2
9983,3532,2541,Draw
1458,7476,311,Draw
1956,5172,1986,Win Char2
2562,1711,7105,Draw
5553,8904,1678,Win Char1
4135,3688,7604,Win Char2
5825,2636,1184,Draw
4191,2459,7540,Draw
9146,898,3301,Win Char2
3131,9126,2690,Win Char2
8877,9455,9521,Win Char1
6283,9234,5892,Draw
3956,9331,6979,Win Char1
9091,7973,7029,Win Char1
8808,1629,4397,Win Char1
1356,5930,9554,Draw
8961,8448,5525,Win Char1
2151,7560,2826,Win Char1
4422,976,5297,Win Char2
3364,7616,1312,Draw
952,3520,1063,Draw
3900,2797,5443,Draw
9317,4895,1836,Win Char1
3256,343,7712,Win Char2
2650,5682,1635,Draw
9883,7781,8572,Draw
4080,2249,1594,Win Char2
2609,8084,4704,Win Char2
8808,6163,2163,Win Char1
48,4969,6112,Draw
2287,903,683,Draw
2679,4734,5128,Win Char1
107,5422,2915,Win Char2
7702,5367,1615,Win Char2
3056,661,2418,Draw
7066,6239,8846,Win Char1
734,3672,5935,Win Char1
3544,5961,787,Win Char1
8230,5606,925,Win Char1
9323,2657,8672,Win Char1
6942,8081,1435,Win Char1
5427,5725,9879,Win Char1
9942,1251,2839,Win Char2
8067,1868,5736,Win Char2
8031,6837,7232,Win Char2
7063,8099,2317,Draw
9504,7942,3582,Win Char1
6221,4364,9141,Win Char2
9319,9076,8700,Win Char2
6160,3025,2110,Win Char2
8529,6401,2256,Draw
717,2011,4041,Win Char1
6498,8370,6558,Win Char2
7465,1121,6308,Win Char1
9026,4149,9664,Win Char1
48,6598,3172,Win Char1
8387,3799,3222,Win Char1
4535,5010,8549,Draw
2757,2270,6571,Win Char1
2047,4592,4936,Win Char2
2530,2586,8940,Win Char2
9492,9672,1547,Win Char1
502,4406,8935,Win Char1
1059,1726,2090,Win Char1
801,8125,4824,Draw
8626,5570,6557,Win Char2
4848,5795,9893,Win Char2
5476,2170,2359,Win Char1
6395,7451,6034,Win Char2
5003,7,9138,Draw
7573,2855,2710,Win Char1
1231,9581,9503,Draw
9547,7304,7571,Win Char1
5844,4267,7270,Win Char1
9112,5660,5987,Draw
5308,2845,1538,Win Char2
1192,3353,2905,Win Char2
5882,8567,8120,Draw
1870,941,4059,Win Char2
4062,1910,8075,Draw
9821,8599,379,Win Char1
2034,268,4097,Win Char1
8008,1780,2872,Win Char2
2513,9894,158,Draw
6104,4795,9910,Draw
9171,6235,1290,Win Char1
3517,5266,3609,Win Char2
5408,8493,6805,Win Char1
2657,15,3934,Draw
3342,394,8411,Win Char2
2167,6165,1302,Draw
7842,1778,1095,Draw
5946,3882,1326,Draw
1577,6630,353,Win Char2
8355,7861,8909,Win Char1
7245,5195,6563,Draw
1314,1476,2837,Draw
1744,4930,1119,Win Char2
4776,7447,4288,Win Char1
6077,1633,9992,Draw
7990,1228,2917,Win Char1
4425,4094,2316,Win Char1
1091,308,2305,Win Char2
4570,8562,3352,Win Char2
3212,4383,987,Win Char2
6555,7861,7566,Win Char1
6021,1899,5950,Win Char1
6366,2517,634,Draw
8581,4105,5168,Win Char2
1220,7479,5352,Draw
4537,1241,9795,Win Char2
6372,7305,6021,Win Char2
4393,5972,6183,Draw
489,1239,3856,Draw
8528,5010,1660,Draw
3489,7476,5203,Win Char2
7415,7813,3935,Win Char1
7139,1788,7910,Win Char2
4778,2969,1227,Draw
3986,2461,7515,Win Char2
6991,1694,78,Draw
5506,9858,5540,Win Char1
9722,9309,4229,Win Char2
1037,3552,5450,Win Char1
5748,8576,5944,Draw
7992,634,9563,Win Char2
8718,3855,7279,Draw
3639,2803,2279,Win Char2
8230,937,768,Draw
1526,3325,9267,Draw
8137,9072,4018,Win Char1
2317,6802,3266,Win Char2
3393,7490,8900,Draw
3229,8754,5850,Draw
5062,5425,5330,Draw
6584,1159,7961,Win Char1
3201,1210,8310,Win Char1
3157,4565,480,Draw
7987,8349,8840,Win Char1
9263,2279,5419,Draw
7746,6871,2783,Win Char2
1876,400,2659,Draw
2528,2567,1540,Win Char2
5331,3583,832,Win Char2
5048,7226,2977,Draw
5314,3918,1516,Draw
2813,6426,4953,Win Char2
5512,6049,4859,Win Char1
2533,3082,2065,Win Char2
2416,1684,6096,Win Char2
3278,1916,5431,Win Char1
235,5817,3117,Win Char2
9193,7463,9567,Win Char1
4576,420,8614,Win Char2
1305,4548,6526,Win Char1
2611,5533,2547,Win Char1
9289,5346,7506,Win Char1
1048,3715,8768,Draw
6776,1002,2942,Draw
4828,9413,191,Draw
1388,476,9279,Draw
8860,9150,2182,Win Char2
5510,3162,5957,Win Char1
9060,7239,363,Draw
5222,4030,2514,Win Char1
2653,1385,5863,Win Char2
7116,2076,37,Win Char1
6051,6370,1544,Draw
6935,2239,7403,Win Char2
8905,6933,2036,Draw
1563,5149,7979,Draw
2268,3050,2483,Draw
3564,2277,8422,Draw
4200,9500,4267,Win Char1
7552,1673,4385,Draw
2348,7573,5583,Win Char2
9680,9620,8095,Draw
4106,5819,2775,Win Char2
7992,4373,2304,Win Char1
9125,971,6657,Win Char1
2142,8499,7459,Win Char1
1451,2742,8937,Win Char2
5026,3299,5946,Win Char1
1186,1093,7491,Win Char1
1598,1845,4962,Draw
6739,6993,8439,Draw
280,2975,2904,Draw
8169,9227,8179,Win Char1
9887,6995,9313,Win Char1
9677,7091,8627,Win Char2
1141,7524,5189,Draw
3597,1245,8894,Draw
6607,1219,9363,Win Char2
3962,4028,1597,Win Char2
7754,2518,8042,Win Char1
7179,3987,7565,Draw
7341,7194,5651,Win Char1
6023,3715,6347,Win Char2
8520,2197,3222,Win Char1
5951,4258,2420,Win Char2
4812,5220,9942,Draw
5249,2652,1487,Win Char1
9752,3360,477,Draw
3343,6569,7476,Win Char1
9884,8786,2769,Win Char1
2790,1939,7628,Draw
224,2243,5198,Draw
2301,2261,2280,Win Char2
4239,7706,8485,Draw
955,5867,9782,Win Char2
6733,1308,6850,Win Char1
2327,380,4323,Draw
7588,3947,5279,Draw
754,613,375,Draw
8164,7635,1353,Win Char1
7060,3907,4472,Win Char2
2577,2806,367,Win Char1
386,6481,2518,Win Char1
7196,9362,701,Win Char2
7411,6497,9371,Draw
2187,9577,7852,Win Char1
9656,8029,1858,Win Char1
9932,7293,9542,Win Char1
3936,3361,9902,Win Char2
3320,9137,2795,Win Char1
9158,5593,5441,Draw
9033,8368,1761,Draw
9429,1492,4251,Draw
2805,3759,3330,Win Char2
2090,3503,8035,Draw
7645,3059,1523,Win Char1
5795,9676,1149,Win Char2
6647,7980,9180,Win Char1
5132,8954,9189,Win Char2
4876,3870,4140,Win Char1
3740,84,9023,Draw
4584,1198,3551,Win Char1
5989,187,4090,Draw
7661,6999,9294,Win Char2
3134,9955,3648,Win Char2
3063,9770,242,Win Char2
4565,7870,7931,Win Char1
331,6743,7742,Draw
8778,7368,3315,Draw
8259,4390,9176,Draw
9631,2607,261,Win Char2
8747,8901,5809,Win Char2
4223,6956,4187,Win Char1
9419,113,8059,Draw
5321,4006,4210,Draw
5630,9273,977,Win Char1
7353,3755,2753,Draw
727,5919,8569,Win Char2
9640,5096,1453,Win Char2
9902,7280,7006,Draw
5022,7530,4514,Win Char2
1725,9556,8381,Win Char2
7028,5670,6251,Win Char2
7538,2930,715,Win Char2
7700,7276,4117,Win Char2
6096,1690,1942,Draw
6016,4768,2292,Draw
148,7940,5204,Win Char2
1473,5140,8622,Win Char2
4514,4775,3371,Win Char2
1690,6415,5513,Draw
7555,246,6152,Win Char2
2258,437,1912,Win Char2
8638,4295,5606,Win Char1
1740,7460,6214,Win Char2
3159,6946,6980,Win Char2
3331,4777,192,Win Char1
802,2212,5686,Win Char1
5840,7740,3207,Draw
5164,9366,1292,Draw
4696,4926,82,Draw
568,7138,2979,Draw
2328,3113,640,Draw
8284,4313,5723,Draw
6035,9027,1480,Draw
7736,6083,5293,Draw
8828,1284,3349,Draw
1063,6474,510,Draw
3011,4369,4256,Win Char1
562,4652,3115,Draw
1719,999,2577,Win Char1
2189,2020,8920,Win Char1
2206,9823,3728,Win Char1
2334,91,1875,Win Char2
1291,2747,1847,Win Char2
3151,5777,8759,Win Char2
683,3544,2362,Win Char2
3064,6409,7631,Win Char1
6371,7228,6626,Win Char1
773,208,4882,Win Char1
5465,6303,3110,Win Char1
5078,3975,1156,Draw
3348,753,3036,Win Char1
9934,6414,5796,Win Char2
1939,7619,3352,Win Char2
8099,2529,9671,Draw
7851,6112,1283,Win Char1
453,9281,4870,Win Char1
4301,5957,4673,Draw
3522,6341,4785,Win Char2
6040,9136,7249,Win Char2
1983,8946,2622,Win Char1
7017,2468,392,Win Char2
5128,5476,4809,Win Char1
4813,9971,5051,Draw
1034,4205,9296,Draw
3398,3780,8155,Win Char1
8832,835,2572,Win Char2
5315,5270,3337,Win Char1
1135,1543,9409,Win Char1
6265,6002,5219,Draw
4037,6001,2604,Draw
323,8467,8761,Win Char2
7590,3794,2214,Win Char1
157,1752,9425,Win Char1
3405,1694,1983,Win Char1
8110,818,9585,Win Char1
1469,6258,953,Win Char2
6382,148,9660,Win Char2
5650,6325,7266,Draw
2021,1399,1084,Draw
1687,4862,3230,Draw
6394,8288,6754,Win Char2
9513,9233,4056,Win Char1
1394,3020,3002,Win Char1
9625,2675,657,Draw
6584,1790,8186,Win Char2
853,6429,2664,Draw
1286,2216,432,Win Char2
7901,7225,7184,Draw
1705,1135,3828,Draw
8734,6815,3967,Win Char1
105,6344,9478,Draw
2064,3503,8401,Win Char1
9023,3402,9333,Draw
2054,1950,4534,Win Char2
4280,9177,1688,Win Char2
4217,9247,4089,Draw
2520,1248,4394,Win Char1
3059,8075,5099,Win Char1
1265,4543,4593,Draw
6456,1745,9255,Win Char1
3592,4974,5062,Draw
3585,9574,4391,Win Char2
1968,1634,2227,Draw
2585,133,4852,Win Char1
9626,840,924,Win Char1
4886,8152,106,Win Char1
330,5017,4468,Draw
5545,1587,2114,Win Char1
8064,9870,1417,Win Char2
7133,4442,521,Win Char1
3638,5587,4069,Win Char1
3257,1288,8141,Win Char2
8147,6221,6923,Win Char2
5935,5734,3182,Win Char1
1392,1890,6130,Win Char2
4967,394,2940,Win Char2
5876,6171,5765,Draw
8873,7914,2515,Win Char1
6845,4602,894,Win Char2
8512,7075,8039,Win Char2
8776,5136,7537,Win Char1
9202,7096,995,Win Char2
6111,4448,2766,Win Char2
5226,9029,2981,Win Char1
2615,2775,5834,Win Char1
8193,4839,7295,Draw
9217,9112,5875,Draw
7728,3654,447,Win Char1
7159,9710,126,Win Char2
8305,3205,7740,Win Char2
1463,8676,8417,Win Char1
8703,2384,3761,Win Char1
9927,3221,3460,Draw
5835,3002,8442,Win Char1
349,4369,14,Draw
8457,6799,6183,Draw
8233,5292,2433,Win Char2
8290,8740,8451,Win Char1
2654,261,2955,Draw
6035,4148,3617,Win Char2
178,9970,4558,Win Char2
6596,4429,3789,Win Char2
8358,8907,6534,Win Char1
4614,6681,72,Draw
421,327,3507,Win Char2
3866,4307,4076,Win Char1
1209,2890,6165,Draw
6194,1664,3040,Draw
8020,9440,2575,Draw
3358,3234,5976,Win Char2
9010,4615,5396,Win Char2
706,2067,7638,Draw
3454,514,1970,Draw
801,1772,6872,Win Char2
348,8403,5922,Win Char2
4726,7547,5204,Draw
9965,5305,994,Win Char2
4295,334,4236,Draw
2780,7297,3590,Win Char1
1312,3597,3936,Win Char2
8805,1352,489,Draw
3059,2929,5256,Win Char2
1740,7562,6661,Win Char2
1480,7018,2980,Draw
8343,7597,9264,Draw
4820,2946,2076,Win Char1
8614,5564,6604,Win Char1
8587,7539,7616,Win Char2
8016,941,6638,Draw
3293,1630,704,Draw
2229,736,3763,Win Char2
6241,3887,6670,Win Char2
5098,7217,9662,Win Char2
3476,3430,166,Win Char1
1780,9773,7948,Draw
4431,1582,5897,Draw
6858,1449,6947,Draw
5827,3402,5307,Win Char2
8882,2088,510,Win Char1
9624,6297,2121,Draw
3475,1445,1520,Draw
3503,1519,8476,Win Char2
2107,8926,7347,Win Char2
4689,291,8115,Draw
1913,7031,3050,Draw
1071,5644,7838,Win Char1
4906,2961,3846,Win Char1
626,6693,816,Draw
6510,5081,1704,Win Char1
6031,1597,7591,Win Char1
9800,5636,2805,Win Char2
5158,1739,9747,Draw
5477,8839,6407,Win Char2
8256,1951,6871,Win Char2
6345,8833,7398,Win Char2
6736,5179,3829,Win Char1
1898,5449,3470,Win Char1
4357,6606,2372,Draw
7867,481,2132,Win Char2
5839,380,9360,Win Char2
6087,3192,8135,Win Char2
419,1045,8433,Win Char2
1405,720,8287,Draw
8723,5400,1258,Draw
8690,9552,6101,Win Char1
8259,7103,1155,Draw
325,7436,7158,Win Char2
3130,1246,7404,Draw
1700,5456,2873,Win Char1
2591,1648,8649,Draw
1093,7229,6929,Draw
347,7846,801,Draw
9026,9358,7812,Draw
2394,5764,5100,Draw
4343,223,5099,Draw
5144,8688,4075,Win Char1
3966,9243,9633,Win Char1
6584,2221,6450,Win Char2
3180,2311,4394,Draw
7949,6614,7647,Draw
4650,3036,6260,Win Char1
1495,7010,7912,Win Char2
5022,1825,8631,Win Char2
9689,8979,804,Draw
5650,3003,5110,Draw
8268,4426,6056,Draw
4206,4794,1435,Win Char1
5739,5220,5464,Win Char2
5454,2089,1635,Win Char2
4079,1568,3832,Win Char1
9402,1107,686,Draw
9808,4804,5244,Win Char2
2026,8869,4875,Draw
2858,2664,7808,Win Char1
8930,7864,1278,Win Char2
8592,3017,2020,Win Char2
5136,7541,7468,Draw
1677,2157,2610,Win Char1
486,8152,9056,Win Char2
5409,8593,2552,Win Char2
4898,69,1781,Draw
2115,8493,2526,Win Char2
4607,6266,2207,Draw
7567,5184,3280,Win Char1
5942,891,7071,Draw
9488,1000,7567,Win Char1
2985,5708,5434,Win Char1
7404,7995,9720,Win Char1
7100,9972,6313,Draw
9229,2282,2511,Draw
3281,7546,809,Win Char2
3666,1138,3423,Win Char2
2955,3662,8385,Win Char1
8967,7183,8741,Draw
1561,9792,3200,Draw
3514,7902,4974,Draw
6804,2034,6024,Win Char1
7768,7803,6707,Win Char1
5351,7959,7630,Draw
4998,2688,1196,Win Char2
3148,5780,4741,Win Char1
9325,1351,740,Draw
2984,5217,2460,Win Char2
1769,6686,3963,Win Char2
1115,8114,7046,Win Char1
7100,5501,6907,Draw
4651,6054,321,Win Char2
6456,6098,4369,Win Char1
4771,4225,3013,Draw
7757,6715,6579,Draw
7577,4334,6568,Win Char1
7060,2721,6432,Win Char2
2045,3592,7885,Win Char1
7440,3933,7181,Win Char1
2616,7421,3492,Win Char2
3241,8314,2406,Draw
498,8608,5325,Win Char1
5368,2895,2542,Win Char2
4952,7934,9738,Win Char2
5391,7038,9585,Win Char2
5111,9737,9650,Win Char2
6208,9222,7492,Win Char1
2813,5781,6827,Win Char1
3495,3773,1539,Draw
69,11,1878,Win Char1
5262,7040,8405,Draw
8425,7419,8342,Win Char1
4762,9578,5378,Win Char2
5980,6414,3296,Draw
1738,9475,3359,Win Char1
7435,3306,3797,Win Char1
3199,6225,4883,Draw
3611,3107,7040,Win Char2
6244,9096,4772,Win Char1
6052,8355,9751,Win Char2
9739,8499,3229,Draw
4885,7930,1634,Win Char1
923,6920,6776,Win Char1
5612,7255,5594,Draw
2485,2599,3528,Win Char2
696,9292,2495,Draw
8863,176,4883,Draw
4659,6431,6553,Win Char1
2454,9537,8659,Draw
7126,8466,6673,Win Char2
1386,6117,1649,Win Char1
1471,6194,7337,Draw
3461,6687,3135,Win Char1
8304,4263,3377,Win Char1
9965,3262,5840,Draw
5450,1172,8137,Win Char1
3903,5236,4888,Draw
8677,8794,4845,Win Char1
6060,3428,4742,Draw
1919,803,9957,Win Char1
8456,1187,5788,Win Char2
7690,1572,1996,Win Char2
7442,6388,7941,Win Char2
7255,9460,7865,Win Char2
8960,4621,3021,Win Char2
6276,1124,7274,Draw
1971,6517,4480,Win Char1
2965,2099,4347,Draw
23,8834,2775,Win Char2
4575,6911,7463,Win Char1
4241,9253,6030,Draw
1328,8014,653,Win Char1
4538,9349,3671,Win Char1
6857,8286,9792,Win Char2
2366,7471,8911,Draw
6552,1424,6012,Win Char1
4791,3971,9458,Draw
9427,827,5208,Win Char1
8341,1589,5070,Win Char2
468,9317,1547,Win Char1
3772,4066,9490,Win Char2
9513,4337,2399,Win Char1
3700,783,8565,Win Char1
634,2600,656,Win Char2
325,735,6010,Win Char1
5682,1553,6845,Draw
5243,1035,9060,Win Char1
6883,8867,274,Win Char1
9831,6835,1381,Draw
2792,1357,6603,Win Char1
6134,8650,6739,Win Char1
3312,1664,8669,Draw
2718,998,6134,Win Char1
2107,1710,5788,Win Char2
4219,9252,8560,Win Char2
3702,5142,9708,Win Char1
8048,8523,9690,Win Char1
4345,7392,4606,Win Char1
3502,3902,9660,Draw
1633,9078,9738,Win Char1
3088,9357,6808,Win Char2
8992,1393,6172,Win Char2
5890,3546,3213,Win Char2
9907,7687,2207,Win Char1
6501,3780,2208,Win Char2
5435,8023,6166,Win Char2
7951,9914,5227,Draw
8466,5990,5417,Win Char1
4263,8323,1514,Win Char1
897,9393,8728,Win Char1
1041,1653,4330,Win Char1
7684,986,3660,Win Char1
6819,5335,7995,Draw
8487,1303,6411,Win Char1
5643,5846,1938,Draw
8159,1821,8897,Win Char1
1535,3615,1800,Win Char2
4632,6074,9675,Win Char1
1689,2719,3228,Draw
2624,3973,5761,Win Char2
6305,1650,6090,Draw
1754,222,9655,Win Char1
3048,3277,8766,Win Char2
5595,4317,2847,Win Char2
5892,5232,9943,Win Char2
7489,4380,1738,Draw
4720,7890,6369,Win Char2
3761,2857,8407,Win Char2
5772,1451,5260,Win Char2
6401,4871,6320,Draw
5234,7821,8624,Win Char2
5725,8080,1200,Draw
138,6463,8978,Draw
4905,8922,9965,Win Char2
6179,4874,8777,Draw
5243,5724,2318,Win Char2
7451,9981,5581,Win Char1
9266,9663,4600,Win Char1
5869,8145,1689,Draw
9807,221,808,Win Char1
6880,5821,1067,Win Char2
8927,3982,5366,Draw
2473,2349,3891,Win Char1
2513,6318,4454,Draw
9071,8092,3065,Draw
1186,1423,2421,Win Char1
1463,6134,4471,Draw
8569,314,7162,Win Char1
3896,5707,2385,Draw
5491,3451,5876,Draw
7813,2999,5195,Draw
8170,8381,3722,Win Char1
1836,2017,687,Win Char1
83,7384,2180,Win Char1
9560,3387,3745,Win Char1
2608,6146,3279,Win Char1
9550,4581,714,Win Char1
7144,3593,1743,Draw
3118,1800,5833,Draw
3904,3208,8568,Draw
3432,4432,1136,Win Char2
561,7933,2059,Win Char2
1206,8200,2175,Win Char1
4137,9225,2011,Draw
1059,7601,4964,Draw
8224,6264,9322,Win Char2
6923,5363,3938,Draw
2386,4687,9422,Draw
1853,7718,6284,Win Char2
4152,7842,9453,Win Char1
3279,389,3187,Draw
8175,9068,6911,Draw
6079,8016,9777,Win Char2
9093,8896,9944,Draw
5945,4544,311,Draw
7323,3784,828,Win Char2
9475,9295,188,Win Char2
8722,7382,2100,Draw
6526,1277,916,Win Char2
2669,5697,4004,Draw
1500,3591,5938,Draw
3057,694,3830,Draw
6849,6515,3419,Draw
684,6341,5077,Win Char2
4798,3750,6412,Draw
1333,3884,8827,Win Char1
9526,215,9160,Win Char2
3657,4698,484,Draw
8233,6525,1205,Win Char1
439,1305,6675,Win Char1
2457,1446,5914,Win Char1
8184,7302,3355,Win Char1
2884,6368,5868,Win Char2
972,8344,8359,Win Char1
5947,6956,7404,Win Char2
3561,5989,4243,Draw
2377,4918,3770,Win Char1
2527,1583,8616,Draw
2629,9886,4454,Win Char1
9305,7736,4750,Draw
540,4896,1567,Win Char2
3612,618,8630,Win Char2
2983,8154,1977,Win Char2
3636,7492,251,Draw
4629,5906,1159,Win Char1
1856,177,470,Win Char1
7678,1801,420,Draw
5380,8358,4935,Win Char1
4092,7924,8876,Win Char2
5692,1578,8604,Draw
3465,8705,3801,Win Char2
3359,9407,4678,Win Char1
6053,5755,8325,Win Char2
1478,1070,913,Win Char2
8481,5327,886,Win Char2
9357,9477,6938,Draw
1591,1008,6791,Win Char2
4581,7576,8,Win Char1
4487,147,9269,Win Char2
2784,3474,7499,Draw
6458,1130,9861,Draw
1149,7695,8230,Win Char2
6332,2193,7526,Win Char2
5143,2489,4991,Draw
6313,4692,4211,Draw
8641,3223,9851,Win Char2
3999,2000,3147,Win Char2
9551,8703,2733,Draw
4910,1482,6415,Win Char2
7015,8507,9013,Win Char1
4698,5122,6489,Win Char1
5470,5908,5017,Win Char1
9847,4885,4428,Win Char2
3864,8063,2496,Win Char2
9237,4906,9677,Win Char2
2351,734,5439,Win Char2
5433,2632,8230,Draw
4673,1179,4033,Win Char2
9420,3980,2745,Win Char2
8718,7283,2840,Win Char2
4670,5513,8454,Win Char2
3258,1471,1034,Win Char1
3404,1659,3530,Win Char2
7073,6411,5995,Win Char2
1261,5817,8189,Win Char2
904,4027,647,Draw
5596,7367,9460,Win Char2
3213,8823,6618,Win Char2
5753,2153,1707,Win Char2
1114,8089,5753,Win Char2
29,673,2722,Win Char2
5595,5492,4655,Win Char2
6565,9092,1871,Draw
4445,9584,3310,Win Char1
292,4895,6966,Win Char1
9082,7433,5006,Win Char2
9173,2363,6015,Win Char1
1262,8129,4200,Win Char1
9182,7924,6732,Win Char1
972,6811,7915,Win Char2
60,3402,6037,Win Char1
941,9384,118,Win Char2
2296,1318,4620,Win Char1
2742,9856,8418,Win Char1
8938,1924,5400,Win Char2
3121,1359,2196,Win Char1
2515,1920,1482,Draw
8476,8911,8657,Win Char1
5022,6489,4974,Win Char2
6718,6638,6744,Draw
998,7439,9430,Win Char2
4434,1195,8957,Draw
3737,9129,9579,Draw
2151,4578,6008,Draw
2125,4448,2836,Win Char1
1625,3262,1970,Draw
4808,5639,6059,Win Char2
6051,5515,8489,Win Char2
7337,4245,5568,Draw
6468,2867,6113,Draw
6757,9015,6709,Win Char1
3924,7996,817,Draw
6512,286,9197,Win Char1
5729,9899,4623,Win Char2
1971,4281,9272,Win Char1
8944,9100,5451,Win Char2
5038,8803,9014,Win Char2
9759,5810,6748,Win Char2
4389,3623,3990,Win Char1
2266,9026,2879,Draw
225,2739,968,Win Char2
8889,5849,4518,Draw
5689,1667,7849,Draw
211,3145,386,Win Char2
5997,2156,2116,Win Char1
8304,8912,7825,Win Char2
9473,1625,4731,Win Char2
6173,3920,4788,Win Char1
4415,7612,7418,Draw
735,5646,4712,Draw
6433,2956,9515,Win Char2
6340,9527,1611,Win Char1
1897,951,5921,Draw
7714,9025,9236,Draw
1319,5955,4200,Win Char1
7658,5548,9276,Win Char1
2008,1885,4656,Win Char1
5410,9894,5508,Win Char2
902,1484,1906,Win Char1
209,458,2142,Draw
1529,4680,9692,Win Char1
7018,23,9610,Draw
8350,4083,6834,Win Char2
9123,1954,5267,Win Char1
8346,5673,1267,Draw
7352,5139,3627,Win Char2
3719,5222,4422,Win Char2
4697,573,1544,Draw
8348,3722,416,Win Char1
1974,819,7609,Draw
9403,9629,7076,Draw
4283,7298,1164,Win Char2
3102,3698,7160,Win Char1
8806,2001,5012,Win Char1
1334,717,6707,Win Char1
1185,5424,9798,Draw
7099,8273,2717,Win Char2
2239,2405,8848,Win Char2
1284,2853,7361,Draw
1448,3563,6565,Win Char2
1741,2150,1536,Win Char2
4476,248,9517,Win Char1
2452,2733,2376,Draw
1,8170,9798,Draw
5726,1387,9955,Win Char2
1438,1591,2469,Win Char2
4010,9445,7989,Win Char1
614,5852,1807,Draw
1361,9083,628,Win Char1
1606,3880,2619,Win Char1
2521,578,8443,Draw
1458,3032,9962,Win Char1
533,6944,6760,Win Char1
2058,8262,5552,Win Char1
1772,6001,7623,Draw
1906,118,9245,Win Char1
7647,417,504,Win Char2
8686,2159,9711,Win Char2
9750,7736,9770,Win Char2
4885,7537,3953,Draw
1318,1877,1356,Win Char1
5889,4617,3758,Win Char1
8730,5327,1196,Draw
804,9775,8571,Draw
2913,3565,4608,Win Char2
8371,8666,2134,Win Char1
14,2548,5429,Win Char2
2032,7175,7603,Draw
7243,4902,5374,Win Char1
7005,2965,2202,Win Char2
491,7967,1525,Win Char1
7164,9232,5812,Win Char1
2381,8099,359,Win Char2
9788,9539,2405,Draw
7293,7244,7204,Win Char1
972,7102,2541,Win Char2
8215,6049,7974,Win Char1
6689,8683,3452,Draw
7431,6788,7336,Win Char2
7875,756,7952,Draw
2548,9717,2836,Win Char2
308,8907,1559,Draw
6483,4478,2892,Win Char2
2307,1585,5834,Draw
51,1811,8022,Win Char2
3515,4845,1881,Win Char1
188,8027,8137,Win Char1
1224,225,860,Win Char2
6445,1501,6533,Draw
6557,1871,4204,Win Char1
5376,7413,9861,Win Char1
4844,7511,8598,Win Char2
7579,9837,9843,Win Char2
8571,1143,1225,Win Char1
8489,7667,8295,Win Char2
4430,2480,5415,Win Char1
6455,2698,7765,Draw
9189,5962,4430,Win Char1
2856,6900,2152,Win Char1
3888,9610,3536,Win Char2
9616,9681,6683,Draw
1339,7181,2699,Win Char1
6804,3720,1214,Win Char1
8215,1724,6117,Draw
1335,8145,975,Win Char1
8453,4744,7192,Draw
8375,8505,1516,Win Char2
6738,1683,1504,Win Char1
5361,120,2931,Win Char1
6139,8198,3,Draw
8245,8353,1178,Win Char2
8871,5177,5172,Win Char2
7316,6591,5314,Win Char2
2510,6208,9362,Win Char1
7812,6155,3693,Draw
6850,3689,7523,Win Char2
170,4153,3051,Draw
4069,2927,1384,Win Char1
1957,6243,80,Win Char1
6686,3104,5600,Win Char2
7378,101,2332,Draw
981,2935,7406,Draw
9082,699,5548,Win Char1
3634,4826,8033,Draw
8397,6429,2801,Draw
7435,1193,8381,Draw
6644,7337,5629,Draw
239,268,3162,Draw
4504,3617,8181,Win Char1
6336,5721,8204,Win Char1
5395,533,3358,Win Char2
2712,6513,6502,Draw
1845,3459,8438,Win Char1
5249,1859,1934,Win Char1
6282,8324,4944,Draw
2312,6789,5688,Draw
6683,8073,4040,Draw
5634,1923,9443,Win Char1
7534,32,5489,Win Char2
9677,8484,2262,Win Char2
4555,2937,3758,Win Char2
9286,8285,7383,Win Char2
6571,4279,5819,Draw
8529,6017,4763,Draw
2752,5187,7577,Draw
9106,1727,71,Win Char2
4458,1681,4945,Win Char1
8709,7456,5814,Draw
8530,2653,7337,Win Char2
1386,2346,5149,Draw
8132,6834,3073,Win Char2
9408,3427,4924,Win Char1
7295,4918,2283,Win Char2
4071,2702,6054,Win Char1
7732,4871,9118,Draw
8468,9299,6203,Win Char2
6294,6534,7277,Win Char2
1219,9503,9003,Win Char1
9938,8156,860,Win Char1
8403,7947,1276,Draw
6058,312,4511,Win Char2
6064,3687,8149,Draw
410,4703,2158,Draw
7579,5272,4589,Win Char1
9637,3501,6329,Win Char2
9001,9556,2508,Win Char1
5562,4391,582,Draw
4560,4735,3782,Win Char1
2630,2307,7450,Win Char2
4699,6397,4120,Draw
2800,7185,3414,Win Char1
6080,5037,220,Win Char2
7968,6641,9705,Win Char2
4384,9698,939,Win Char2
1153,9504,9105,Win Char1
6692,6697,6136,Draw
1321,1267,7973,Draw
5185,2745,6281,Win Char1
4292,66,9310,Draw
7717,7164,335,Win Char2
7496,5215,5700,Win Char1
6867,6801,8930,Win Char1
1269,9888,828,Draw
2859,5741,7904,Draw
8151,5682,716,Win Char2
6010,7408,4206,Win Char2
920,3265,5094,Win Char1
9279,5186,8375,Win Char2
6736,3506,6066,Draw
2626,3998,4448,Win Char2
4864,3390,2384,Win Char2
617,832,6151,Win Char2
859,9786,6695,Win Char1
5611,6581,8631,Win Char1
7806,1648,3452,Draw
5110,5080,3309,Draw
5960,3517,8970,Draw
4154,8724,4132,Win Char2
9132,937,5985,Win Char2
7976,6814,4535,Win Char2
9832,3252,2148,Draw
2060,8472,6161,Win Char2
1039,3591,9752,Win Char1
676,3143,1212,Win Char2
3393,5665,6662,Draw
277,1150,7328,Win Char2
5304,9017,6083,Win Char1
9198,6833,4823,Win Char1
901,1566,2153,Win Char1
5213,8818,5216,Draw
6149,5841,2056,Win Char1
4870,9428,3720,Win Char1
5905,9937,2613,Win Char2
9022,7165,143,Win Char2
7713,5286,5251,Win Char2
3923,6738,7301,Win Char2
4471,6269,5895,Win Char1
4754,8256,2162,Draw
6768,1834,2058,Draw
8901,4944,5529,Win Char1
1073,7880,2658,Win Char1
7110,5839,7501,Win Char2
8012,7385,1237,Draw
7205,6917,1689,Win Char1
4906,6426,6506,Win Char1
4035,4373,2960,Draw
6979,6913,9303,Win Char1
1340,5815,7703,Win Char1
4440,8743,5220,Win Char2
4309,9839,9426,Draw
5617,2197,7907,Draw
6747,6367,409,Win Char1
4348,6598,3476,Draw
7828,3692,1398,Win Char2
7421,3759,3381,Draw
6506,9846,5958,Win Char2
4820,7129,8983,Win Char1
942,6625,1215,Win Char2
9395,8747,5736,Win Char2
9812,7926,2325,Win Char2
8044,6785,7919,Win Char1
7309,8457,1852,Win Char2
9808,9504,5287,Win Char2
3502,594,8703,Win Char1
1311,4436,5107,Win Char1
4164,1549,6792,Win Char2
6738,8607,2207,Draw
4712,8430,6074,Draw
3404,4328,5031,Win Char2
6314,5126,2411,Win Char2
4961,9880,7274,Win Char2
90,880,2165,Win Char2
276,1359,912,Win Char2
449,1048,4323,Win Char2
8043,8583,6975,Draw
1813,2763,2491,Draw
3722,3559,3761,Win Char1
1516,6781,9714,Win Char2
3035,8745,4770,Draw
2809,8699,6491,Draw
6155,7979,5739,Win Char2
435,8474,6145,Draw
3465,2870,2455,Win Char1
937,1555,7763,Win Char2
2627,3481,949,Win Char1
7115,4715,1844,Win Char2
4272,4771,3565,Draw
3181,8908,4280,Win Char2
7643,8874,6591,Win Char1
966,7498,981,Win Char1
6890,2361,7608,Draw
7305,1415,7368,Win Char1
4017,4500,4699,Win Char1
9465,9898,4235,Draw
6995,2522,6204,Win Char2
4653,7575,7166,Draw
3139,5780,5898,Draw
2548,3286,7074,Win Char2
8981,9217,4068,Win Char1
1889,4775,5545,Win Char2
6971,1888,4062,Draw
8089,7130,1375,Win Char1
1316,323,9301,Win Char1
8146,2247,5153,Draw
2956,1529,4228,Win Char1
3326,4129,8504,Draw
8705,1697,236,Draw
3185,2063,1277,Win Char2
9260,4732,9625,Draw
1904,8973,9271,Win Char1
2920,405,8958,Win Char2
6145,7317,8254,Draw
4699,2962,1783,Win Char2
4258,3468,8789,Win Char2
1212,3463,2306,Draw
9126,1144,1261,Draw
7795,4695,1147,Win Char1
6142,1219,6042,Draw
5499,7748,6225,Draw
417,1468,274,Win Char2
4722,7140,2709,Draw
8923,9332,8351,Win Char1
857,6164,3148,Win Char2
2045,6756,5022,Win Char2
334,4830,9523,Win Char2
1366,4158,1738,Win Char2
8275,7542,4126,Win Char1
8179,4157,5796,Draw
8796,5775,5078,Draw
5603,9831,1747,Draw
809,7939,3351,Draw
2062,3523,710,Draw
4827,1468,9680,Win Char1
1914,5351,7406,Win Char2
8583,5747,1771,Win Char1
4728,4812,5776,Draw
8587,2896,5699,Win Char2
8668,9579,4871,Draw
6602,2389,3003,Win Char2
2556,8982,490,Win Char2
6049,4090,2778,Win Char2
8955,6935,8761,Win Char1
5535,4532,8179,Win Char1
4568,5983,5370,Win Char1
4925,236,6959,Draw
3419,7381,5999,Win Char1
8009,9839,708,Win Char1
1748,7966,4668,Win Char1
2974,3401,339,Win Char1
7364,8774,2033,Win Char1
6088,1622,7433,Win Char1
4801,8520,7462,Win Char1
9068,6109,4951,Win Char1
1886,2193,8478,Draw
9304,6800,1233,Draw
4466,8761,7647,Win Char2
3330,1319,1218,Draw
6168,7799,5942,Win Char1
1176,654,9445,Win Char1
6626,396,9390,Win Char1
4930,4304,7565,Win Char2
9671,8242,1121,Win Char2
574,7225,8119,Draw
4622,3460,7904,Win Char2
8807,4329,2157,Win Char1
5258,3234,3509,Win Char1
9440,7263,1615,Win Char2
6999,3222,6239,Draw
6664,89,9135,Win Char2
8898,1585,5541,Draw
3438,4897,1062,Win Char1
2303,3894,906,Draw
825,6515,7374,Win Char1
211,5881,6127,Win Char1
428,5147,7274,Win Char2
6505,5321,7144,Win Char2
3502,6381,5873,Draw
242,5848,4145,Win Char1
3093,192,9675,Draw
9470,4696,7264,Win Char1
8182,8915,8042,Win Char1
3325,6518,2575,Draw
7109,7772,5332,Win Char1
3164,9808,16,Win Char1
9505,8215,272,Win Char1
5477,6972,1951,Win Char2
1020,1795,7207,Win Char2
6069,8373,5220,Draw
4620,516,4869,Win Char1
7582,8327,9672,Draw
7516,3386,1718,Draw
2188,1251,3802,Draw
4780,1533,449,Win Char2
1350,5830,8475,Win Char2
3172,1754,2805,Win Char2
3997,3181,8658,Win Char1
6228,4321,4469,Draw
6863,6570,6713,Draw
1358,5848,4491,Win Char2
7554,610,6931,Draw
5575,2103,52,Win Char1
6189,8155,2551,Win Char1
7927,9886,9222,Win Char1
7363,342,8882,Draw
2832,5950,1522,Win Char1
8177,561,7518,Win Char1
6642,1754,149,Win Char1
8328,4873,2997,Win Char1
7027,5476,9222,Win Char2
5864,9059,1927,Draw
8905,5234,2656,Win Char1
7178,3128,9653,Win Char1
8402,8871,5547,Win Char2
5643,7328,727,Draw
92,8587,1369,Draw
9457,2074,8140,Win Char1
4358,160,2224,Win Char2
4396,3757,121,Win Char1
3757,8020,28,Win Char2
9206,7513,4087,Win Char2
8145,7289,5155,Win Char2
6600,3355,2742,Draw
6263,6177,3021,Win Char2
8469,7849,5371,Draw
8001,5384,5360,Draw
9170,9863,1632,Win Char1
2759,7767,4050,Win Char1
6495,8742,2191,Win Char2
8291,4020,4882,Draw
8137,5024,1157,Win Char1
7651,7842,6049,Draw
9668,6921,5673,Win Char1
644,3385,2963,Win Char2
7385,9211,4257,Win Char2
6080,4720,1955,Win Char2
7850,7960,6426,Draw
255,3759,6969,Win Char2
883,6801,1796,Draw
9437,9498,1677,Win Char2
9170,8377,7756,Win Char2
5122,1619,3045,Draw
9136,1998,9123,Win Char1
6321,3555,9946,Win Char1
6412,3930,2887,Win Char2
102,8588,7391,Draw
6185,4025,4498,Draw
9416,4828,9025,Draw
6404,9114,5614,Win Char2
2315,8789,6560,Win Char1
721,5054,676,Win Char1
4302,3610,5072,Draw
5865,1183,2562,Win Char2
3644,3738,3181,Win Char1
7775,8516,3045,Draw
104,6582,5970,Draw
8609,3128,2331,Win Char1
8250,289,3579,Win Char2
437,829,2211,Draw
8711,3060,347,Win Char1
8233,9246,206,Win Char1
3594,5717,3225,Draw
7121,8552,2405,Win Char1
4790,3095,5624,Draw
3653,4395,6648,Draw
9700,1813,5728,Win Char2
1116,447,8462,Win Char2
9391,9664,4819,Win Char1
2363,4542,9289,Win Char1
3152,6823,3479,Draw
7655,6330,2972,Win Char1
4763,5382,5797,Win Char1
2670,2370,5832,Win Char1
9870,4484,1978,Win Char2
8887,9112,6651,Win Char2
440,7129,1924,Draw
9458,5624,1527,Draw
4288,9850,2297,Draw
9801,6611,3600,Win Char2
1364,4985,64,Win Char1
466,6021,1424,Draw
5188,8761,8613,Draw
8052,8725,3662,Win Char1
2478,8803,9080,Win Char1
6627,15,8844,Win Char1
6577,5601,1641,Draw
3874,9920,3179,Win Char1
2099,8819,6276,Win Char1
8140,7659,775,Win Char2
3838,1716,7216,Draw
7129,3971,4485,Win Char1
2554,5450,2843,Win Char2
6837,2662,2974,Win Char1
3189,3457,7562,Draw
4346,6409,3586,Win Char2
1072,7723,3885,Win Char2
7438,7975,3616,Draw
6917,986,9974,Win Char2
4698,7709,7544,Win Char1
2554,561,7365,Win Char1
9532,5538,6231,Win Char2
3465,7079,8189,Win Char2
8393,41,4040,Win Char1
8135,8515,2934,Draw
7607,191,6937,Win Char1
7838,8354,552,Draw
5874,8954,9494,Draw
7040,5618,3228,Win Char2
4535,8077,4714,Win Char1
4031,2297,3052,Win Char2
510,3066,2310,Win Char1
5190,1515,112,Win Char2
5506,424,548,Draw
8154,2590,1793,Draw
9257,8543,5221,Draw
2394,56,7732,Win Char2
3377,8507,8508,Win Char1
300,6294,6910,Draw
7156,7469,8896,Draw
4675,2682,3727,Win Char1
5129,6832,5634,Draw
7706,8466,5437,Draw
221,2397,6265,Win Char2
9252,2720,2121,Draw
4857,3303,7738,Win Char1
2765,4802,8858,Draw
1658,6666,7968,Win Char2
5423,4833,5591,Draw
1951,1961,6044,Win Char2
8404,6332,2326,Win Char2
3043,7626,4459,Win Char1
9926,2739,7587,Draw
9028,6755,9156,Draw
7330,8783,1289,Win Char1
6211,6657,1081,Draw
7821,2838,1354,Win Char2
7163,7078,4465,Draw
7497,478,6647,Win Char2
8940,4395,7399,Win Char2
3621,8771,1621,Win Char1
1360,5957,3052,Win Char1
7361,8079,4770,Win Char2
9788,3564,5983,Win Char2
1647,9940,6579,Draw
732,7620,3384,Win Char1
6079,3775,1468,Win Char1
9253,2693,1358,Draw
3846,8971,5571,Draw
4748,9925,3387,Win Char2
5507,9020,8409,Win Char1
5990,4561,6522,Draw
3034,6304,4503,Draw
8144,9145,2259,Draw
1962,8481,2558,Win Char1
6385,3991,9369,Win Char2
892,8212,6400,Win Char1
3885,5255,6254,Win Char2
891,6802,9769,Win Char2
4987,5997,1676,Draw
3724,7209,9185,Draw
9264,5623,8907,Draw
6940,8943,6021,Draw
2992,848,3963,Draw
9453,7757,4172,Draw
7766,4020,8402,Win Char2
9827,378,4382,Win Char2
8864,3929,4437,Win Char1
7850,6644,1990,Draw
3495,7070,4806,Win Char2
3838,4634,257,Win Char1
3889,5778,200,Win Char1
3506,9793,5522,Draw
5076,8647,2561,Draw
4509,4849,820,Win Char2
39,3872,6133,Win Char2
8,9453,3436,Win Char2
4971,3023,7168,Win Char2
6158,5725,8626,Win Char2
4982,8656,7468,Draw
2674,9849,8368,Win Char2
690,6626,3745,Draw
96,9897,1622,Draw
3778,8514,1604,Win Char1
9126,8617,4237,Win Char1
3241,8670,1110,Win Char1
6420,9225,2717,Draw
8219,9997,1981,Win Char2
241,1653,9399,Win Char2
3852,4174,1217,Win Char1
2905,1610,5055,Win Char1
2873,9150,8032,Win Char2
7810,9114,1910,Draw
2926,8499,7664,Draw
122,115,29,Win Char2
3313,2823,5494,Win Char2
8255,609,3293,Draw
1747,38,246,Draw
4348,4277,1379,Draw
5429,2320,3856,Win Char1
1550,9571,659,Draw
1791,4422,9385,Win Char2
2743,7946,8378,Draw
8404,7855,9083,Draw
1636,5303,4968,Win Char2
1832,698,8539,Win Char2
1323,2684,9851,Draw
7155,8918,8730,Draw
6635,1948,2808,Draw
1997,7038,1186,Win Char1
8198,3161,3581,Draw
4051,7547,6179,Draw
657,4354,6400,Win Char1
2861,1634,2060,Draw
5930,5257,8375,Win Char1
3407,4284,8136,Draw
6164,9697,8641,Win Char1
3502,8967,2353,Win Char1
8160,2405,2172,Win Char2
7356,1939,9240,Win Char1
253,8357,3023,Win Char2
5211,4219,3566,Win Char1
550,2076,1060,Win Char1
2027,2050,3293,Draw
4438,3803,684,Draw
488,6473,7254,Win Char2
1403,2962,7646,Win Char2
7336,5450,492,Win Char1
5567,1770,5159,Draw
7710,5895,7324,Win Char1
2181,7867,5318,Win Char1
9472,4389,2682,Win Char2
6890,8596,5773,Draw
4951,8570,2388,Win Char2
2006,5444,8018,Win Char1
8835,5102,5211,Draw
5736,3592,2146,Draw
3053,5337,9521,Win Char2
3578,8734,9301,Win Char2
571,7434,1037,Win Char1
8212,3229,7484,Win Char2
2001,6519,3484,Win Char1
2361,8411,1582,Win Char1
7716,656,8861,Win Char2
774,2883,1903,Win Char2
257,3792,4917,Draw
1591,7648,3350,Draw
6520,443,8546,Win Char1
1848,7520,2297,Draw
4356,4351,6748,Win Char2
3498,9319,8466,Win Char2
9887,1137,5266,Draw
5396,8286,4488,Win Char2
5783,5151,6880,Win Char2
1280,6852,9716,Win Char1
1156,6365,5446,Draw
5905,4541,5395,Win Char2
337,1926,5322,Draw
4980,2376,8900,Draw
8770,6616,7962,Win Char2
1048,6224,1674,Draw
2141,424,5850,Win Char1
6952,4624,7152,Win Char2
1972,743,8554,Win Char1
4689,8805,6784,Draw
2191,889,2562,Win Char1
3108,675,1362,Win Char2
37,9535,3009,Win Char1
5083,965,2429,Win Char1
2033,8406,6956,Win Char1
6936,467,4205,Win Char2
7775,5691,9532,Draw
6336,7804,8864,Draw
6299,7074,6320,Win Char1
2906,14,4266,Win Char2
2913,884,7981,Win Char2
872,9226,1351,Draw
9186,5933,8778,Draw
9172,4413,2616,Win Char1
2878,4102,1192,Win Char2
8276,3590,8810,Win Char1
912,9499,9201,Win Char2
3565,941,1585,Draw
7413,2328,4719,Draw
7120,1101,2391,Draw
3949,9387,4013,Win Char2
7198,3506,2133,Win Char1
8402,55,6042,Win Char2
8278,7366,8240,Win Char2
9548,3255,1512,Win Char1
7746,5124,8584,Draw
1257,7222,7524,Draw
5196,1243,2862,Win Char2
5565,5402,1814,Win Char2
9937,3533,815,Draw
9229,310,5878,Draw
2699,1910,3207,Win Char1
5999,1433,9206,Win Char2
3587,1027,8190,Draw
2960,4580,1776,Draw
3685,7360,9670,Win Char1
7733,7165,4100,Draw
8800,7250,1578,Win Char2
5523,9884,7319,Draw
3425,6618,8995,Win Char2
8440,3423,274,Draw
3390,9875,7544,Draw
8078,8485,9220,Win Char1
8263,9649,1893,Win Char1
4073,3045,9376,Draw
3831,8533,8399,Win Char1
589,5472,9623,Win Char2
5315,5740,1436,Win Char2
8182,983,535,Win Char2
9652,1718,1551,Win Char1
4545,7930,3822,Win Char2
6130,8513,9868,Draw
8169,1457,420,Win Char2
5394,6639,3086,Win Char2
5552,3324,6139,Win Char2
6580,858,5415,Win Char1
8329,7477,2055,Win Char2
6336,4443,7688,Draw
9390,5108,1512,Win Char2
1809,4718,4077,Win Char1
2474,3532,1832,Win Char1
7791,7405,2317,Draw
8974,1817,9324,Win Char1
4817,247,3314,Win Char1
9866,8604,3228,Win Char2
7580,7621,3409,Win Char1
7623,8820,6868,Draw
7879,9705,863,Win Char2
2831,6897,2462,Draw
8871,4612,5384,Win Char2
7529,4531,6269,Draw
8105,3341,6393,Draw
3694,2074,9449,Draw
390,4227,4696,Draw
6352,3288,7907,Draw
2780,7975,392,Win Char2
1479,6217,8533,Win Char2
5636,7414,3244,Win Char1
4548,2746,9095,Draw
6263,3477,5900,Win Char1
7712,5,7785,Draw
4975,9269,466,Draw
1902,9024,8961,Win Char1
6793,2859,8626,Win Char1
9478,1416,8906,Win Char2
8193,459,821,Win Char1
5284,7754,3835,Win Char1
6339,7613,2339,Win Char1
7991,8561,3938,Draw
5234,7254,4380,Draw
2645,1466,5846,Win Char1
4487,9094,7244,Draw
6079,6696,3539,Draw
1525,9562,4216,Win Char2
8236,7209,6252,Win Char2
9867,3927,4851,Win Char1
7389,873,1624,Draw
831,2487,4922,Win Char1
4579,1689,3831,Win Char2
4113,1431,1510,Win Char1
7352,8038,4573,Win Char1
3120,9495,7498,Win Char1
6665,5531,6871,Win Char2
7955,9577,5535,Draw
3877,8865,8858,Win Char1
426,1287,1070,Win Char2
2202,8249,345,Draw
149,4882,4411,Win Char1
9840,7518,2564,Draw
5212,3669,1350,Win Char1
2294,2831,7430,Draw
3264,9778,9070,Win Char1
8439,9551,1453,Win Char1
5502,5087,239,Draw
6482,9645,7656,Draw
7684,3610,3415,Win Char2
9385,43,6468,Draw
9850,4237,8490,Draw
5212,6896,9305,Win Char1
9188,5177,1390,Win Char1
7971,1110,3411,Win Char2
3679,6453,5499,Win Char1
6104,3169,2400,Draw
7312,1258,3339,Win Char1
4360,367,7318,Win Char2
5766,2825,9393,Win Char1
9298,6893,8926,Win Char2
5697,1454,5828,Win Char1
8005,516,9941,Win Char1
4376,9791,4179,Win Char2
7806,6475,3119,Win Char1
3826,3676,8334,Draw
4091,1639,2606,Draw
539,7685,2838,Draw
5514,5184,165,Win Char2
1552,4486,6406,Win Char1
7131,7096,3901,Win Char1
412,1771,7423,Draw
1226,2576,5038,Win Char2
1589,1508,292,Draw
9203,3932,634,Win Char2
4392,6125,327,Draw
8963,4211,1462,Win Char1
4522,720,5834,Win Char1
7633,7362,9093,Win Char2
6892,2073,4883,Draw
7888,3512,6663,Win Char1
6901,1634,7626,Draw
6040,1,7756,Draw
5560,6198,1650,Win Char1
3596,9069,3812,Win Char2
1131,401,6841,Win Char2
3771,2516,7056,Win Char1
2378,5697,4392,Draw
1681,3415,3880,Draw
981,2195,9875,Win Char2
1790,1804,4226,Win Char2
2445,2821,8549,Win Char2
169,2863,8834,Win Char2
5185,4759,4557,Win Char1
6602,4671,1427,Win Char2
3480,2152,6338,Draw
8904,8311,7619,Win Char1
6508,3514,7106,Win Char2
5610,5060,9693,Win Char1
3276,8951,9513,Win Char2
3122,9285,7029,Win Char1
4555,1129,9765,Win Char1
199,1721,8868,Draw
3118,9377,7659,Draw
8786,8267,2632,Win Char2
9478,9397,9636,Draw
1829,188,1943,Win Char1
2066,9211,2052,Draw
8989,2797,3866,Win Char2
3399,7478,8661,Draw
4682,445,3456,Draw
6582,4283,9754,Win Char2
122,635,8013,Draw
5327,9014,136,Draw
1745,9026,6435,Win Char1
1940,1104,5292,Win Char1
1780,4694,5034,Draw
6867,699,8919,Win Char1
286,2143,2634,Win Char1
9321,2125,9822,Win Char2
5665,7066,2328,Win Char1
9031,2106,1259,Win Char1
6839,5754,9722,Draw
4019,9229,6282,Draw
2402,5527,1398,Win Char2
8900,2025,4354,Win Char2
1630,7441,190,Draw
4936,8676,8513,Win Char1
2280,7287,4627,Win Char2
149,5903,8876,Draw
904,8789,379,Draw
249,1295,2267,Draw
3006,9464,5808,Win Char2
1103,1907,5617,Win Char1
9139,543,553,Win Char2
5193,7718,3681,Win Char1
5507,5369,790,Win Char2
9564,322,5900,Win Char2
9821,9423,5570,Win Char2
244,4169,8828,Draw
9248,2455,5115,Win Char2
6073,4232,7290,Draw
1914,3863,2514,Win Char1
4240,9099,9775,Draw
3108,9775,6594,Win Char1
8673,4221,2898,Win Char1
5050,7451,8847,Win Char2
8234,4718,4932,Win Char2
5346,6051,5026,Win Char1
4345,8721,5599,Win Char2
5729,6114,1834,Draw
7287,8492,4187,Draw
7833,5187,8201,Win Char1
5855,3786,1183,Win Char1
7005,9992,429,Draw
1123,8186,4921,Win Char1
3768,4445,4237,Win Char1
606,5601,7189,Win Char1
5125,2714,2071,Win Char2
2145,4791,6781,Draw
2868,7318,6659,Draw
102,2093,7041,Win Char1
1494,7354,2881,Win Char2
5637,1927,2632,Draw
6780,1965,7575,Draw
4320,6540,8028,Win Char2
6080,2223,4091,Win Char2
4453,928,3651,Win Char2
4512,1569,2805,Draw
9689,1011,6463,Draw
6698,6977,8341,Win Char2
7394,2128,5933,Draw
1388,5302,6171,Win Char2
5283,4759,1698,Win Char2
11,431,53,Draw
7992,4103,8384,Win Char2
7886,6284,3164,Win Char1
7136,5671,5908,Draw
1185,7714,4045,Win Char1
1636,7911,6967,Win Char1
9867,1965,972,Draw
1296,9446,8954,Win Char2
3578,218,3802,Win Char1
8898,8062,9255,Draw
5465,3726,1325,Win Char2
6446,4416,4577,Win Char1
6950,3182,907,Win Char2
392,5603,8765,Win Char2
8909,6414,8349,Draw
2465,5972,6927,Win Char2
351,3501,3428,Draw
293,9416,8768,Draw
196,6728,2947,Win Char2
7156,3141,8543,Win Char1
9271,9238,4380,Win Char1
159,5220,3029,Draw
4451,6867,3401,Win Char1
9431,103,9438,Win Char2
8506,9261,1893,Win Char1
7705,8944,576,Draw
3491,7389,4645,Win Char2
9274,8132,5475,Win Char2
9852,3887,4229,Win Char2
5321,7935,9061,Win Char1
17,6178,7091,Draw
7086,4807,5524,Win Char1
6486,1995,4736,Win Char2
4238,7137,7638,Win Char1
3812,9908,831,Win Char1
9530,7162,2038,Draw
2702,8927,4422,Win Char1
4033,2880,1497,Win Char1
60,4774,7988,Draw
710,653,4539,Win Char1
3584,1411,9366,Draw
8094,1698,3239,Draw
1345,5568,8629,Draw
7417,654,2204,Win Char1
3334,805,4168,Win Char2
3613,9066,8934,Win Char2
9064,3151,6352,Win Char2
8553,5596,2778,Win Char1
4188,9306,4896,Win Char1
5894,4172,4667,Win Char2
1060,8427,3486,Win Char1
6343,3,309,Draw
2588,3140,3974,Win Char2
850,1601,6478,Draw
3587,3781,4956,Win Char2
4265,7901,7443,Win Char2
3193,7468,1832,Draw
8194,963,8881,Win Char2
9629,9418,3311,Win Char1
2164,9512,2096,Win Char2
7238,24,8851,Win Char1
3988,2376,7809,Draw
8213,1642,6316,Win Char1
9009,4699,6130,Win Char2
8243,9520,803,Win Char1
5585,4417,5241,Win Char2
4332,5851,3053,Draw
1531,5642,9255,Win Char1
4940,1043,8896,Win Char1
6775,4335,6564,Win Char2
7526,6112,8107,Draw
2594,3953,1221,Win Char1
3360,624,1340,Win Char1
8220,6221,1165,Draw
669,5672,7155,Win Char1
9189,8562,9505,Win Char1
3591,5057,9679,Draw
6850,2516,1979,Draw
8782,1347,3152,Win Char1
1373,5088,4057,Draw
1206,4924,167,Win Char1
2588,9184,7691,Win Char1
2923,3698,9428,Win Char2
6119,1488,5642,Win Char2
4547,5600,9142,Win Char2
2981,3675,7428,Win Char2
1682,7000,7204,Win Char2
3002,8436,1888,Win Char1
9861,5543,2437,Draw
9487,9679,5991,Draw
7483,17,7945,Win Char1
305,4174,2833,Draw
1472,9786,6958,Draw
8973,6482,9484,Win Char1
2267,286,6145,Win Char1
6170,8951,963,Draw
4429,3676,9496,Draw
7479,7728,4727,Win Char2
5476,879,4289,Win Char1
6936,2911,8624,Win Char1
9355,9429,9033,Win Char1
4006,9975,6533,Win Char2
8766,1681,6021,Win Char2
4205,8137,6317,Draw
9486,6618,214,Win Char2
5929,3254,8576,Draw
2271,7883,5707,Win Char2
8288,9355,8276,Win Char1
8525,8084,3762,Draw
2416,4850,2428,Win Char2
6904,952,2859,Win Char2
5861,5605,6789,Win Char2
9330,278,7464,Win Char1
3442,2402,2922,Win Char2
5428,8854,3977,Win Char2
1811,8189,6617,Win Char1
3223,7868,8968,Draw
9397,7513,6456,Win Char1
2480,970,3537,Win Char2
5309,9939,7794,Draw
4450,982,8387,Win Char2
4859,5782,1344,Win Char2
7485,1289,8112,Draw
6022,1383,1049,Win Char1
1882,3606,8050,Draw
136,7650,3775,Win Char1
7209,1120,5575,Win Char1
522,5469,269,Win Char2
6747,7648,9292,Draw
7251,3463,5335,Win Char2
636,1456,7629,Win Char2
41,4893,4316,Win Char2
4930,9306,8633,Win Char1
7062,4634,7191,Win Char1
4816,3372,5383,Win Char1
6623,3230,2778,Draw
9819,2158,374,Win Char1
5833,4204,1323,Draw
2801,1270,1092,Win Char1
6291,6677,3160,Win Char2
9897,4196,5958,Win Char2
1061,7835,1651,Draw
3005,356,8648,Win Char2
3974,6705,5956,Win Char2
1201,6268,8195,Win Char2
8879,7595,5501,Win Char2
8787,6307,5009,Draw
6417,3445,4007,Win Char1
7190,7766,4784,Draw
8323,2614,3510,Win Char2
4663,6968,5589,Draw
740,1756,5628,Draw
8757,1824,827,Draw
8760,2891,806,Win Char2
1913,9928,8313,Win Char1
7701,1671,8612,Win Char1
9783,8610,1668,Draw
2411,6862,1017,Win Char2
3826,3355,6399,Win Char1
8329,9242,5148,Win Char2
7693,9731,8062,Draw
4936,1799,7830,Win Char2
3489,8364,2866,Win Char1
6768,1911,2669,Draw
2692,7504,9115,Win Char1
5101,620,7271,Draw
8764,5108,9312,Draw
5616,9052,7250,Win Char2
7311,6354,144,Win Char1
7216,9410,9887,Win Char1
9292,3869,3063,Win Char1
1597,507,5856,Win Char2
9867,9276,7450,Win Char2
6966,4599,2181,Draw
8553,3236,9143,Draw
5449,2809,1060,Win Char2
9016,5377,1267,Win Char2
8117,8886,2662,Draw
169,3714,7651,Draw
1079,248,8508,Win Char2
7911,4152,2061,Win Char1
1150,383,2615,Win Char2
553,4288,7840,Win Char1
2831,5109,9120,Draw
1869,8331,3696,Win Char1
1776,1711,3680,Draw
3191,8796,2351,Win Char2
4949,3552,912,Win Char2
5598,6287,9371,Draw
2879,9932,894,Draw
8375,460,5579,Win Char1
7992,7689,4982,Win Char2
4972,8778,1394,Draw
1344,4265,6033,Draw
7080,4330,4770,Win Char2
9634,8905,9,Draw
8444,1081,3157,Draw
9453,5958,5130,Win Char2
9770,6200,9385,Draw
9157,1859,230,Draw
8027,9418,999,Win Char1
9061,2893,3553,Win Char2
6858,1784,6666,Win Char1
1432,2257,4763,Win Char1
8357,4760,7256,Win Char1
9744,2924,3563,Draw
867,5616,1720,Draw
1426,3518,1866,Draw
1899,6238,2994,Win Char2
2049,4821,2778,Win Char1
1690,8392,7045,Win Char1
1688,9908,7415,Win Char2
5574,6604,4319,Draw
3533,8612,8558,Draw
983,8960,7803,Win Char2
6569,7896,448,Win Char1
4781,9598,3694,Win Char2
6667,2413,7197,Draw
9345,6538,8778,Win Char2
7552,1080,4530,Draw
6079,7599,3310,Win Char1
1757,8379,1241,Draw
481,9199,9629,Win Char2
7332,6574,2325,Win Char2
9966,9938,7520,Win Char2
9511,3999,2970,Win Char1
1076,9552,2040,Win Char1
4001,2031,8384,Win Char2
4036,7124,2260,Win Char1
1172,9918,8708,Win Char1
7995,8240,3803,Win Char1
8104,2639,9196,Win Char2
5153,2434,147,Win Char2
3692,229,2650,Win Char1
2427,19,2946,Draw
5464,280,5473,Win Char2
5065,5724,2072,Draw
6873,3452,8981,Draw
3854,7895,9790,Draw
8573,8266,2960,Win Char2
9230,3730,2281,Draw
2665,1250,4688,Win Char1
2679,9658,7786,Win Char2
6901,6309,590,Win Char2
6170,584,8211,Win Char1
4165,7104,7180,Win Char2
5583,907,3900,Win Char1
3380,8726,7399,Win Char1
3408,7502,7993,Win Char2
9831,3674,969,Draw
5303,1194,5687,Draw
224,4218,8760,Win Char1
8337,9815,1336,Draw
1679,2628,7563,Win Char2
7322,8807,2085,Draw
6823,6381,2139,Draw
852,7196,6853,Win Char2
1079,9141,8706,Draw
4372,4660,4865,Draw
3551,5495,6181,Win Char2
1479,3182,5824,Win Char2
6508,3268,1715,Draw
7360,4985,8033,Win Char2
3881,5294,4696,Win Char1
7081,5660,4520,Draw
2165,5603,2711,Win Char2
7933,3548,737,Win Char2
815,5636,1538,Win Char1
1942,53,7354,Win Char2
9035,203,8927,Draw
2501,9796,5773,Win Char1
164,8746,5394,Win Char1
9707,5500,5206,Win Char2
4568,5090,2417,Win Char2
7850,8870,3153,Draw
4875,8896,2167,Win Char2
117,4676,2270,Draw
3942,3641,1641,Draw
1111,755,9306,Win Char2
3096,2784,1682,Win Char1
6290,8515,7006,Win Char2
3308,3707,475,Win Char1
8175,7206,6394,Win Char2
800,4759,5421,Win Char2
9352,9670,692,Win Char1
4549,288,991,Win Char2
1189,7356,2727,Win Char1
1687,231,7727,Win Char2
4345,1356,7498,Win Char1
9531,6014,8454,Draw
6219,9640,4826,Win Char2
7913,6472,1413,Win Char2
134,4521,8406,Win Char1
6830,6394,5956,Draw
6508,3041,201,Win Char2
4617,9813,2473,Win Char1
8803,7473,8844,Win Char1
5556,7786,6704,Draw
7683,1100,1586,Win Char1
9294,6949,199,Draw
311,3482,3836,Draw
7215,2903,6574,Win Char2
6510,925,6585,Win Char1
6300,6157,5109,Win Char2
7259,2396,1840,Draw
9216,3517,9392,Draw
6175,2536,8835,Win Char2
2968,9346,8110,Win Char1
4225,6095,941,Win Char2
1315,4010,4347,Win Char2
3652,4268,6426,Win Char2
5339,1934,7431,Win Char1
1460,2150,4133,Win Char1
8537,9109,5890,Win Char1
4394,6428,3023,Win Char1
2109,3629,9035,Win Char1
3306,4901,7131,Draw
5459,7386,9432,Win Char1
8315,3614,7108,Win Char2
7635,590,9116,Win Char2
8008,7058,4454,Win Char1
4267,2328,7756,Draw
4891,7481,2133,Win Char1
7614,8674,450,Win Char1
8071,9496,4461,Win Char1
1343,1375,1233,Draw
4835,8221,2316,Win Char2
9542,8908,7005,Win Char1
9790,5390,6110,Win Char2
892,3061,6800,Win Char2
2128,3549,7937,Draw
1880,5794,5241,Win Char2
2888,6402,1322,Draw
5352,356,3671,Win Char2
8624,7733,2886,Draw
4733,2392,1393,Win Char2
5908,5933,7381,Win Char2
1655,6289,4120,Draw
6940,202,9790,Win Char2
3004,4910,3478,Win Char2
154,5695,874,Draw
3517,6024,6842,Win Char2
4241,7651,6468,Win Char1
3406,3756,1524,Draw
1022,9035,4575,Win Char2
1473,4834,4827,Draw
6635,790,5426,Draw
5610,3017,2457,Win Char2
5961,662,4198,Draw
1448,8915,5170,Win Char1
3190,1194,8686,Win Char2
4109,6519,5780,Draw
6967,9082,1091,Win Char1
4467,3247,9261,Draw
8899,1362,5697,Win Char1
5784,2696,8578,Win Char2
6317,994,7838,Win Char2
6533,2389,621,Win Char1
5942,4689,3515,Win Char1
4932,1553,2044,Draw
7776,8331,5966,Win Char2
1084,1494,2383,Draw
2651,2505,1988,Draw
5203,1153,6931,Win Char1
6210,2008,9212,Win Char2
9198,6000,9122,Draw
178,2553,5538,Draw
6354,5532,7320,Draw
4105,4828,3625,Win Char1
5624,2823,7156,Win Char1
7772,4312,3876,Win Char1
5903,59,48,Draw
8243,4715,4165,Draw
3761,6729,9404,Win Char1
2500,6623,2095,Win Char1
9330,7603,7793,Win Char1
1621,9427,3948,Win Char2
3695,8840,964,Win Char2
2858,3234,5103,Win Char1
1444,540,6866,Win Char1
821,5492,7839,Draw
6004,4818,8473,Draw
9142,407,1491,Draw
7426,8332,6764,Win Char1
3398,1388,4812,Win Char1
4654,8938,4986,Draw
4202,5498,7546,Win Char1
5106,4060,6914,Win Char1
8615,8661,9158,Win Char1
5118,4582,7186,Draw
1961,3361,949,Win Char2
2685,6377,8195,Win Char2
1471,6598,6491,Draw
107,7823,1811,Win Char2
7863,1349,1715,Win Char1
2309,4590,8715,Win Char1
431,9053,8874,Win Char1
576,2711,1040,Draw
2341,3942,9840,Draw
5394,174,7524,Draw
7306,5136,1272,Win Char2
9733,6162,2040,Draw
5667,1876,2508,Draw
2844,4995,1453,Draw
4091,1915,3355,Draw
1570,1122,1990,Win Char1
5616,6778,9877,Win Char1
78,197,3122,Win Char1
504,412,6747,Win Char1
5846,282,2560,Win Char2
2645,6110,4169,Draw
373,9816,7590,Win Char2
8613,7971,5510,Win Char1
9925,6028,7107,Win Char2
901,5852,5030,Win Char2
6877,8011,897,Draw
2746,6304,4977,Draw
1101,9255,222,Win Char2
8745,8043,2263,Draw
3030,1272,9527,Win Char2
441,969,2125,Win Char1
1828,5493,7288,Win Char1
1423,7311,6949,Draw
674,4689,8286,Draw
1293,3612,5039,Win Char1
7653,6024,9006,Draw
4365,1071,3263,Draw
769,4180,8357,Win Char2
4213,1522,2931,Win Char2
7765,6225,7931,Draw
783,6413,3783,Win Char1
5522,2701,661,Win Char1
6274,542,1571,Win Char2
8771,372,2226,Draw
6014,1898,6454,Win Char2
9613,4611,148,Win Char1
6952,735,2737,Win Char1
5716,9234,5591,Win Char1
9169,4821,9790,Draw
1200,7140,1191,Draw
6313,5198,1591,Draw
7241,5840,7080,Win Char2
9547,5725,5560,Win Char2
72,4656,6038,Win Char2
5850,6382,654,Win Char2
4551,659,4485,Draw
8224,8382,902,Win Char1
7881,2565,3387,Win Char2
8021,9380,9593,Draw
6819,8459,458,Win Char1
2188,7878,7648,Win Char2
3811,9433,1466,Win Char2
545,4738,7627,Win Char1
4163,1969,5747,Win Char2
347,3880,9046,Draw
8594,3535,1568,Draw
9212,4225,6485,Draw
8815,9735,5779,Draw
4568,6356,7294,Win Char1
7157,1677,6777,Win Char2
9442,159,6356,Win Char2
5630,4785,8835,Draw
5938,9157,6124,Draw
4565,7950,1834,Draw
1648,9348,2026,Win Char2
7802,4128,5371,Draw
2429,6427,2959,Draw
7945,419,7396,Win Char2
7902,4267,5492,Win Char1
1806,6461,2270,Draw
6679,8033,2757,Win Char2
8791,9492,7470,Draw
8510,2591,4777,Win Char2
7770,5430,2658,Win Char2
8808,6287,8392,Draw
2809,9789,7486,Win Char2
1561,3835,8004,Draw
3717,7653,8549,Win Char2
5794,3599,4988,Draw
1732,7747,2063,Win Char2
5011,8744,6466,Draw
7121,9477,7605,Win Char2
3923,1839,5968,Draw
5717,9984,5943,Win Char2
2141,7868,9657,Win Char2
764,7127,9387,Win Char2
547,9669,8059,Win Char1
663,301,8186,Win Char2
6850,243,8086,Win Char1
9179,3399,807,Draw
8300,8244,4723,Win Char1
5334,2937,8274,Win Char1
6007,3137,7395,Win Char2
6911,2449,8480,Win Char2
2012,9740,9287,Win Char2
5667,654,4956,Win Char1
982,2704,7193,Win Char1
5400,5800,193,Win Char2
7440,3700,5866,Win Char1
6340,9870,4497,Win Char2
4950,1477,2799,Draw
1188,9285,449,Win Char2
855,680,509,Draw
558,4787,777,Win Char1
6361,8656,1659,Draw
3640,6445,3481,Draw
4124,4722,9963,Win Char2
8936,2698,4809,Draw
8215,6422,7147,Draw
9885,7699,1962,Draw
6477,5510,4278,Win Char2
6704,8477,5119,Draw
3725,4356,1574,Win Char2
1721,1916,2138,Win Char2
8077,2178,196,Win Char2
78,7781,9179,Draw
4266,2789,1176,Draw
3024,451,8347,Draw
3015,2402,6027,Draw
4705,8270,9512,Win Char2
149,1637,81,Draw
661,8391,5201,Draw
7793,7160,5740,Win Char2
6931,9265,3623,Win Char1
1202,5936,9645,Win Char1
542,2052,9323,Win Char2
790,3783,3794,Win Char1
2244,5022,4256,Win Char2
2122,5396,3221,Draw
8322,2833,7237,Win Char2
471,11,8687,Draw
4215,9835,5232,Draw
6196,8912,2402,Win Char2
2693,3455,1244,Draw
9814,1053,7717,Win Char2
7435,6891,331,Win Char2
3181,2284,2316,Draw
2661,6460,2529,Win Char1
8478,1759,7201,Win Char1
4361,2129,313,Win Char2
5225,9357,3077,Draw
9137,4604,8838,Win Char2
2799,7429,1019,Win Char1
3408,8686,4829,Draw
1189,4456,9720,Win Char1
1332,3748,1172,Draw
137,8334,5732,Win Char2
9050,9057,1164,Win Char1
4636,2779,2745,Draw
7876,6659,5283,Draw
8520,3170,8001,Win Char2
210,6761,8387,Win Char2
2388,7070,5502,Win Char2
4861,6059,9774,Win Char1
8121,3726,934,Win Char2
9166,8927,3075,Win Char1
7648,6480,3947,Win Char1
8998,4155,6208,Win Char1
5198,8908,8514,Win Char1
4192,412,2918,Win Char1
8063,4086,6915,Win Char2
6552,2301,1485,Win Char2
9805,1605,7871,Win Char2
1243,6973,2817,Draw
4330,7733,6214,Draw
5686,4857,5652,Draw
4138,1302,521,Draw
2607,3958,8680,Win Char2
8171,42,9755,Win Char1
6607,5477,8241,Win Char2
5330,1903,4690,Draw
2842,4676,2055,Win Char1
8369,7326,5603,Win Char2
5049,5223,9440,Win Char2
3144,3081,9682,Draw
5188,5195,3351,Win Char1
4030,7168,3260,Draw
3311,9492,3887,Win Char1
7790,5415,9752,Win Char1
2345,9833,7699,Draw
6504,302,2390,Draw
8814,5185,2978,Win Char1
1764,3532,2332,Draw
6518,5390,6990,Win Char1
9680,9629,1270,Draw
7143,8575,7326,Draw
9539,5382,9888,Win Char1
1055,7025,4651,Draw
2444,3880,6445,Win Char1
5440,5233,6070,Win Char1
9808,3160,4808,Draw
1479,4553,6283,Win Char2
5798,2699,8125,Draw
1414,2880,1524,Win Char2
1269,7292,5687,Draw
7035,3739,5012,Win Char1
941,3456,4272,Win Char2
4461,5438,4343,Win Char1
2971,5948,2216,Win Char1
6218,1606,3688,Win Char2
4539,3113,6383,Draw
3747,1338,7387,Win Char1
8411,3873,6430,Draw
6240,9261,1348,Win Char1
9789,7608,6491,Win Char1
6269,235,8336,Draw
1403,1804,5586,Win Char1
8414,5847,2339,Win Char1
7879,6663,7777,Win Char1
5386,7114,9441,Win Char1
2972,2036,8650,Win Char1
2737,7495,9853,Draw
3498,1740,58,Win Char1
6209,77,6984,Win Char1
4063,1192,4045,Win Char2
3914,8350,7143,Win Char1
3665,713,2037,Win Char1
6588,277,6731,Win Char1
3021,9948,7214,Draw
830,7216,3682,Draw
8279,5984,6653,Win Char2
3256,6187,2908,Win Char1
3120,9458,2828,Win Char1
9233,4124,2570,Draw
5459,7906,6277,Win Char1
8484,7646,409,Win Char1
5022,2016,5581,Win Char1
3979,5163,3509,Draw
9831,1638,4582,Draw
1528,7502,9715,Draw
9770,2880,3539,Win Char1
5184,828,9690,Win Char1
5350,8450,6147,Draw
6718,2919,6507,Win Char1
1931,1601,9898,Win Char2
3504,4835,6844,Win Char1
3856,3126,4405,Win Char1
4163,1574,1210,Win Char2
9279,5746,8243,Draw
3560,5567,1545,Win Char1
5279,3266,4153,Draw
5957,2604,6820,Win Char2
32,9940,6108,Win Char1
4869,2760,818,Draw
5159,1913,7361,Win Char1
8496,7305,4339,Draw
7861,7316,2740,Win Char2
6502,6509,6934,Win Char2
201,4652,7038,Win Char2
9965,5280,3309,Draw
7609,9505,9818,Win Char1
2134,9652,9955,Win Char2
4212,901,4038,Draw
1978,2934,5665,Draw
7727,2396,3066,Win Char1
5250,4156,15,Draw
9328,6877,8833,Win Char1
6454,2705,7588,Win Char1
184,483,498,Win Char1
1587,2715,9837,Draw
7753,8814,6809,Win Char2
1247,3631,6840,Win Char2
5639,6544,4537,Win Char2
1626,9333,8927,Draw
9097,7455,262,Win Char2
260,1181,4208,Win Char1
9026,7483,1966,Win Char2
2872,8800,9390,Win Char1
3615,7244,4143,Draw
9989,6666,1261,Win Char2
2762,9663,5062,Win Char1
1944,9755,8619,Draw
6187,6945,5549,Draw
7449,2511,9081,Win Char1
4035,4106,659,Win Char2
847,9537,5178,Win Char1
2192,6956,160,Win Char1
9433,6546,1522,Win Char2
4467,3671,6307,Win Char1
2982,2235,8305,Win Char2
9062,4902,5239,Win Char2
6626,2269,3820,Win Char2
6830,1381,3431,Draw
2855,1749,6336,Draw
9340,4918,2080,Win Char1
4188,350,2503,Draw
4020,8463,7102,Win Char1
4511,7582,7177,Win Char2
6847,2515,8411,Win Char2
275,7065,2795,Draw
3355,288,6740,Win Char2
6708,3836,333,Draw
1292,2404,9476,Draw
576,6641,4065,Win Char1
6612,8377,5533,Draw
5297,3057,7917,Win Char2
6105,3661,7225,Draw
6793,4314,4085,Draw
8642,3036,3347,Win Char1
5536,1294,1873,Draw
3476,8381,4893,Win Char1
8105,315,4016,Win Char1
4475,3146,7535,Win Char2
7874,2737,5449,Draw
7527,4373,1194,Win Char1
3764,2589,927,Win Char2
5402,2246,5126,Win Char2
4600,49,8910,Win Char1
3790,9001,3438,Draw
9574,1030,9750,Win Char1
2446,8854,6805,Win Char2
1439,2259,9922,Win Char2
5565,5302,4785,Win Char1
1976,1863,6238,Win Char1
3308,6676,7489,Draw
4699,5565,8153,Win Char1
323,9821,5267,Win Char2
408,6044,6935,Win Char2
3438,4814,1123,Win Char1
2450,8506,8556,Win Char1
2548,5874,4032,Win Char1
4955,7769,6538,Win Char1
2607,8938,7849,Win Char2
4665,5834,4714,Draw
758,3931,6554,Win Char1
9241,7171,5120,Win Char2
404,7307,1798,Win Char2
9429,5842,1118,Win Char2
9011,6073,2874,Win Char1
3509,6220,4966,Draw
8423,6345,4594,Win Char1
3622,5391,9852,Win Char1
1369,2191,9946,Win Char2
1213,9336,2739,Win Char1
7795,3341,8628,Win Char2
6531,2220,27,Win Char2
4253,7466,8839,Draw
5501,8444,9041,Draw
8286,9520,4221,Win Char2
9453,4989,4494,Win Char2
3257,9603,4887,Win Char2
2448,122,9233,Win Char2
1948,5672,6405,Win Char2
2666,7794,9524,Win Char2
5293,8238,9745,Draw
8123,3071,1278,Win Char1
49,512,9873,Win Char2
3356,4890,3416,Win Char1
5185,7416,7770,Draw
2964,9095,6013,Win Char2
2837,8790,9735,Win Char2
2509,7643,9017,Win Char1
217,619,1222,Win Char2
1779,2326,557,Win Char1
6086,3362,4457,Draw
5874,1229,7590,Win Char2
4280,4159,6676,Win Char2
2374,161,4662,Win Char1
4666,7072,5171,Draw
3767,2737,225,Win Char1
3008,2504,1419,Win Char1
8029,5752,8495,Win Char2
3621,5014,3472,Draw
6040,5777,750,Draw
5770,1465,5785,Win Char1
2736,2911,3865,Draw
8545,555,4054,Draw
6444,6701,1010,Win Char1
4000,2805,9202,Win Char2
8450,1082,6965,Draw
1622,2108,7417,Win Char1
1990,5781,2698,Win Char1
496,223,7286,Win Char1
7900,741,8055,Draw
68,5073,1458,Win Char1
2071,1222,8790,Draw
4621,7058,7469,Win Char2
2443,5838,9206,Win Char2
9433,6314,637,Draw
9057,9738,4000,Win Char1
2930,8735,7605,Win Char1
5835,118,3567,Win Char2
2077,4543,4357,Draw
9625,1790,4418,Draw
4186,1483,6195,Draw
6104,5538,5577,Draw
6259,7894,3830,Win Char2
994,9045,9149,Win Char2
2652,4951,3527,Win Char2
4200,7545,9482,Win Char1
3584,2331,8168,Win Char1
4635,7276,4429,Win Char1
7712,9631,1302,Win Char2
4759,4693,9537,Win Char2
4713,7015,8731,Win Char1
2952,1276,6598,Win Char2
5415,622,1214,Draw
1352,5118,7185,Win Char2
1620,1936,4254,Win Char2
1378,4561,4120,Win Char1
4497,7192,8057,Draw
38,5945,1964,Win Char2
6290,7052,7115,Win Char1
5860,8605,9468,Win Char2
2470,6236,6555,Win Char2
8546,2632,9211,Win Char2
941,5798,2524,Draw
5182,9272,4785,Win Char1
3666,2086,2929,Win Char2
4156,7238,5399,Draw
5306,3484,7841,Win Char1
1474,9927,565,Win Char2
2129,2310,7858,Win Char1
4243,1946,3713,Draw
3495,6402,308,Draw
653,2172,9270,Win Char1
3138,804,951,Draw
5586,7440,8150,Win Char1
67,2373,3820,Win Char1
1951,346,8436,Win Char2
3694,9901,6981,Draw
4927,9697,832,Draw
7376,1137,3569,Draw
5488,9171,5142,Draw
1132,9764,6977,Win Char2
4332,6477,9849,Draw
9092,4130,8989,Draw
4213,427,6620,Win Char2
5349,897,9304,Draw
3986,9617,1535,Win Char2
7740,9615,1899,Win Char1
6062,3415,6451,Draw
2810,242,6825,Win Char2
5989,4005,1277,Win Char2
7044,7100,1279,Draw
8495,6216,6643,Draw
9698,1452,3477,Win Char1
6371,4476,5641,Draw
9332,5622,6051,Win Char1
2575,139,6481,Win Char2
7972,620,1849,Win Char2
1066,8218,1972,Win Char1
7035,2271,2392,Draw
6580,4136,5438,Win Char2
7383,1335,9082,Win Char1
6051,2759,4004,Win Char2
474,4230,9100,Draw
789,686,9894,Win Char2
7324,606,8090,Draw
4557,2854,501,Win Char2
7579,3164,2555,Win Char2
9925,474,1180,Win Char2
6559,7184,5227,Win Char1
6487,7657,6550,Draw
1115,5030,1637,Win Char2
2149,2200,1295,Win Char1
4912,3756,7885,Win Char1
8946,3699,1470,Draw
8410,9819,7977,Draw
6080,9322,8621,Win Char1
6067,5704,6117,Win Char1
3113,4477,4358,Draw
2716,9223,4338,Draw
4155,6099,4122,Win Char2
5301,1017,7039,Draw
9704,7038,2045,Win Char1
6002,7838,5061,Win Char1
4112,1849,112,Win Char2
4525,7931,1606,Win Char1
9950,198,3133,Win Char2
2666,6953,129,Draw
4402,8599,3391,Win Char1
1568,5835,7014,Win Char2
2972,5158,6947,Win Char2
3341,8165,231,Win Char2
7700,254,7057,Win Char2
8702,7042,3351,Draw
4092,2972,6763,Win Char2
5341,6871,4094,Win Char1
6767,6746,8449,Win Char2
4716,4106,7399,Draw
7359,2970,9666,Win Char2
4319,7229,7602,Draw
1368,9635,1175,Draw
6435,6749,6592,Draw
7389,337,434,Win Char2
1191,8684,6546,Win Char2
5546,8364,4284,Draw
9108,1190,5152,Win Char1
707,5686,3554,Draw
2072,8706,3737,Win Char1
1344,5242,1393,Win Char2
262,2129,1546,Win Char1
1210,6702,8151,Win Char2
531,8709,1086,Draw
2102,6864,7292,Draw
276,8613,2225,Draw
4012,133,6025,Win Char1
3714,1469,8658,Win Char1
5673,1097,2670,Win Char1
7678,3216,2514,Win Char2
4610,7938,3957,Draw
222,4180,4828,Win Char1
2748,4063,7805,Win Char1
2511,8822,2671,Draw
2005,2246,3214,Draw
4361,6278,1269,Draw
5260,4704,7146,Win Char2
2914,5046,4939,Win Char2
2061,4532,1535,Win Char1
5608,9480,2323,Win Char2
3539,9642,1978,Win Char2
9609,5557,7789,Win Char2
9542,6514,1552,Win Char2
1492,8558,1367,Draw
4712,4867,8745,Win Char2
4180,7431,2571,Draw
7492,7147,4256,Win Char2
5454,4612,2882,Win Char1
3533,3000,6016,Draw
8290,4777,1536,Draw
9776,1096,1026,Win Char1
3143,4097,2439,Draw
6439,622,6917,Win Char2
1388,1811,4665,Win Char2
6834,2931,8909,Win Char1
5502,4447,3412,Win Char1
2991,308,1257,Draw
9357,7389,5994,Win Char2
5174,9442,3179,Win Char1
2625,8647,8518,Draw
1771,2621,8365,Draw
2766,4503,824,Draw
9690,5057,1902,Win Char1
9333,2480,9491,Win Char2
2863,8024,8844,Win Char2
8766,6970,1219,Draw
6706,3754,3974,Win Char2
8979,8897,3294,Win Char2
3149,7596,5806,Win Char1
838,8426,4884,Win Char2
1332,1905,9460,Win Char2
9381,3295,6271,Win Char1
3205,8821,1292,Draw
3696,1356,6542,Win Char1
3377,4964,2250,Win Char2
375,4359,35,Win Char1
4033,9337,9147,Win Char2
3641,1578,9148,Draw
5535,6450,5387,Win Char1
5428,9606,9661,Win Char2
9605,3073,6894,Draw
9587,2116,6776,Win Char2
3326,9847,2570,Win Char1
2541,6583,9817,Win Char1
2130,2955,8756,Win Char2
1554,9481,9612,Draw
9405,3380,7644,Win Char1
3634,7461,4415,Win Char2
8566,3032,8909,Win Char1
4248,6533,5327,Win Char1
2060,6813,7464,Draw
838,3875,3054,Win Char2
8966,4223,5310,Draw
5541,4058,7012,Win Char2
873,2030,235,Win Char1
3894,1797,3773,Win Char2
3095,4884,2097,Draw
8010,9048,2811,Win Char2
4213,6883,7781,Win Char2
6785,8342,6150,Win Char2
9452,7095,1591,Win Char1
471,1139,8146,Win Char1
1735,4259,4397,Draw
14,1244,3221,Draw
3273,4098,5984,Win Char1
8525,1190,7482,Win Char1
2828,8695,6465,Draw
7374,5838,1995,Win Char2
936,398,2449,Win Char1
9677,3530,5677,Draw
6588,4789,4613,Win Char1
9480,1517,7511,Win Char2
1390,4971,1201,Win Char1
5109,3472,6667,Draw
5320,7789,7246,Win Char1
6283,8511,8270,Win Char1
3252,4124,7772,Win Char2
7733,77,2561,Draw
1960,7638,6503,Win Char2
7790,6362,825,Draw
2163,567,8046,Draw
7969,1467,3223,Win Char1
5603,6630,2290,Draw
5537,4446,1656,Win Char2
2923,3350,7776,Draw
1787,6056,9372,Win Char1
4893,1485,8388,Win Char2
4016,6342,6048,Win Char1
4018,1028,5268,Win Char1
6035,5829,1951,Draw
3724,9427,3143,Draw
396,181,5841,Draw
8374,7748,3679,Draw
365,5164,6478,Win Char2
8449,7449,9574,Win Char2
2184,8121,8918,Draw
5078,5367,1634,Win Char1
2512,2740,1415,Win Char1
158,8306,3390,Win Char2
9156,625,7633,Win Char2
2409,9516,5437,Win Char2
7378,8120,4448,Win Char1
3736,2023,6158,Win Char1
1218,5620,5338,Win Char1
8573,1061,229,Win Char1
2765,8257,8187,Win Char2
5840,7667,2220,Win Char2
3625,5602,7223,Draw
4018,2244,8111,Draw
7915,3141,4655,Draw
1909,3304,7567,Draw
5735,8269,9739,Draw
8313,4781,5024,Win Char2
4709,6449,552,Win Char2
7546,8819,6343,Win Char2
2940,8501,2913,Win Char2
2855,5600,8024,Win Char2
7671,5779,5782,Win Char1
6190,7524,4594,Draw
7094,4145,5449,Win Char2
5965,6345,6033,Draw
6375,6457,6852,Win Char2
6706,420,6308,Win Char1
2451,1077,7460,Draw
6290,8533,8220,Win Char2
7988,948,188,Win Char2
3434,2734,1931,Draw
8086,9363,3981,Win Char1
7851,478,742,Draw
3105,6930,3578,Win Char2
459,8329,8168,Win Char1
7349,6207,3770,Win Char1
5094,7020,2982,Win Char2
4927,9859,9729,Win Char1
3873,2292,4314,Draw
8662,5181,8485,Draw
9518,8094,8548,Win Char2
2150,9014,2229,Win Char2
6805,2204,5834,Win Char2
2551,1660,1,Win Char1
9620,8245,2130,Win Char1
3142,3458,6672,Draw
4942,9720,2903,Draw
656,5171,6980,Win Char2
4179,9680,7887,Win Char2
195,8203,7939,Win Char1
77,7002,6156,Win Char1
9578,6077,1576,Draw
6019,3943,9456,Win Char2
2022,3491,7977,Draw
5339,2353,9255,Win Char1
9624,8954,9653,Win Char2
1177,5336,3683,Draw
1531,9095,4897,Win Char1
3958,6026,1364,Win Char1
8973,3927,8211,Win Char1
5552,4198,6874,Draw
3305,9601,7919,Win Char1
6682,8350,92,Win Char2
7072,8056,2732,Draw
3246,7059,5828,Win Char2
5029,3329,8991,Win Char1
6037,7022,5265,Win Char2
9241,11,4756,Draw
4969,7746,5873,Win Char1
1745,1471,3580,Draw
8226,1603,5129,Win Char1
7804,7257,4897,Win Char2
7685,5353,7837,Draw
2506,580,4289,Win Char1
2612,1346,4957,Draw
6951,8921,8606,Win Char1
6780,81,6925,Win Char1
5432,3600,9643,Win Char1
7579,2881,6104,Win Char2
8036,4617,6733,Win Char2
8513,4655,5644,Draw
1859,3048,588,Win Char1
1202,867,1676,Win Char1
6513,4373,8886,Draw
6517,7192,3520,Win Char1
5843,6110,4397,Draw
9711,3011,6877,Draw
132,1783,7205,Win Char1
1426,1938,6750,Win Char1
7745,8738,4547,Draw
1676,8517,9495,Win Char2
2377,1444,8743,Win Char2
3648,1816,1543,Draw
4828,4234,1876,Draw
7505,7229,6247,Win Char1
2818,6949,8769,Win Char2
7054,4834,3263,Draw
3143,9724,3685,Draw
1436,7872,5528,Win Char1
3639,5098,9474,Win Char2
84,98,6194,Win Char1
1611,7504,2561,Win Char2
5876,1521,6678,Win Char1
8088,7258,5508,Win Char2
3128,7509,5314,Win Char2
5717,7400,1765,Win Char1
3933,7513,5375,Win Char1
2506,8530,5450,Win Char2
3786,5512,6720,Draw
3837,1053,2617,Win Char2
274,5525,3244,Win Char2
3070,2054,5002,Win Char2
2734,7667,9832,Win Char2
6992,6416,8537,Win Char2
8567,6475,8108,Draw
5958,7530,7935,Draw
5876,7347,5346,Win Char2
5015,7413,2760,Win Char1
8405,1780,8884,Win Char2
832,6234,2953,Win Char2
1827,5220,1171,Win Char1
7078,138,2,Win Char2
1657,1743,858,Win Char1
4547,9313,7934,Win Char1
4501,9884,225,Draw
1030,932,5123,Win Char1
9169,8719,8893,Draw
7444,4982,9221,Win Char2
1445,1382,6777,Win Char1
166,5491,3175,Draw
9420,1669,1414,Win Char2
5595,1200,2479,Draw
878,7781,5592,Win Char2
9273,9261,6109,Draw
2532,545,7862,Win Char2
7099,9621,4393,Win Char2
4970,4143,203,Win Char1
5060,9578,3029,Draw
8920,2852,8511,Draw
2644,8980,4525,Draw
355,8753,9533,Win Char2
381,616,588,Win Char2
2655,7291,2191,Draw
3867,1579,3325,Win Char1
8913,4825,3814,Draw
2767,2390,5475,Win Char2
7840,7081,4004,Win Char2
2389,5374,9794,Win Char1
9901,2994,2566,Win Char2
6807,4863,1445,Draw
3083,2590,4641,Win Char1
9180,9652,7541,Draw
9408,5932,3132,Win Char1
7616,7789,1629,Win Char1
9880,8085,4626,Draw
8267,165,6493,Draw
339,2506,9862,Win Char2
1406,6731,5581,Win Char1
920,8438,9779,Win Char1
779,9093,5618,Draw
2738,115,9097,Win Char1
2358,2110,9132,Win Char2
986,4416,2605,Draw
4666,8806,5913,Draw
9583,6648,2281,Win Char2
4887,8955,266,Win Char1
2958,7743,1980,Draw
5664,1335,7337,Win Char1
8982,7001,7963,Win Char1
9611,2405,5588,Draw
1804,8650,5740,Win Char1
1950,7752,9932,Draw
4272,826,3793,Draw
1929,5745,1468,Draw
3363,3365,9849,Win Char2
5124,7068,5122,Draw
4596,4504,1420,Win Char2
6092,6508,7360,Win Char1
9019,9761,1366,Win Char1
3965,3256,1805,Win Char2
1426,8974,9083,Win Char1
100,3653,4440,Draw
2651,1143,271,Win Char1
8005,3425,8089,Win Char1
511,6264,1080,Win Char2
6549,3520,8602,Win Char2
115,9691,7435,Win Char1
5778,2117,9902,Win Char1
3855,9612,3806,Draw
6826,6956,5448,Win Char2
8699,5946,3311,Win Char2
1607,6646,2745,Win Char2
1692,8178,2954,Win Char1
9217,554,8333,Draw
1209,4913,3567,Win Char2
5709,6640,4470,Win Char1
5473,6766,2964,Draw
9980,5536,1622,Win Char1
8734,7265,9070,Win Char2
5618,9679,7014,Win Char2
8820,6325,8187,Win Char1
8909,625,7711,Draw
1530,8225,2925,Win Char2
3011,7210,6129,Win Char1
6632,1148,6480,Draw
2496,54,8547,Draw
9225,677,3320,Win Char2
1837,1035,3642,Draw
6802,187,8553,Win Char1
3593,3417,4607,Draw
5005,5722,4132,Draw
2808,5145,9807,Draw
2983,5767,3426,Win Char2
1765,1052,1139,Win Char2
7028,8491,560,Win Char1
4675,3471,3799,Win Char2
6261,5572,3026,Draw
3934,7324,5754,Draw
6017,3181,6744,Draw
7336,8558,3108,Draw
2309,3709,6802,Draw
8522,8766,9212,Win Char1
8193,9400,5535,Draw
1788,2998,379,Draw
7170,6135,5507,Win Char1
1672,3763,6684,Win Char1
7372,7354,1797,Draw
6873,7506,3272,Draw
6510,2585,7358,Draw
4793,1262,4716,Win Char2
6337,2832,8226,Win Char2
7432,1954,77,Win Char1
6916,7752,7390,Draw
8886,6943,5045,Win Char1
7456,3841,6966,Win Char2
8646,7919,8861,Draw
5988,6182,1486,Win Char1
7637,5918,1508,Draw
8972,8006,2382,Win Char1
2258,759,1642,Win Char2
9212,517,8172,Win Char2
5497,840,8324,Draw
4436,7658,3980,Draw
6569,3268,3998,Win Char1
7717,4688,7558,Draw
956,8943,760,Win Char2
6133,8931,8108,Win Char2
5294,3469,3348,Win Char1
7006,2899,1804,Win Char2
5927,6096,6625,Draw
7429,1344,6605,Draw
9739,3861,7617,Win Char2
8743,2970,7332,Win Char1
3389,7298,3484,Draw
2583,7793,3618,Win Char1
8214,6794,5216,Win Char2
9471,7841,2626,Draw
1890,5084,5448,Win Char2
9753,6052,40,Win Char1
824,3815,5882,Win Char1
2703,8498,7776,Draw
3866,3274,3602,Draw
7151,7317,3558,Win Char1
477,8523,5700,Win Char1
609,1622,1669,Draw
8402,228,4994,Draw
9353,1109,1415,Draw
5975,9488,6461,Win Char2
8179,5897,2133,Draw
9246,3464,7270,Win Char2
5252,1355,8081,Win Char2
1049,4531,5353,Win Char1
7613,4787,8556,Draw
7699,7525,631,Draw
601,1962,7172,Win Char2
5883,1730,7265,Win Char2
4770,8046,2527,Win Char1
5258,7256,5134,Win Char1
8607,7946,3360,Win Char1
185,9284,7331,Win Char1
2706,3160,6614,Draw
5934,9445,8441,Win Char2
6940,6324,4039,Draw
9601,7787,8385,Win Char2
2010,810,2176,Draw
1675,5192,4581,Win Char1
6530,2351,3281,Win Char1
701,3437,7832,Win Char1
2616,244,5525,Draw
3643,1502,9132,Win Char1
4560,1568,9511,Win Char2
3017,2861,9460,Win Char2
118,3528,5401,Draw
2750,868,9072,Win Char1
8987,1435,4339,Win Char2
4937,2352,1369,Win Char2
8436,5672,9021,Win Char2
2469,3891,6273,Win Char1
1592,9471,293,Draw
3101,5483,8859,Draw
6912,6236,9746,Win Char1
2124,4409,7756,Draw
1807,2702,4873,Win Char2
7596,7414,9564,Win Char2
8846,5850,6725,Win Char1
8453,7682,4051,Win Char1
3790,9878,4031,Win Char2
5285,8051,8353,Win Char1
2426,5178,1848,Win Char1
9206,3420,6246,Win Char2
531,1499,6325,Draw
3203,2420,3666,Win Char2
3000,2327,4434,Draw
9538,9644,5158,Draw
8226,5813,8640,Win Char1
5891,2274,560,Draw
1851,5702,2544,Win Char2
4608,2930,5780,Win Char2
3368,8723,2837,Win Char2
5157,5344,2368,Win Char1
7534,6461,3082,Draw
2165,7394,5221,Draw
1606,4820,1942,Win Char1
1235,5745,6975,Draw
1170,9896,7910,Draw
4046,378,5703,Draw
4255,6930,4911,Win Char2
3968,3340,8468,Win Char2
3625,4235,5681,Win Char2
1301,1080,7030,Draw
7699,7105,436,Win Char1
41,1273,5947,Draw
4534,7654,5696,Draw
4369,3235,3750,Win Char1
9766,4733,8123,Win Char2
798,5952,1979,Win Char2
7944,8353,493,Win Char2
7976,4276,8725,Win Char2
5719,4766,5121,Win Char2
1624,75,1463,Win Char2
4089,8216,4659,Win Char1
2811,4013,6717,Draw
4903,1069,4199,Win Char1
3230,9279,3770,Win Char2
6247,203,8766,Win Char2
3409,9916,8355,Win Char1
1306,3486,9323,Win Char2
734,1671,7455,Win Char1
2888,7772,4499,Win Char1
9843,4448,7946,Win Char1
541,9673,5928,Draw
4645,1934,2173,Win Char2
3868,1199,5123,Win Char2
1959,3105,7321,Win Char1
7708,4960,7018,Win Char1
3723,8395,7869,Win Char2
6654,9601,1906,Draw
2988,9321,2650,Win Char2
2468,7557,2026,Win Char2
2893,6816,4826,Win Char2
8801,9600,5738,Win Char1
5347,8591,3158,Draw
4493,4938,1932,Win Char2
3987,7750,7325,Draw
7795,5070,7309,Win Char2
8339,5526,1488,Win Char1
3965,6075,5376,Win Char1
4071,1495,1134,Win Char2
7603,6647,4972,Win Char1
6765,1544,4720,Win Char1
1248,8797,4486,Win Char2
5055,8782,4100,Draw
5465,4288,3811,Win Char2
3697,2837,3848,Draw
1270,1671,9046,Win Char1
3518,3230,6886,Win Char2
4187,6936,8235,Win Char1
9128,4416,1535,Win Char1
8507,8156,5857,Draw
7689,5138,2377,Win Char2
3430,4952,3404,Win Char1
6678,7983,5111,Draw
3771,8363,7663,Win Char2
2541,3468,2304,Draw
5771,3132,5094,Draw
3853,406,8190,Win Char1
2373,8821,460,Draw
8817,4742,6419,Draw
701,8830,715,Win Char2
5472,5940,3765,Win Char2
8702,2191,2532,Draw
3454,7858,8564,Win Char1
1162,7431,7257,Draw
4346,4513,2799,Win Char1
2372,4842,7584,Draw
4053,8244,2245,Win Char2
415,6720,314,Win Char1
4920,284,3549,Draw
6183,6743,8379,Win Char2
9959,3743,8096,Win Char1
3294,6970,796,Draw
4332,5934,1912,Draw
5303,3506,5830,Draw
1915,3546,7465,Win Char1
981,8957,4761,Win Char1
3288,4420,6149,Win Char2
5185,3582,2865,Draw
4411,7919,4136,Win Char1
482,8134,1802,Win Char2
9600,8670,1382,Win Char1
6602,4949,8810,Draw
2663,7777,9537,Win Char1
2018,97,5892,Win Char2
1824,2152,1955,Draw
9687,7099,8227,Draw
1432,7542,3121,Win Char1
6347,4647,131,Draw
5554,6631,5397,Win Char1
9995,3574,7857,Draw
9447,2886,8943,Win Char1
4842,8496,7506,Draw
5659,1963,5040,Win Char1
9864,8000,7836,Win Char2
1732,1007,4245,Win Char2
1342,4837,7933,Win Char1
924,8752,9678,Win Char1
9857,8370,2841,Draw
4122,7847,8079,Win Char1
7505,8854,8445,Win Char1
9212,3131,4993,Draw
2993,3492,3478,Win Char2
5927,8493,4402,Win Char1
5473,9545,168,Draw
2402,5152,8159,Win Char2
2137,4418,1041,Win Char1
1828,915,6674,Draw
4884,6525,7209,Draw
3851,7823,9492,Win Char2
6398,4741,4081,Win Char1
3465,8247,3338,Draw
4167,9684,429,Win Char2
3409,1785,9205,Win Char2
9783,6195,4583,Win Char1
7090,2679,5224,Win Char2
8228,998,3153,Win Char2
8472,6801,7868,Win Char1
9830,7104,3646,Win Char1
1277,1621,9757,Draw
8370,7036,3355,Win Char2
5743,3223,2125,Win Char1
2191,4784,7878,Win Char1
2457,1808,8456,Win Char1
5538,8509,2315,Draw
1754,7994,7787,Win Char1
1491,5186,2237,Draw
5591,682,6510,Win Char1
575,1771,3648,Win Char1
9180,1260,503,Win Char1
331,1023,6163,Win Char1
5823,7921,4457,Draw
7759,1522,4946,Draw
5120,2499,8321,Win Char2
2872,8332,5235,Win Char2
340,1754,375,Win Char1
3100,7395,22,Win Char1
16,8288,304,Draw
6360,87,1464,Win Char2
3226,417,1946,Draw
5180,3017,5289,Win Char1
6471,8959,3163,Draw
3134,4831,511,Win Char1
2767,3745,6617,Win Char1
5324,8550,2472,Draw
5581,8473,7883,Win Char2
1909,1539,2989,Win Char1
9797,359,1274,Draw
9989,8603,5718,Win Char1
9765,6544,4143,Draw
3936,9130,5934,Win Char1
7535,4956,8802,Win Char2
2630,6254,2070,Win Char1
1546,519,3279,Win Char2
8529,5730,6846,Win Char2
770,3628,4806,Win Char2
1207,5026,601,Draw
1409,7971,4761,Draw
6784,8757,9643,Win Char2
6846,4090,566,Win Char1
1928,9774,4698,Draw
676,8165,1199,Win Char1
6272,6063,5006,Win Char2
7547,9594,3360,Win Char2
9295,6598,8625,Win Char1
3422,4618,1189,Draw
1639,4064,4409,Draw
4276,7397,498,Win Char1
5715,7216,2258,Win Char1
2655,3821,9453,Win Char1
8784,6748,7173,Win Char1
1775,8570,5303,Draw
5674,1575,7561,Draw
796,2077,8839,Win Char1
3737,7767,7231,Draw
787,172,8307,Draw
3289,9575,713,Draw
1677,6868,3567,Win Char2
6896,6826,6617,Win Char2
8612,5511,3298,Win Char2
1993,1530,4307,Win Char1
3512,8028,568,Win Char1
788,3729,9934,Win Char1
5173,3663,8481,Draw
5132,7725,40,Win Char2
2360,5135,6457,Win Char1
1315,8306,6295,Win Char2
8297,2424,5850,Win Char2
4210,8486,5107,Win Char2
1139,1119,7605,Win Char2
764,9732,5972,Win Char1
112,3459,5161,Win Char2
1143,5373,2481,Win Char2
6139,2627,8113,Win Char2
2772,8291,4527,Win Char2
4154,6728,7537,Win Char2
3582,5707,2433,Draw
68,8065,9191,Win Char2
8404,4232,4604,Draw
5201,8295,2818,Draw
895,2959,3240,Win Char1
9899,3241,1957,Win Char2
6060,4419,4297,Win Char2
6757,4387,6669,Win Char2
9068,8568,7610,Win Char2
2656,9624,8442,Draw
2780,1951,9526,Win Char2
3214,3963,1556,Win Char2
6660,6383,2872,Win Char1
3082,524,9047,Win Char2
2207,2757,2564,Draw
7489,3655,1124,Win Char1
6458,5159,8429,Draw
4961,1396,1856,Win Char1
4733,8509,2032,Draw
2191,9275,1774,Win Char2
7981,2450,445,Win Char1
9424,2865,318,Draw
8204,4069,7519,Win Char1
7917,3503,8922,Win Char2
6843,5705,4821,Win Char1
9628,9708,9781,Win Char2
2141,5047,2915,Win Char2
379,7839,9516,Win Char1
8165,7428,9234,Draw
1794,9570,3820,Win Char1
7249,9362,7378,Win Char1
966,8350,7412,Win Char1
6025,8997,9518,Win Char1
5009,1112,6522,Win Char1
9257,285,6792,Draw
2091,4685,3081,Draw
8038,5529,4641,Win Char1
3768,7616,8261,Win Char2
9271,1608,8379,Win Char1
2477,5351,5559,Win Char1
2079,7484,8225,Win Char1
2227,2416,1506,Draw
8548,6323,4329,Win Char1
9576,8431,5793,Win Char1
6040,1197,8446,Win Char1
9067,6310,1591,Win Char2
4200,9256,5144,Win Char1
5802,6761,7175,Win Char1
8561,8676,9477,Win Char1
3005,8618,5114,Draw
1418,5801,2584,Win Char2
2003,6454,5391,Draw
8032,9959,1035,Win Char2
493,97,8007,Win Char2
2492,503,4659,Draw
6770,6627,8201,Draw
5286,6550,7785,Win Char2
5341,2841,6603,Win Char1
483,1685,4018,Win Char1
5620,3500,2263,Win Char2
1086,3829,9888,Win Char2
9631,7234,3248,Win Char1
102,359,9437,Win Char2
1381,9436,4907,Win Char1
19,8484,3072,Win Char1
7411,1608,5507,Win Char2
3472,4415,5329,Win Char2
2069,146,579,Win Char2
4451,1780,4340,Win Char2
3686,8599,610,Draw
1568,9230,2653,Win Char1
61,5007,9837,Win Char2
1396,6357,5558,Win Char1
8666,4081,9240,Win Char2
8344,3388,3747,Draw
3501,217,8764,Win Char1
8848,6779,2717,Win Char1
1789,3419,6103,Win Char2
7769,7393,6862,Win Char2
7687,867,8959,Draw
7609,7813,1982,Win Char2
6644,780,5351,Win Char1
4270,2173,5439,Win Char1
2619,9986,1016,Win Char1
1798,1352,9976,Draw
187,784,9816,Draw
4788,7277,8008,Win Char2
1376,7141,6039,Win Char1
5237,1247,7919,Win Char2
4819,7561,7888,Win Char2
6890,9775,5745,Win Char1
3394,1966,8177,Draw
3873,4053,3233,Win Char2
4571,1442,1601,Win Char1
7369,7632,2495,Win Char2
4087,2726,8689,Win Char1
5282,6470,2198,Win Char2
6469,5611,3804,Win Char2
6734,2393,4180,Win Char1
8471,682,8039,Win Char2
4445,1717,8870,Win Char2
7630,7158,4187,Win Char1
4358,7885,5506,Win Char2
6172,1446,7839,Win Char1
1877,9351,8627,Draw
658,3186,742,Win Char1
6500,9296,1841,Win Char2
1095,9909,3213,Win Char2
6197,7777,469,Win Char1
7863,4887,9710,Win Char2
5372,1652,8218,Draw
9408,5502,1359,Win Char1
2286,5804,7380,Draw
7479,4908,7595,Draw
4903,4137,5752,Draw
4813,9455,2252,Win Char1
1200,8256,1076,Win Char2
5605,912,1461,Win Char2
8852,6239,1546,Win Char2
4972,7327,379,Draw
7743,5857,6983,Draw
3163,2074,9976,Win Char2
6208,4474,5008,Win Char1
7730,8238,9315,Win Char1
1477,6731,8772,Draw
8457,8730,5069,Draw
8281,4784,8473,Draw
584,3109,2201,Win Char1
6792,5094,4112,Win Char1
7971,5053,7409,Win Char1
8270,9540,2599,Draw
4073,2691,4779,Draw
3065,2889,4061,Win Char1
2092,1857,289,Win Char2
9862,7178,9552,Win Char1
1096,7434,5555,Win Char1
1245,1841,8706,Draw
4873,5098,6924,Win Char2
7360,5301,527,Win Char1
7127,8032,6797,Win Char2
6408,6549,1705,Win Char2
626,9924,7660,Win Char2
2041,8888,5669,Win Char1
9068,6060,4823,Win Char2
6028,7267,7462,Draw
1122,6837,4689,Win Char2
4387,1783,3978,Win Char2
1817,2060,8338,Win Char2
982,1949,790,Win Char2
8516,6475,1019,Win Char2
160,4118,709,Draw
5975,7739,3305,Win Char1
621,8915,9080,Win Char1
7675,158,422,Win Char2
6737,3492,447,Draw
7190,6688,8889,Win Char2
1706,3959,3482,Win Char2
1694,2459,841,Win Char2
9488,5280,9354,Win Char2
893,9309,3801,Win Char2
9526,5542,7342,Win Char2
8699,2323,3052,Win Char2
7517,4897,4923,Win Char2
772,8353,5946,Draw
8934,9750,4207,Draw
6440,5424,1663,Win Char1
3062,9921,5526,Win Char2
9345,9475,2194,Win Char2
3858,5758,8640,Win Char1
1763,4726,8374,Draw
6139,5530,3662,Win Char1
9815,8096,1321,Draw
7096,7362,9613,Win Char2
9794,3853,4223,Win Char1
6871,1610,3311,Win Char2
8749,2943,4057,Win Char1
8775,6021,8485,Draw
5525,5429,5629,Draw
1809,4992,3946,Draw
8238,9089,5941,Draw
5211,1876,4721,Draw
4406,3835,4613,Draw
8213,3945,1906,Draw
5861,808,6811,Draw
1443,8097,6933,Draw
1666,6473,3253,Win Char1
446,6133,8139,Draw
1835,1789,7155,Draw
4158,4156,2416,Draw
8067,3897,4368,Win Char2
4810,5728,5077,Win Char2
3808,1773,3404,Win Char2
396,5403,7687,Win Char1
2201,453,1341,Win Char2
3960,1296,8604,Win Char2
8692,7410,8190,Win Char2
500,5815,1166,Win Char2
2310,6162,6919,Win Char2
1147,7587,6193,Win Char1
170,4382,7179,Win Char2
8850,2726,7293,Win Char2
4043,7926,4221,Draw
7338,8765,4593,Win Char2
1705,570,8068,Draw
9908,930,6935,Win Char1
2394,3402,5710,Win Char1
5909,2941,7584,Draw
5164,6160,6477,Draw
7332,3883,8880,Draw
1022,5380,6323,Win Char1
6567,2818,9089,Draw
4053,4602,4326,Win Char2
6404,6061,2741,Win Char1
3404,3335,6068,Win Char2
7557,9792,2382,Draw
4867,9844,9645,Win Char1
3452,5436,3521,Draw
7064,8483,2310,Win Char1
1135,5320,3023,Win Char1
3577,4160,298,Win Char1
6570,4254,2998,Win Char1
1938,9874,3655,Win Char1
4679,1173,8378,Win Char2
8001,8099,630,Win Char1
370,9410,4240,Draw
2103,535,5588,Win Char1
7420,5816,5182,Win Char1
3815,5039,7058,Win Char1
5821,2853,1724,Draw
9098,6979,3470,Draw
6389,8348,960,Draw
7410,2690,2302,Draw
2186,719,7771,Win Char2
5236,4821,4791,Win Char1
2452,125,4706,Win Char2
822,8761,4373,Win Char1
6468,2343,2329,Draw
3465,9928,3796,Win Char2
3554,7923,1292,Draw
2645,1890,8817,Win Char2
9838,1813,2620,Win Char2
2082,8180,3187,Win Char2
8800,4179,2918,Win Char2
1512,3251,4672,Win Char1
4787,3409,1768,Draw
8760,7223,3464,Win Char2
4898,4597,1113,Win Char1
1450,4624,1209,Win Char1
7095,9647,7772,Win Char1
9948,9844,1326,Draw
8594,7675,1177,Win Char2
4416,8522,7994,Draw
2336,5693,8624,Draw
5197,3483,5091,Win Char2
8574,1288,2904,Win Char2
5143,1616,8553,Win Char2
4586,3788,299,Draw
9101,4833,2216,Win Char2
3658,4402,9208,Draw
4259,3877,6049,Draw
468,5163,1783,Win Char1
9667,5763,4127,Win Char1
3305,3378,7307,Win Char1
5727,2962,8984,Win Char2
2485,2328,500,Win Char1
3306,7607,7867,Draw
7823,3815,7556,Win Char1
7746,1416,9328,Win Char2
2311,6444,3317,Win Char2
9841,4178,5060,Draw
8702,5608,5466,Draw
7511,4165,2141,Win Char1
2638,4233,4710,Draw
5487,3987,3056,Win Char2
399,3342,3611,Win Char2
7493,1344,6445,Draw
9697,1023,7789,Win Char2
1780,778,3432,Draw
6740,4566,4795,Win Char1
422,1042,4077,Win Char1
5222,7094,8279,Win Char1
6247,1134,8412,Win Char1
9646,9658,427,Draw
8107,2548,6023,Win Char1
9856,4834,1829,Win Char1
7629,9467,5185,Win Char2
7016,1038,9031,Win Char2
6634,3466,6163,Win Char1
8202,7812,4191,Win Char1
26,9746,6620,Win Char1
556,160,4205,Draw
5328,4055,2970,Win Char2
4810,5098,4699,Win Char2
9843,4567,1384,Win Char1
696,9402,8753,Draw
482,3393,1559,Draw
9790,7831,4069,Draw
6330,9568,9429,Win Char1
5706,9046,4207,Win Char2
8589,4128,7462,Draw
9404,1693,101,Win Char2
3925,451,3421,Draw
3525,1525,4709,Win Char2
1608,2483,1327,Win Char1
2044,9084,924,Win Char2
2518,8312,7846,Win Char2
8319,109,6961,Win Char2
5691,7085,2785,Win Char1
5454,9195,5395,Win Char2
4082,5072,8191,Win Char1
4258,8470,4396,Draw
779,4060,6875,Win Char1
1724,7556,954,Win Char1
8085,1628,9808,Win Char1
2607,6594,8011,Win Char2
3114,2227,2853,Win Char1
2271,1980,8336,Win Char2
1897,7731,1005,Win Char1
2528,7173,9080,Draw
300,4380,8949,Win Char2
3980,8890,9657,Draw
3663,7334,5582,Draw
6661,409,2829,Draw
5108,5959,136,Draw
2326,5689,5349,Draw
1398,546,7691,Win Char1
5359,9714,9976,Win Char2
6678,1971,8395,Win Char1
129,595,8647,Win Char1
3757,5621,9748,Draw
2872,6493,9994,Draw
6604,5435,6269,Win Char2
3889,1255,4731,Draw
6891,8871,3563,Win Char2
1382,1835,2194,Win Char1
6474,237,8679,Win Char1
8526,3055,2440,Win Char1
9083,4458,1847,Draw
3212,6033,7500,Win Char1
7504,1699,6588,Win Char2
7636,1283,2834,Draw
2827,519,804,Win Char2
3775,326,7534,Win Char2
2209,479,9405,Draw
6155,1417,5999,Draw
4682,3936,2583,Win Char1
5149,4399,5821,Win Char1
5557,3193,3726,Win Char2
2469,7237,2330,Win Char1
7203,4829,1171,Draw
9564,1643,460,Win Char2
1973,2978,3074,Draw
7550,8895,5582,Draw
4400,7424,3855,Win Char1
1301,5994,4944,Draw
3493,9873,2874,Win Char1
1357,4339,5267,Win Char2
7415,9779,943,Win Char2
3726,7773,6013,Draw
6461,381,4226,Draw
239,7529,5714,Draw
3440,1554,1031,Win Char2
5081,3022,9668,Win Char2
7770,9929,7627,Win Char2
3343,1786,1108,Draw
4602,8448,5587,Win Char1
5971,6198,5351,Win Char2
5100,5983,8589,Draw
3642,4000,8970,Win Char1
8587,1521,804,Win Char2
4822,906,3172,Win Char1
6878,1362,5112,Win Char2
2789,8925,4838,Draw
8360,988,9995,Draw
9151,998,3483,Win Char1
3100,6975,7987,Win Char1
5016,3625,8831,Draw
6502,9608,6404,Draw
7518,8459,4160,Draw
8615,2208,7647,Win Char1
5079,1268,8807,Win Char1
72,5722,1670,Draw
5334,5092,5935,Win Char2
633,3199,3352,Draw
5504,6827,6270,Win Char2
7925,2646,6370,Draw
6242,242,6951,Win Char1
4499,1343,1785,Draw
1075,1799,1930,Draw
2049,1262,1040,Win Char1
3950,1458,8464,Win Char2
7445,1607,7399,Draw
5052,3380,1611,Draw
617,6185,6570,Draw
4211,6568,8009,Win Char2
4642,6764,2609,Win Char1
8245,8958,5371,Win Char1
7797,5840,3184,Draw
1255,9815,2059,Win Char1
1627,3561,1721,Win Char2
7874,5884,1222,Win Char2
2446,2200,4654,Draw
6340,7867,987,Win Char1
9774,2056,7654,Draw
4188,4370,2012,Win Char1
9619,890,2938,Draw
907,7162,962,Win Char2
8091,7319,5966,Win Char1
1580,9272,6076,Win Char2
9315,3313,4983,Win Char2
375,8149,8046,Win Char1
6446,6243,6631,Win Char2
6461,9581,4231,Win Char1
5749,6661,4607,Draw
5951,6351,3190,Draw
8174,2179,6521,Win Char2
8328,933,8705,Win Char1
8800,1111,9895,Draw
4920,3357,4362,Draw
7520,6160,9380,Draw
2624,1922,4453,Draw
4119,6646,5450,Win Char2
5574,2644,7137,Win Char2
9055,1605,6685,Draw
3590,2072,9082,Draw
3441,8047,1556,Win Char1
5036,9905,4747,Win Char1
4189,120,1057,Win Char1
5035,8921,1685,Win Char1
4386,7188,4845,Win Char1
1631,2628,4002,Win Char2
4116,1202,7975,Win Char1
9376,1882,2793,Draw
8680,1799,7834,Win Char2
6280,1772,7329,Draw
8937,5937,9570,Win Char1
1735,8488,6003,Win Char2
8697,5407,2168,Draw
5710,882,7738,Win Char1
17,8688,4437,Draw
383,1435,7742,Win Char2
6385,2215,1860,Win Char2
3504,2634,9807,Win Char2
6822,2013,6660,Win Char2
2870,6546,6362,Win Char1
4626,1440,9407,Draw
3560,7630,2034,Draw
1432,8550,3704,Draw
3808,6781,9334,Win Char1
5276,2266,1048,Win Char1
7645,9842,5207,Win Char1
3056,3937,5841,Win Char2
8510,6256,3682,Draw
3660,9172,5329,Draw
5290,7416,5710,Win Char1
6380,1999,5726,Draw
8320,9033,6650,Win Char2
2963,247,1678,Draw
5848,8345,3406,Win Char2
1859,3589,8320,Win Char1
8599,3584,6537,Win Char2
2472,7958,9714,Draw
3992,5557,8560,Draw
3277,2202,5298,Draw
5136,1383,8769,Win Char1
5838,2056,6449,Draw
1706,8522,1912,Draw
367,720,4033,Win Char1
9777,4482,279,Draw
5108,5417,6203,Win Char2
4366,7743,9234,Win Char2
9446,9283,359,Win Char2
4958,8846,606,Win Char1
513,7483,2535,Draw
4295,3103,5033,Win Char2
1664,1155,3892,Win Char2
3424,124,356,Win Char1
3527,3663,354,Draw
8039,1996,7095,Draw
4124,4400,2498,Win Char2
1776,641,5919,Draw
9459,6839,3949,Win Char2
6002,7236,1863,Draw
2146,5631,1835,Draw
7482,9569,5173,Draw
886,6155,3828,Draw
5289,5747,7336,Win Char1
5604,8277,7464,Win Char2
5026,9730,7749,Draw
6366,389,4802,Win Char2
1372,2256,1453,Draw
5935,231,7433,Win Char2
7185,4933,4252,Draw
4238,815,7956,Win Char1
9276,6248,6259,Win Char2
2704,8170,8010,Draw
5137,774,6395,Win Char2
1571,1853,6570,Win Char1
2127,6574,1060,Draw
1020,3123,8619,Win Char2
5956,3978,4586,Win Char1
692,4283,9817,Win Char2
4885,4831,7614,Win Char1
6210,3954,1571,Draw
6505,7897,4732,Win Char1
9273,5965,4638,Draw
2656,1446,9830,Win Char1
8356,9557,4878,Draw
9184,3597,5535,Win Char2
173,391,1712,Win Char2
2922,5053,3704,Win Char1
5094,9105,3568,Win Char2
9488,977,414,Win Char1
8262,5097,5550,Win Char1
9506,5712,2974,Draw
2653,4283,475,Draw
6977,447,5441,Draw
1374,8105,1530,Win Char2
8457,7584,1201,Win Char2
2383,5362,9289,Draw
5971,6962,2877,Win Char1
9282,1330,1680,Win Char1
4356,4563,4644,Draw
4917,3074,5844,Draw
1136,2490,1090,Draw
4832,5071,4112,Win Char2
2979,8591,4444,Draw
200,1036,7403,Draw
1195,3230,1105,Win Char2
1640,1079,4156,Win Char2
5377,2701,2046,Win Char2
5487,2304,8781,Win Char1
7530,7832,9233,Win Char1
3745,8460,138,Win Char1
7144,4057,8931,Win Char2
6095,4595,8224,Draw
165,8004,8009,Win Char2
8493,7958,5116,Win Char1
7195,4700,5114,Win Char2
9962,7349,7538,Draw
3808,3172,9176,Win Char1
785,7545,7037,Win Char1
5651,4894,1902,Draw
8689,630,4465,Win Char2
3301,600,6357,Win Char2
7704,4419,5522,Win Char1
6393,3302,3807,Win Char1
2710,1830,4948,Win Char1
609,9741,333,Win Char2
7387,6155,3055,Win Char2
2987,8990,3858,Win Char2
8576,5845,7700,Draw
9996,2824,5067,Win Char2
4603,1617,3095,Win Char1
7636,6601,7476,Win Char2
8032,8197,7390,Win Char1
1361,5793,1307,Draw
6285,3766,5424,Win Char1
3967,9310,3690,Win Char1
393,7401,1475,Win Char1
7052,8572,539,Win Char1
557,9493,4169,Win Char2
5903,4064,6647,Win Char2
6294,5285,7561,Win Char1
684,4295,7564,Win Char1
2353,493,7430,Draw
6665,3363,8837,Win Char2
7440,9338,5194,Win Char1
1702,8286,3680,Win Char2
5712,2513,9787,Draw
490,8876,3648,Draw
5828,7031,9468,Draw
8219,8137,762,Win Char2
7340,2322,281,Win Char2
9991,5957,5796,Draw
5072,9023,3275,Win Char1
6695,5067,6061,Win Char2
5667,1982,9572,Win Char1
734,4716,8303,Win Char2
6664,1219,4912,Win Char2
9094,2706,7754,Win Char1
113,661,6344,Draw
7627,3727,5220,Draw
1251,3680,5676,Win Char2
9041,7383,7517,Win Char2
9994,1290,5916,Draw
9578,953,7476,Draw
4749,791,8954,Win Char2
2036,9396,5734,Draw
4335,9412,2247,Win Char2
8882,2213,9084,Win Char2
6078,8188,1070,Draw
7435,2798,3839,Draw
8215,5938,7932,Win Char2
7605,3812,3083,Draw
5861,1907,1950,Draw
931,7385,5336,Win Char1
835,4566,1445,Win Char2
8941,4209,4900,Win Char2
7647,6248,2016,Win Char1
9091,9355,1799,Win Char2
948,788,6190,Win Char2
9819,7840,363,Draw
7276,6842,3419,Win Char1
792,2938,3881,Win Char1
3855,6309,6403,Win Char2
9307,9444,5353,Win Char1
7955,2620,9136,Draw
5176,5410,6006,Win Char1
425,1045,4143,Win Char1
4154,4402,9721,Draw
8978,6110,2606,Draw
2080,6255,8359,Draw
2548,5869,5323,Draw
7697,3030,1547,Win Char1
8777,106,2334,Win Char1
9717,7589,6613,Win Char2
8069,7197,2954,Win Char1
4934,5546,6587,Win Char1
423,7538,7267,Draw
808,7304,7660,Win Char2
1807,5339,1443,Win Char1
2239,4313,1872,Draw
6574,4737,5842,Win Char1
9366,8564,4892,Win Char1
7839,6235,2782,Draw
6811,6726,1489,Draw
422,2411,4699,Win Char2
9860,1586,2061,Win Char1
8813,1982,5938,Win Char1
310,5740,9260,Win Char1
4902,8651,4879,Win Char1
9974,4533,2895,Win Char1
5490,1587,5787,Draw
1549,6948,1291,Draw
1205,7490,7764,Draw
3263,7396,6765,Win Char2
4200,329,5045,Win Char2
2294,8405,678,Draw
60,4599,6613,Win Char2
9217,4974,3797,Win Char1
4022,6873,4832,Win Char1
1712,4172,6952,Draw
9026,6730,2146,Draw
106,4575,5567,Win Char2
3490,8764,6192,Win Char1
5188,685,8048,Win Char2
5683,5077,3252,Draw
4635,4841,7546,Win Char2
3781,1653,6041,Draw
220,5492,7381,Win Char2
8769,441,4003,Draw
7677,5346,8794,Draw
372,6751,8910,Win Char1
6410,158,6106,Win Char1
3317,8633,5436,Win Char1
1317,3294,5362,Draw
9485,5534,6626,Draw
338,9191,38,Win Char1
56,1135,1205,Win Char2
5696,4458,3719,Draw
8186,8982,4686,Win Char1
1101,1729,6173,Win Char1
1016,5226,7175,Win Char1
3221,1350,9209,Draw
7618,6054,6365,Win Char1
9410,5918,7296,Win Char1
5228,7255,3461,Win Char1
7609,7865,5800,Win Char1
6797,9040,9819,Draw
7976,496,8382,Draw
8358,3020,4785,Win Char2
2224,6608,5025,Draw
9052,9550,5259,Win Char1
2042,6613,7486,Win Char1
6319,9865,872,Draw
1680,4610,7965,Win Char2
9532,1243,7628,Win Char2
5073,9367,1707,Win Char1
7966,4141,4937,Draw
9261,9893,5111,Draw
216,5035,3849,Win Char2
329,8744,23,Win Char1
5133,9504,3595,Win Char1
1403,593,6253,Win Char1
4972,7585,3350,Win Char2
3809,4103,7932,Win Char2
4402,5921,9055,Draw
2676,5741,250,Win Char2
9905,8719,6888,Win Char1
3280,5988,6463,Draw
5778,3058,1535,Draw
9241,6880,6496,Draw
9591,9960,241,Win Char1
1156,5379,8129,Win Char1
453,1796,6190,Win Char2
6308,3146,5902,Win Char2
6996,3781,505,Draw
7841,6721,6519,Draw
2657,5369,6786,Win Char2
3038,1551,8232,Win Char1
5416,9277,6370,Draw
6607,3673,6102,Win Char1
3725,6605,4272,Win Char1
3844,5143,6296,Win Char2
397,2344,9402,Draw
4370,5063,1082,Draw
850,9107,9693,Draw
4585,5317,4646,Win Char1
5958,5234,8755,Win Char1
3030,1824,8920,Win Char2
9334,9674,2937,Draw
5067,1009,5869,Win Char2
5134,2533,4789,Draw
3567,8134,6656,Draw
5714,9109,63,Win Char1
1480,7880,1948,Win Char2
4589,8169,6090,Win Char2
3247,3484,5940,Draw
8131,9262,5100,Win Char1
8022,8394,6390,Win Char1
7861,2652,5707,Win Char1
2768,2891,6874,Win Char2
3592,3209,4468,Win Char1
3241,2960,7108,Win Char2
9882,7271,8232,Win Char2
7211,9033,4075,Draw
8695,853,1810,Win Char1
4089,7766,5900,Win Char2
4791,2107,2695,Draw
2680,7815,3352,Win Char1
6838,4133,3454,Draw
6798,8999,2018,Win Char1
8248,9882,9910,Win Char2
1026,9973,4276,Draw
1041,4324,3046,Draw
7668,8021,9969,Win Char2
2229,4460,3484,Win Char2
7417,969,8259,Win Char2
6716,3069,1093,Draw
481,5870,1966,Win Char2
8194,5946,419,Win Char2
8606,1944,9655,Draw
4248,5364,7992,Win Char1
3309,9189,8053,Win Char2
2905,950,2015,Win Char1
7478,1603,3056,Win Char1
5369,549,3596,Draw
8257,8776,9220,Draw
194,7100,2210,Win Char1
1392,1198,7494,Win Char1
5928,8082,5926,Win Char1
7917,2070,3696,Win Char1
9222,3529,6391,Win Char2
2006,6529,8498,Draw
5201,7816,7631,Win Char2
7305,8721,6042,Win Char1
4714,7686,2104,Win Char1
7045,3635,3770,Draw
4698,9225,3523,Draw
516,8165,5829,Win Char1
3138,9374,7813,Win Char2
481,6998,807,Draw
6577,3793,8823,Draw
4908,3146,4219,Draw
3635,4018,2911,Win Char1
2208,920,3250,Win Char1
9181,2095,5303,Draw
708,8142,6968,Draw
4957,8764,2035,Win Char2
1853,1730,7633,Draw
5981,9866,1900,Win Char1
2779,6413,9348,Win Char2
1560,1863,4598,Win Char2
1150,1385,2426,Draw
9311,7688,6613,Draw
4867,1403,1702,Draw
111,8979,6071,Draw
7266,498,216,Win Char2
3845,4392,373,Draw
8002,1521,3395,Win Char1
9770,2944,5878,Win Char2
7510,5619,8907,Draw
848,4060,1980,Win Char2
5964,6026,8140,Draw
9778,3930,3122,Win Char1
6940,971,141,Draw
1864,9830,8980,Draw
5273,7372,7296,Win Char2
2599,1665,5911,Win Char1
3410,9916,4446,Draw
6529,83,2957,Draw
9416,9333,1436,Win Char2
5856,4337,2849,Draw
2535,7307,9746,Win Char2
8449,6366,4499,Draw
6497,8644,3377,Win Char2
628,7021,8977,Win Char1
7417,632,2405,Draw
8649,4511,4427,Win Char2
1015,8120,317,Win Char1
4946,8830,1040,Win Char1
5048,4688,1542,Win Char2
7828,5906,9385,Win Char1
5819,7177,4971,Win Char2
5555,8929,5660,Win Char2
3027,5714,657,Win Char2
7486,2335,4255,Win Char1
1869,1513,1980,Draw
2393,8605,9529,Win Char1
2870,1482,8323,Win Char1
6586,8096,8055,Win Char1
1538,5148,6511,Win Char1
6032,4258,9930,Draw
5598,5956,6718,Win Char2
5185,8831,7565,Win Char2
5534,1730,3428,Win Char1
3841,5779,3194,Win Char2
7193,7013,5639,Win Char1
8703,8883,3185,Draw
3553,8845,3749,Draw
8369,8991,4808,Draw
6706,1682,6685,Win Char2
2791,9428,7135,Win Char2
7229,2936,6723,Draw
5694,6918,5750,Win Char2
2534,1807,5635,Win Char2
8156,9525,6316,Win Char1
4778,6453,5256,Draw
4462,602,6373,Win Char2
8168,4890,2243,Draw
4575,2948,6481,Win Char2
883,8793,6427,Draw
4689,7453,4349,Draw
5604,2083,3039,Draw
6284,5337,4614,Win Char2
2933,9927,2033,Win Char1
5672,3651,4367,Win Char2
189,1011,9538,Win Char2
2098,5106,4242,Win Char1
8156,9732,5496,Win Char2
8468,9428,1526,Draw
7757,1236,5255,Win Char2
8564,7583,3296,Win Char2
4078,289,6809,Win Char2
4848,9741,2239,Draw
3346,6618,3383,Win Char2
3026,7312,9899,Draw
4427,5301,535,Win Char2
2690,5484,6576,Win Char1
7328,4252,6434,Draw
6934,3239,2905,Draw
3681,1115,6086,Win Char2
6466,4433,7621,Win Char2
1114,5219,7934,Win Char2
1312,9569,2459,Win Char2
5205,5526,5015,Win Char2
8660,3727,8332,Draw
5096,1563,4111,Win Char2
7742,6959,3373,Win Char1
4173,6077,9763,Draw
2356,4701,4790,Win Char2
651,3203,4321,Win Char1
5902,5745,4495,Win Char1
8678,6461,1715,Win Char2
2098,6344,108,Win Char2
6323,2739,3141,Win Char1
4178,9862,4831,Draw
486,3485,3493,Win Char2
9385,9674,3799,Draw
5771,7308,3655,Win Char1
786,3331,3555,Win Char2
6831,3033,5880,Win Char2
1949,1867,2359,Win Char1
9281,3216,9383,Win Char2
7896,173,9673,Draw
5456,5144,6934,Win Char1
2817,268,1141,Win Char1
2337,3309,196,Draw
8388,7495,8341,Draw
2790,6808,1402,Win Char1
3233,1255,864,Draw
5282,1425,7356,Win Char1
9305,7618,7663,Win Char1
6660,2316,1933,Draw
4605,8887,3064,Win Char2
3697,6054,4506,Win Char1
2830,77,364,Win Char2
3473,7744,1553,Draw
6086,5786,1598,Win Char2
5908,5284,6288,Draw
8938,2583,1726,Draw
8301,6421,804,Draw
5732,3236,1875,Draw
5903,8587,8520,Win Char2
2553,7175,7658,Draw
4914,1964,4863,Win Char1
5201,7521,5703,Draw
1805,6875,7782,Win Char2
3316,5170,799,Draw
7960,3895,3100,Win Char1
4964,7517,2747,Win Char2
5624,9941,8476,Draw
454,685,8561,Win Char1
5323,5527,7173,Win Char1
2253,1092,7717,Win Char2
1700,1343,140,Draw
7274,6358,7028,Draw
4679,9241,1816,Win Char1
1718,5959,4648,Win Char2
8623,6517,3738,Draw
8440,6072,4536,Win Char1
5949,1753,2800,Win Char2
1268,3083,2046,Win Char1
9139,4301,1169,Win Char1
2625,9490,2892,Draw
4953,757,1887,Win Char2
4581,983,5831,Win Char1
9351,6682,9011,Draw
9983,4095,2736,Win Char1
5655,4862,659,Win Char1
2600,7486,6480,Draw
4396,2675,5076,Win Char2
249,1328,7490,Draw
4387,2669,5246,Win Char1
3118,2578,7837,Win Char2
7011,6929,3415,Draw
3411,8801,7991,Draw
1181,941,2444,Win Char2
9948,9232,2744,Draw
5668,7207,6046,Win Char1
2214,383,2488,Draw
6589,2934,2687,Win Char1
8329,3988,9505,Win Char2
4640,1198,6221,Draw
1524,1175,5458,Draw
5670,1267,3800,Draw
5937,3114,5767,Draw
9030,7114,4367,Draw
5962,3205,6708,Win Char1
8874,4240,5908,Draw
3554,6380,2864,Win Char2
1351,5089,5293,Win Char1
5243,9013,7334,Draw
3555,9317,8621,Win Char1
914,9598,3642,Draw
294,8032,2267,Win Char1
2731,9131,6603,Win Char1
631,3973,7180,Win Char1
9785,1586,1082,Win Char2
1197,7108,4271,Win Char2
5178,9554,2891,Win Char1
6143,3887,2395,Win Char2
1604,8930,9125,Win Char2
2798,5248,1121,Draw
3046,4440,5237,Win Char1
7141,4406,1553,Win Char1
8945,321,3558,Win Char2
6833,8308,3675,Draw
8996,2669,5396,Draw
682,1986,807,Win Char2
6485,8043,3327,Win Char2
6205,8659,9583,Win Char1
7267,3670,7098,Draw
7197,8185,4446,Draw
8896,3991,8963,Draw
2188,5158,2357,Win Char1
4850,3004,563,Win Char1
4752,6656,9697,Win Char1
8028,8203,7988,Win Char1
7289,7917,7506,Win Char1
7211,5063,3303,Draw
5027,7130,8092,Win Char1
5710,2635,5442,Draw
5017,287,2637,Win Char1
1696,4699,7781,Win Char1
4222,4434,6465,Draw
7595,4807,7174,Win Char1
3933,7532,9508,Win Char1
10000,2670,3651,Win Char1
1819,997,476,Win Char2
3251,3903,7993,Win Char2
4863,2388,7844,Win Char1
4733,2859,6457,Draw
1163,5255,8630,Draw
3831,1510,4376,Win Char1
489,3458,7074,Win Char2
5934,751,6892,Draw
5064,6718,7006,Win Char2
5611,3301,9997,Win Char1
1150,5030,590,Win Char1
3716,8185,4127,Win Char1
2017,5411,7978,Win Char2
2641,7529,8199,Win Char1
3369,7550,5461,Draw
4488,9328,5332,Draw
4377,1144,3294,Draw
2684,5775,139,Win Char2
3747,7513,9613,Win Char2
9015,779,8825,Win Char2
7952,9438,7156,Win Char1
5583,1570,3395,Draw
6489,2039,3927,Win Char1
6614,7178,7547,Win Char1
2992,3214,3127,Win Char1
220,7664,2505,Win Char1
6949,2610,1772,Win Char1
4488,2793,2978,Draw
9604,1431,1518,Win Char2
6960,3538,5027,Draw
4510,8398,2256,Win Char2
1929,9575,8484,Draw
7481,2778,4785,Draw
7089,1835,4032,Win Char2
3977,1868,7956,Draw
7016,6392,5713,Win Char2
54,5982,2452,Draw
3082,4849,6743,Draw
7658,9204,1183,Draw
3163,3689,6479,Win Char2
4073,3793,5260,Draw
1848,919,2193,Win Char1
3077,1573,7184,Draw
1876,5767,1505,Draw
7796,2650,4074,Draw
2426,298,8632,Draw
7691,2892,4501,Win Char2
3343,7035,2784,Draw
6309,9673,1051,Win Char2
4455,1503,1714,Draw
2580,8247,6658,Win Char2
5237,265,2346,Win Char1
2081,7572,4395,Win Char1
7222,1644,2370,Win Char1
3655,1609,9957,Win Char1
8717,9443,617,Win Char1
5524,4506,9969,Win Char2
6940,788,6247,Win Char1
1077,9423,9337,Draw
7613,3849,5679,Win Char2
2536,946,6680,Win Char1
5254,4524,8007,Win Char2
4980,3140,1302,Win Char2
3535,4947,495,Win Char2
6254,2748,1002,Win Char1
3004,2970,7676,Win Char1
7101,2080,2947,Win Char1
3768,1105,4448,Draw
8311,6053,6214,Win Char2
6353,6351,9746,Win Char1
571,5130,1082,Draw
8104,644,6584,Draw
1980,6749,6526,Win Char1
8072,9350,1352,Win Char2
6586,2420,2072,Draw
5579,8077,2472,Win Char1
9627,5711,3436,Win Char2
9786,8885,1506,Win Char2
1311,4668,6965,Win Char2
5145,5696,5602,Win Char2
461,5717,5365,Win Char1
4225,1857,134,Draw
2844,9621,1231,Draw
9134,3972,6372,Draw
6796,7445,7484,Draw
9988,3456,1294,Win Char1
4768,5111,7353,Win Char1
9881,2754,9421,Draw
5185,767,4093,Win Char2
1501,7136,1701,Win Char1
942,3133,3396,Win Char1
3335,124,4726,Win Char2
835,5027,570,Win Char1
4367,8055,4870,Win Char1
3880,3936,5937,Draw
3617,7244,7603,Win Char2
2149,9241,2944,Win Char2
7134,2307,5559,Win Char1
9887,3319,6886,Win Char2
7382,2383,5210,Draw
2681,5821,4346,Win Char1
30,7019,6461,Win Char2
7597,3067,4173,Win Char1
5116,4119,9387,Draw
168,8453,8808,Win Char2
4232,1703,3881,Draw
1712,6864,8659,Win Char2
6738,751,481,Win Char1
7208,1240,3775,Draw
1528,3810,8486,Win Char2
9753,7204,5403,Win Char1
8715,6888,1244,Win Char2
8062,3882,7070,Win Char2
528,478,2072,Win Char1
4827,5374,4572,Win Char2
4706,8783,9570,Win Char1
1662,1080,5523,Win Char1
4916,4564,7229,Win Char2
2848,2147,8958,Win Char1
1625,8565,3030,Win Char1
6140,3617,3241,Win Char2
3947,2782,8930,Draw
4925,8145,3078,Draw
5242,1687,3188,Win Char2
2421,1676,1954,Win Char2
1686,2783,8508,Win Char1
2179,226,9426,Draw
5048,2237,5050,Draw
2363,7500,1325,Win Char2
6760,4063,3727,Draw
2328,9677,8227,Win Char2
4832,8416,3203,Draw
5282,526,8801,Win Char2
3093,6734,1543,Win Char2
3028,8334,6392,Draw
7281,4253,3018,Draw
9694,6711,4551,Win Char1
6456,5914,3572,Win Char1
3239,2285,8235,Win Char2
4447,8339,7206,Draw
2800,4719,6317,Win Char2
2647,5821,2226,Win Char1
9642,7174,3014,Draw
7494,6253,2998,Win Char2
7548,3675,4719,Win Char1
2701,6111,4914,Draw
1825,984,2328,Win Char2
6325,6338,2204,Win Char1
3801,4670,8550,Win Char1
6330,4664,1060,Win Char1
4245,1939,7948,Win Char2
1460,5722,3391,Win Char1
4193,1181,490,Win Char2
6336,2743,2272,Win Char2
3196,7275,3951,Draw
3480,1969,3491,Win Char1
2441,4357,6517,Draw
4786,7224,5362,Draw
2878,7250,2556,Win Char1
1953,6989,8970,Draw
5821,3235,5941,Win Char1
227,6263,3034,Win Char1
3348,3469,5888,Win Char2
8860,914,4352,Draw
5554,4746,4324,Win Char2
3153,846,7485,Win Char1
1277,2923,8885,Draw
1217,7038,458,Win Char2
8545,212,8138,Draw
5616,5158,996,Win Char2
7179,9730,4012,Win Char2
1597,8897,9338,Draw
1954,6173,5882,Draw
1615,6047,8837,Win Char1
2779,8366,5948,Win Char1
5417,4776,2187,Win Char2
6453,3355,7891,Win Char1
8940,3346,8767,Win Char2
7376,9544,6639,Draw
943,6615,9314,Win Char2
4660,8904,5940,Win Char2
6960,4216,542,Win Char1
7172,8971,294,Draw
5415,5480,6273,Win Char1
9186,9213,6020,Win Char2
8843,110,8610,Win Char2
974,973,1871,Win Char2
4877,7196,924,Draw
4480,5363,3766,Win Char1
1811,3162,3305,Win Char1
8338,4607,6336,Win Char2
3974,813,8019,Win Char2
2775,1301,3583,Win Char1
5541,3990,394,Win Char1
1390,6680,4285,Draw
2704,993,4613,Draw
4325,8214,3752,Win Char1
3590,2954,3717,Win Char2
6446,4029,7331,Win Char1
1386,401,4748,Win Char2
7120,5952,8236,Win Char2
1874,5827,3375,Win Char1
4660,1616,1462,Win Char1
9937,8297,9585,Draw
5163,9314,5576,Draw
1152,6965,9075,Draw
9539,9012,179,Win Char2
5473,8401,1242,Win Char2
2656,7850,5630,Win Char2
8579,7525,2441,Draw
435,5155,201,Win Char1
636,7306,5800,Win Char1
2059,7353,5835,Draw
4390,9748,7563,Win Char2
1346,2104,7772,Win Char2
4813,1990,2312,Win Char1
2036,7335,7247,Win Char2
8395,2245,7141,Win Char1
225,7293,1509,Win Char2
7766,1188,4407,Win Char2
6701,5176,2648,Win Char2
3415,2721,9045,Win Char1
8068,764,7932,Win Char1
7400,1454,8597,Win Char1
9371,4484,8302,Draw
586,255,7561,Win Char2
8452,565,220,Win Char1
127,4927,6492,Win Char2
193,3957,4915,Win Char1
3270,1913,7025,Win Char1
5220,9623,9371,Win Char2
3092,2934,8696,Win Char2
8777,149,6164,Draw
5765,8868,170,Win Char2
9954,2254,1144,Draw
9427,3605,4543,Draw
2797,1963,7992,Draw
5500,6432,7569,Win Char1
9312,4513,6454,Win Char1
3171,2459,8263,Win Char2
4304,2511,6245,Win Char2
2532,9489,9905,Draw
9487,8036,1158,Win Char1
9529,7922,8059,Win Char2
6139,5707,8118,Win Char1
8436,6597,6923,Win Char2
8804,3181,8271,Win Char1
1464,8975,2948,Draw
9563,1862,8317,Win Char2
4682,5284,5243,Win Char2
3076,542,5333,Win Char1
968,2027,6787,Win Char2
2552,1685,2067,Win Char2
7908,1214,3840,Win Char1
1577,7794,6226,Win Char2
9631,5273,2528,Win Char1
5700,9464,9563,Win Char2
5288,1548,1542,Win Char2
8430,6664,2881,Win Char2
3452,5804,7237,Win Char1
6288,8281,2653,Win Char1
9576,1053,6203,Draw
4071,2196,1466,Draw
9825,3086,9174,Draw
4677,8950,7406,Win Char1
4313,159,186,Win Char2
484,8313,837,Win Char2
6479,1978,7294,Win Char2
7685,6753,8626,Draw
3496,9042,8893,Win Char2
7525,9620,3199,Win Char1
7304,6278,8124,Win Char2
5761,1692,5015,Win Char2
440,6848,2005,Win Char2
2451,7343,8932,Draw
3989,7755,2856,Draw
5773,2813,4832,Draw
9181,3051,6079,Draw
4596,2202,5836,Win Char1
551,8278,2764,Draw
303,545,838,Win Char1
9577,7921,9609,Win Char1
7104,9619,5972,Draw
1516,1475,2753,Win Char1
4086,753,9226,Win Char1
7502,7850,6071,Win Char1
7524,1271,4320,Draw
9916,2317,1260,Win Char1
4711,8222,1079,Draw
2911,8334,5961,Win Char2
1313,8258,8893,Win Char2
2057,4473,3551,Win Char1
8674,9055,4844,Draw
7120,4786,6451,Draw
3861,4436,1802,Win Char1
2121,5531,6796,Win Char2
8653,6985,5120,Win Char2
699,2124,8910,Win Char1
6937,331,4832,Draw
8836,1593,1598,Win Char1
1358,3853,4042,Win Char1
1674,5308,7261,Win Char1
4191,3644,2774,Win Char1
8908,5135,5130,Draw
2267,1331,8612,Draw
5627,2293,7221,Win Char1
8835,9177,9613,Win Char1
4319,6479,4277,Win Char1
3286,9720,8396,Win Char2
5605,5446,4923,Win Char1
8916,3606,4889,Draw
7636,5007,2150,Win Char1
362,4720,5024,Draw
6800,9869,6926,Win Char2
2677,662,9476,Draw
9399,9501,7449,Draw
8042,5375,8014,Win Char2
2357,664,471,Win Char2
9143,8891,7714,Draw
5138,5011,6939,Win Char1
288,1768,7431,Win Char1
4317,8063,9163,Win Char2
8306,3045,5085,Win Char2
2341,2346,5183,Win Char2
2691,8130,877,Win Char2
6552,1426,1372,Win Char2
9618,9336,4443,Draw
2867,7145,7074,Draw
318,1648,1843,Win Char1
6066,8874,1301,Win Char2
9012,1009,5525,Win Char2
6608,3379,5139,Win Char1
2072,4238,27,Win Char1
9173,9170,3101,Draw
1696,2948,2351,Win Char2
2616,823,8223,Win Char2
6555,1927,1145,Win Char2
5095,3525,334,Draw
6221,1338,8235,Win Char2
6535,1879,6936,Win Char2
1418,3775,6440,Win Char1
7611,5121,6690,Draw
9188,3093,1585,Draw
8519,7442,3008,Win Char2
6190,2840,7509,Win Char1
4770,7557,9264,Win Char1
5483,4926,644,Win Char2
8878,5797,6451,Win Char1
5617,2175,4559,Win Char1
240,6723,94,Win Char1
5036,1851,6086,Draw
7966,9629,8235,Win Char2
186,9312,8210,Draw
70,2209,2040,Win Char2
6575,8249,9312,Win Char2
3844,9533,2825,Draw
3539,1423,5518,Draw
4756,2435,8550,Draw
1418,9075,9882,Win Char1
2166,5873,6807,Draw
8826,9768,2915,Win Char1
4725,9491,2188,Win Char2
3833,5928,2334,Win Char1
2367,3172,6852,Win Char2
7187,6192,5587,Win Char2
5354,1101,4608,Win Char2
433,1713,5050,Win Char1
9725,14,3545,Draw
1811,1452,866,Draw
8364,9250,6968,Win Char1
8689,3410,1370,Win Char2
6720,4132,7948,Win Char2
6014,285,5457,Draw
3641,5932,2385,Win Char2
2428,9848,6113,Win Char2
545,2632,6256,Draw
3758,181,9547,Draw
6372,7591,4217,Draw
545,8141,6425,Win Char1
7018,3170,465,Win Char1
620,3139,5108,Win Char1
4054,7301,7508,Win Char2
1527,1023,3750,Win Char1
4072,3135,7096,Draw
5957,8118,7048,Win Char1
6186,5460,5194,Draw
739,2756,5881,Win Char2
666,7641,2021,Win Char2
6741,7797,4416,Win Char2
2905,243,8198,Draw
4672,6963,9528,Win Char1
3846,2844,6780,Win Char1
5772,7234,2136,Win Char2
839,7835,8664,Win Char2
3669,8207,1040,Win Char2
7754,6646,9777,Draw
5440,1690,4586,Win Char1
3540,2690,6215,Win Char1
410,6501,1904,Win Char2
9573,6119,873,Win Char1
1573,4385,4988,Draw
5513,8111,1282,Win Char1
6695,62,9135,Win Char2
5036,7579,5629,Win Char2
2269,4494,3366,Win Char1
1629,2069,7249,Draw
4481,2715,3284,Draw
5428,3841,3418,Win Char2
9470,9356,5713,Win Char1
6047,446,6907,Win Char2
2077,6807,2135,Draw
4657,8000,6103,Win Char1
7334,3826,9038,Draw
5699,2584,8533,Draw
8268,5597,8219,Win Char1
6155,9825,5272,Draw
3070,6179,9060,Win Char1
2514,3953,4544,Draw
1404,3197,897,Win Char2
1126,8336,3603,Draw
8858,8149,7487,Win Char2
7621,5432,8905,Win Char1
3709,5658,8713,Win Char2
3441,7405,4717,Win Char1
3455,3597,9846,Draw
5179,9801,4487,Win Char2
7185,9296,839,Win Char2
9141,4423,2436,Win Char2
706,4754,8287,Win Char2
2601,892,8887,Win Char2
6094,8367,5311,Win Char2
3214,9066,4046,Win Char2
78,4181,7678,Draw
3871,951,3219,Draw
1289,9584,215,Draw
9070,2629,7091,Draw
9421,6572,6203,Draw
207,3367,1016,Win Char2
3426,645,6243,Draw
2456,601,5067,Draw
8636,9423,51,Win Char1
7234,5994,7434,Win Char2
4974,43,6963,Win Char2
9876,8235,5445,Draw
9638,8110,1448,Draw
8609,1411,1304,Win Char1
6018,1523,9357,Win Char1
4555,921,7239,Draw
5203,5419,1420,Draw
1520,7354,6743,Win Char2
1752,2326,475,Win Char1
9604,8608,1137,Win Char2
1003,2178,7749,Win Char2
7600,5068,4257,Win Char2
8096,4896,775,Win Char2
4186,3310,9595,Win Char2
1743,3007,3591,Win Char2
7896,6284,9973,Draw
4938,2484,3163,Win Char2
4179,3361,5081,Win Char1
8350,7605,8163,Win Char2
5853,4365,6614,Draw
5249,8592,5872,Win Char2
114,7554,8541,Win Char1
7261,5497,6694,Draw
3220,6555,9729,Win Char2
2358,2197,5080,Win Char1
493,216,3455,Win Char1
7608,5919,137,Win Char1
7975,4171,2631,Win Char2
5971,9163,364,Win Char2
1711,5872,5860,Win Char2
2082,1834,901,Draw
9185,665,9925,Win Char2
834,6478,682,Win Char1
4234,7434,279,Win Char1
10000,3935,3385,Draw
1255,910,9493,Win Char2
657,9599,4262,Win Char1
4479,5600,8038,Win Char2
7498,441,2133,Win Char2
8068,4361,8709,Win Char1
9127,5143,7517,Win Char2
523,9544,1698,Draw
9814,8490,8862,Draw
911,5530,8679,Draw
7171,9801,1695,Win Char2
527,4166,5937,Draw
7453,1518,5359,Draw
1833,3219,8936,Win Char2
5602,4804,3181,Draw
2156,8857,5774,Win Char2
9337,9307,4502,Win Char1
334,2426,5645,Win Char1
5879,4015,8029,Win Char1
1824,6073,3491,Draw
8143,9219,3034,Draw
3959,5297,5853,Win Char2
9313,595,7141,Draw
9282,4016,1113,Win Char2
5286,6191,819,Draw
7615,1015,8789,Draw
9258,661,4510,Win Char2
513,6548,77,Draw
8871,2081,812,Win Char2
7127,2538,639,Draw
8296,5248,540,Win Char1
7774,5861,4055,Draw
6698,432,3876,Win Char1
6750,3726,3686,Win Char2
2740,8999,9835,Draw
6550,4149,590,Win Char1
1286,4126,293,Win Char1
687,7217,8833,Draw
6623,8706,7470,Win Char1
7978,2985,4284,Draw
5969,3560,3180,Draw
2269,5553,8812,Win Char1
3335,4271,6199,Win Char2
3360,7460,8004,Win Char1
7710,6298,9086,Win Char1
4093,4845,4298,Draw
3267,9648,3915,Win Char2
7042,3168,4850,Win Char2
2442,6218,4702,Win Char2
1026,8866,1377,Win Char1
6613,5706,1113,Win Char1
1926,7817,1959,Draw
4763,8818,6542,Draw
932,1926,3425,Win Char1
4392,374,5904,Win Char1
6774,3752,488,Win Char2
3366,3778,5994,Win Char2
4206,9984,6214,Draw
8904,120,2074,Draw
8399,306,677,Draw
5946,360,893,Win Char1
5983,6255,5331,Win Char2
2623,8812,3388,Win Char1
2514,4984,1254,Draw
6346,20,4457,Win Char1
8465,9019,2073,Win Char1
8376,67,742,Win Char2
2378,3663,857,Win Char1
2666,653,3370,Win Char2
9410,9280,8362,Win Char2
3246,8449,3333,Draw
3823,9981,1177,Draw
2843,7480,4490,Win Char1
7380,825,9430,Win Char1
9012,5605,5972,Win Char1
6694,2513,1797,Win Char2
3253,9495,4547,Win Char2
6553,5902,4528,Win Char1
2831,4995,9411,Draw
8146,4545,303,Win Char1
9570,6125,6294,Draw
4229,2035,2963,Draw
6342,3264,8968,Win Char1
7866,5339,479,Win Char2
1058,3205,5214,Win Char2
3929,4286,4175,Draw
8767,5184,1684,Win Char1
1860,4277,6406,Win Char2
2413,6109,6989,Draw
6299,7580,162,Draw
13,8374,9702,Win Char1
8486,6802,9562,Win Char2
7451,5474,9673,Draw
46,6955,6501,Draw
5313,7476,4091,Draw
1654,8577,9759,Draw
8241,9864,2267,Draw
4128,1264,4830,Win Char2
2338,7584,591,Draw
7111,3082,64,Win Char2
8423,4819,5386,Win Char2
8501,6198,875,Win Char2
6463,1135,8415,Win Char1
9579,4562,7280,Win Char1
1040,5713,3940,Draw
6425,5440,3569,Win Char1
6819,6183,8610,Win Char2
1109,9796,8716,Win Char1
2780,560,9503,Win Char2
898,3358,994,Win Char2
2117,4592,9039,Win Char1
9900,4986,2582,Draw
5817,3103,7599,Win Char2
3016,5140,6240,Win Char2
3642,588,191,Win Char2
9609,5091,2560,Win Char2
1131,3094,863,Draw
1795,2304,2129,Win Char2
6794,2201,5039,Draw
940,7603,9328,Win Char2
7510,3556,4353,Win Char1
2749,7886,6080,Draw
771,5290,456,Win Char1
894,7608,3879,Draw
1462,2470,5759,Draw
9056,8982,518,Win Char2
857,8210,3567,Win Char2
5831,8861,5871,Win Char1
8536,8657,12,Draw
7898,6433,3785,Draw
4215,5785,9460,Draw
4134,4040,9148,Win Char1
6096,8229,3389,Win Char2
3499,4967,8644,Draw
5918,8542,176,Win Char1
541,974,4946,Win Char1
9530,5572,662,Win Char2
1653,9393,2556,Win Char1
6225,3374,9315,Win Char1
2163,9932,4235,Win Char1
4948,7225,6562,Win Char1
5388,8011,4927,Win Char1
3457,8794,1881,Win Char1
7248,2946,5933,Draw
3961,1767,7668,Win Char1
4622,8714,2144,Draw
1004,426,8499,Draw
5044,2570,4571,Win Char1
4037,518,9282,Draw
4461,9311,2524,Draw
1009,4729,1497,Draw
4929,3022,1776,Draw
181,2775,4938,Win Char1
9386,9202,3765,Win Char1
8874,2894,8861,Win Char2
6279,1038,2630,Win Char2
7876,816,4963,Draw
7981,4085,1272,Draw
156,928,272,Win Char1
6872,7572,8459,Win Char1
4870,1074,4987,Win Char2
9459,6714,1176,Draw
8761,5682,5899,Win Char2
579,5418,3630,Win Char1
615,2964,4188,Draw
2908,6628,2129,Win Char2
6336,3016,7252,Win Char2
7015,7997,5785,Win Char2
264,4506,8283,Win Char2
5913,3633,5399,Win Char2
5678,9500,8252,Draw
2448,2346,6564,Draw
6694,6836,6990,Win Char1
1689,3591,3708,Win Char1
1344,3237,8662,Draw
5867,9701,1427,Draw
1080,7355,376,Win Char2
4970,8314,9553,Win Char2
3320,8918,1305,Win Char2
3783,8693,9214,Win Char2
4679,3697,1535,Win Char2
8316,5121,4470,Draw
7268,1944,8354,Draw
4382,6566,1933,Win Char2
5623,2743,5410,Draw
4986,4160,2721,Win Char2
1617,7508,2631,Win Char1
430,2161,782,Draw
6468,1884,6890,Draw
4018,7349,5443,Win Char1
2752,1562,9316,Win Char2
6431,1391,3128,Win Char2
3899,5402,6798,Win Char1
2315,1180,8788,Win Char1
3018,8658,8645,Draw
803,6754,5955,Draw
5395,3671,8810,Win Char2
9005,3511,9671,Win Char2
8939,7966,2729,Win Char1
8370,7800,5329,Win Char1
7953,8959,9159,Win Char1
8286,495,9422,Draw
5260,1083,5407,Win Char1
9249,7023,98,Win Char2
9984,885,4010,Draw
7891,3279,8075,Win Char1
2193,7490,4583,Draw
6208,5118,10,Win Char2
9766,8619,7754,Win Char1
1199,1175,4787,Win Char2
7780,9323,9033,Win Char1
3728,1004,5831,Win Char2
3626,6038,8820,Draw
6670,824,4130,Draw
2016,1950,3708,Win Char2
6362,9889,318,Draw
9828,341,6029,Win Char1
8481,9879,2048,Win Char1
9446,3037,5616,Draw
4386,3743,1737,Win Char1
5540,7476,708,Win Char1
6922,1365,7847,Win Char1
8243,1399,3373,Draw
9310,8208,4188,Win Char2
7974,8244,6834,Draw
9580,2211,6101,Draw
5135,9394,8254,Win Char2
8863,6209,1375,Win Char2
7363,5120,5678,Win Char1
651,8746,6976,Win Char2
9036,8236,838,Draw
3537,1673,8250,Win Char1
9523,228,7301,Draw
990,2650,1258,Win Char1
338,3023,2040,Win Char2
5643,6439,4356,Draw
869,3156,4664,Win Char1
1028,9910,8616,Draw
9177,7760,9352,Draw
1027,8176,1985,Win Char2
9281,6185,1362,Win Char1
2956,4697,612,Win Char1
2413,3092,5279,Win Char2
1907,4855,7799,Win Char1
7365,6641,65,Draw
9083,3356,8389,Win Char2
8134,4871,637,Win Char2
7722,6832,2948,Win Char2
454,9931,7682,Win Char1
7829,8738,9894,Draw
8860,1617,1619,Win Char1
675,1346,1930,Draw
8913,4675,985,Win Char1
842,9903,3877,Win Char1
2507,9350,9968,Win Char1
7207,554,5164,Draw
3899,1585,4982,Draw
2524,9757,9110,Win Char2
699,4303,1126,Draw
2143,9820,1833,Win Char2
9347,9813,1038,Draw
3748,2797,6226,Draw
8504,1628,5881,Win Char1
6728,6424,2643,Win Char1
7305,8869,1200,Win Char1
6763,8295,2901,Win Char2
2411,7244,4806,Win Char2
7328,5983,1199,Draw
5205,1487,5540,Draw
620,3473,4519,Draw
4543,4127,6570,Win Char1
5634,7187,418,Draw
9924,1031,7700,Win Char1
7573,3030,6376,Win Char1
6794,4403,9441,Win Char1
2103,4316,1204,Draw
8965,5042,9647,Win Char1
6222,2631,3733,Win Char2
3100,6152,7427,Draw
8838,9589,5676,Win Char1
3571,4656,4958,Win Char2
7178,6503,1110,Win Char1
335,5581,3385,Win Char2
9242,6903,8704,Win Char2
2439,3601,6124,Win Char2
3673,8610,1837,Win Char2
1577,5895,1941,Win Char2
2143,447,9260,Draw
8357,9905,1386,Win Char1
7257,3887,1340,Win Char2
5661,2424,9439,Draw
2658,5720,5501,Win Char1
868,4803,2076,Win Char2
2908,2085,4240,Win Char2
6295,1593,3377,Win Char1
7215,5646,1096,Win Char1
2152,4308,1750,Draw
1370,4527,4938,Win Char2
44,172,3631,Win Char1
9395,4386,8293,Win Char1
3282,7580,3458,Draw
992,9250,6773,Win Char2
5424,243,1098,Draw
6329,6947,23,Win Char1
7691,4134,1804,Win Char2
6386,916,6300,Win Char2
8386,2275,889,Win Char2
1172,1095,8641,Draw
5593,554,597,Win Char2
5941,7877,1329,Draw
7370,937,3122,Draw
4109,2726,602,Win Char1
1490,4734,1467,Win Char1
236,7428,20,Win Char1
5396,1545,1062,Win Char2
7781,4218,9936,Win Char1
7181,9037,5670,Draw
5485,4434,9287,Win Char1
9077,2952,4042,Win Char1
9776,9627,5974,Win Char1
4867,7948,797,Win Char1
589,2819,2168,Draw
386,5593,5318,Draw
1518,5863,2821,Win Char2
991,6501,1292,Win Char2
6342,3847,5670,Win Char2
9612,4341,6867,Draw
1308,3044,5338,Draw
7777,8476,6218,Draw
4811,1032,5282,Draw
7475,7381,286,Win Char1
3504,6197,9113,Win Char2
5286,3599,3913,Win Char1
4452,1973,4211,Win Char2
5284,1872,6641,Win Char2
2787,6529,8111,Draw
5631,7097,1662,Win Char1
5344,4255,6451,Win Char2
6562,1194,5432,Draw
5816,3198,2389,Win Char1
5388,7157,1401,Win Char1
4460,7145,1057,Win Char1
5855,7056,3994,Win Char2
2528,9810,1744,Win Char1
5163,6553,1392,Win Char1
1572,920,8025,Win Char1
8208,6053,9251,Win Char1
128,8863,3986,Draw
7767,9036,675,Draw
2108,7421,5867,Draw
6735,6489,3677,Win Char1
4458,9616,3242,Draw
8404,1707,3924,Draw
517,1772,7878,Draw
5154,3540,4250,Draw
1551,3761,528,Win Char2
2523,2383,2627,Draw
6607,3692,5847,Draw
3835,3305,7087,Win Char2
4538,1976,8579,Draw
4278,343,5918,Win Char1
8052,1377,8809,Win Char1
6834,372,2820,Win Char1
9885,6820,3026,Draw
9396,2646,9156,Win Char2
6530,1379,7439,Draw
1988,5374,8913,Draw
6115,8925,3569,Win Char1
7951,5625,9845,Win Char1
9094,5445,4106,Win Char2
1324,2270,2027,Win Char1
3951,2654,1989,Win Char1
917,9724,3660,Win Char1
4608,1791,7480,Win Char2
4883,5494,1636,Draw
9338,9435,442,Win Char2
9754,962,9921,Win Char1
6849,5870,8247,Draw
8718,7250,9680,Win Char2
9515,3835,8808,Win Char2
3082,5391,9342,Win Char1
5642,1585,1017,Win Char2
275,8782,6931,Win Char1
8450,9086,6735,Draw
4436,6673,2626,Draw
6616,3243,108,Draw
1377,1133,7192,Draw
524,5986,7268,Win Char1
2548,8288,7049,Win Char1
5071,9621,6490,Win Char2
8940,3112,729,Win Char1
6666,1731,6429,Win Char2
5326,5381,2023,Win Char2
6418,6441,5300,Draw
740,4290,7676,Win Char1
8311,4586,1427,Win Char2
1697,4339,6837,Draw
5779,5046,9942,Draw
222,2502,3588,Win Char2
1263,2378,5069,Win Char2
5558,6780,445,Draw
6780,7314,4055,Win Char1
6889,2458,9536,Draw
9097,4300,2968,Win Char2
5790,2058,8853,Win Char1
1274,7271,6319,Win Char1
6291,8887,5178,Draw
6922,7394,8553,Win Char2
9113,9348,3418,Draw
4955,4039,9089,Win Char2
979,8159,717,Win Char1
9977,7271,5049,Win Char2
5657,3366,8665,Draw
8022,6033,3343,Win Char1
4214,9900,1294,Win Char2
4130,2677,4264,Win Char2
2370,4392,2468,Win Char1
722,3978,3515,Win Char1
2551,1443,1775,Win Char1
6811,5102,3958,Win Char2
1998,6623,5719,Win Char2
205,6988,5727,Draw
7690,7810,3693,Draw
7407,5169,9884,Win Char2
1394,6507,3931,Win Char1
3737,5162,384,Win Char2
3458,974,6949,Win Char1
2378,2440,915,Win Char2
1067,9581,7346,Win Char1
9242,6586,4648,Draw
5172,19,9961,Win Char2
489,2391,8079,Win Char1
7789,2856,9454,Win Char2
7484,5205,3079,Win Char2
6923,7135,3852,Win Char2
6380,2603,1718,Draw
3337,2279,9599,Win Char1
4035,7388,6567,Draw
7830,7320,5482,Draw
5138,6209,3760,Win Char1
6788,8606,7810,Win Char1
9078,4930,1177,Draw
7295,9896,50,Win Char1
331,1261,2890,Win Char1
8288,4505,1323,Win Char2
7463,338,5105,Win Char1
6350,5169,657,Win Char1
4980,4488,2367,Win Char1
4786,4935,7191,Draw
9145,6815,5240,Draw
6108,6174,8573,Win Char2
8972,9239,9060,Draw
3010,3887,3270,Win Char2
4459,8214,9693,Draw
350,7330,9158,Win Char2
2825,2592,9289,Win Char2
6556,5877,5828,Win Char1
4270,5214,9304,Win Char1
9943,429,1108,Draw
7805,8179,3038,Draw
4436,1968,2877,Draw
7739,1590,1194,Win Char2
5385,1788,8958,Draw
4728,3010,4348,Draw
8857,998,4649,Win Char2
4517,5488,1007,Draw
1195,5965,5116,Draw
9798,827,441,Draw
5916,8511,480,Draw
3469,9624,7493,Win Char1
783,2319,6008,Win Char1
9257,122,4221,Win Char2
8387,4068,6302,Draw
4387,434,891,Win Char1
8016,2665,9759,Win Char1
3093,9034,2132,Win Char2
3323,695,7666,Win Char2
3294,1238,8916,Draw
3588,2861,9555,Draw
4626,8893,5212,Draw
3607,8997,5955,Win Char1
573,227,3318,Win Char1
7404,8832,546,Win Char2
85,9427,3650,Draw
6378,395,7754,Win Char2
9524,4868,4217,Win Char1
6669,6538,7880,Draw
8750,6434,6636,Draw
4984,8316,7825,Win Char1
6573,8928,5405,Win Char1
6167,5106,7051,Win Char2
4158,3593,5300,Win Char2
1778,8250,5011,Win Char2
3400,6850,7089,Draw
9928,4724,8447,Draw
6843,349,9450,Draw
6391,7525,5161,Draw
5110,2184,5869,Win Char2
1886,4184,8913,Draw
6234,7734,2073,Win Char1
9083,6907,116,Win Char1
3073,5519,7751,Draw
9036,1099,2686,Win Char2
7603,6751,7609,Win Char2
545,8400,8246,Draw
5113,8801,8790,Win Char2
5971,119,8562,Win Char1
6018,4823,4364,Draw
2028,6833,3891,Draw
6549,8672,7132,Draw
5158,4212,9026,Win Char2
9866,7676,3864,Win Char2
160,7204,2618,Win Char2
6868,4671,3676,Win Char2
3952,5308,7380,Win Char2
1484,2304,5840,Win Char1
7279,1491,7453,Win Char1
9892,5879,6889,Draw
393,2878,953,Win Char2
7733,5601,9497,Draw
2096,5247,887,Draw
7592,2975,2973,Draw
1182,9752,2780,Win Char2
1875,2717,5029,Draw
5300,3547,5500,Win Char1
6585,8643,3422,Draw
685,2988,9104,Win Char1
9820,4925,4602,Win Char1
3087,6390,8771,Win Char1
3897,5135,7400,Draw
4974,3004,7503,Win Char2
4459,8487,2001,Draw
3800,568,4381,Draw
4742,8715,183,Draw
3929,6071,7121,Win Char1
3533,3081,532,Win Char2
2593,98,9615,Win Char1
1303,1110,5957,Win Char1
5085,7555,3031,Win Char2
838,7424,4309,Win Char1
9385,9284,2244,Draw
5393,877,2738,Win Char2
4509,7739,8972,Win Char2
4844,122,8452,Win Char1
8781,4151,5570,Win Char1
1146,8050,3981,Win Char2
9282,2129,2174,Win Char1
7501,6994,9870,Win Char2
124,8307,3007,Win Char1
9341,7866,9881,Win Char1
19,8566,4865,Draw
7590,7236,4529,Win Char1
6994,5954,3337,Draw
4365,3969,2785,Draw
6818,7542,4163,Win Char2
4228,2701,6863,Win Char1
9468,8084,6003,Draw
3490,7265,9256,Draw
9474,3790,8694,Win Char1
4567,927,5322,Win Char2
9825,9507,3838,Win Char2
7808,2557,3842,Win Char2
5131,5044,4850,Draw
1326,6343,6786,Win Char2
2404,9585,3536,Win Char1
3708,9726,6048,Draw
722,9913,2519,Draw
911,9381,6779,Win Char1
5475,7534,6319,Win Char2
3201,6348,6528,Draw
9220,2646,9606,Win Char2
4457,2454,2373,Win Char1
8135,2559,9550,Win Char2
8409,8669,4351,Win Char1
6633,2512,9734,Win Char1
3014,8510,7153,Win Char2
4593,2254,8357,Draw
99,7147,5069,Win Char1
4361,4197,2464,Win Char1
7168,1999,7417,Win Char1
592,6910,1839,Win Char1
7387,4183,31,Win Char1
8563,6418,3099,Draw
4145,9093,3415,Draw
4654,112,3887,Win Char1
5012,6467,9570,Draw
6283,3878,8047,Win Char1
7716,5314,3913,Win Char2
3785,4848,831,Win Char2
8811,6128,3170,Win Char1
2096,4269,3900,Draw
3293,9060,3104,Win Char2
818,1601,7857,Win Char1
7931,1327,4491,Win Char1
109,8917,4573,Win Char1
1069,1653,5233,Draw
1042,5411,5355,Draw
9854,9382,1502,Win Char1
824,1053,3771,Win Char2
4229,7290,6415,Win Char1
1996,6558,4757,Win Char2
5050,8470,4102,Win Char2
2271,4855,4949,Draw
890,2932,4564,Win Char1
9606,4329,5938,Win Char2
5319,7776,5161,Win Char2
7383,3322,1531,Draw
4824,5665,9918,Win Char1
3568,6917,5969,Win Char2
1886,5827,3482,Win Char2
9544,4950,8395,Draw
5794,2991,176,Draw
501,2381,661,Win Char2
6135,2371,8938,Draw
8347,2418,1977,Win Char1
6700,2157,9356,Win Char2
7526,5724,3426,Draw
9875,4246,7408,Win Char1
6560,549,7503,Win Char1
5933,9138,7552,Win Char1
7410,9383,7143,Win Char2
3314,5780,6689,Win Char2
9251,3059,8717,Win Char1
3955,7674,446,Draw
9484,2983,8951,Draw
8624,6475,7347,Draw
927,9552,5183,Draw
5451,3045,5148,Draw
794,9842,203,Win Char1
9551,7340,7457,Win Char2
4252,3616,4235,Draw
8569,9750,7885,Draw
3623,6524,9355,Win Char1
7669,3323,6493,Win Char1
8692,7187,840,Draw
234,7671,9109,Win Char1
7735,2635,5653,Draw
465,1177,3393,Draw
6500,8394,1888,Win Char1
598,2490,7262,Win Char2
6866,8644,7086,Draw
1144,3765,4029,Draw
340,3063,6125,Draw
5479,1675,6246,Win Char1
3487,978,8964,Win Char1
7267,7345,4033,Win Char1
1515,545,1279,Win Char2
6533,6866,6917,Win Char2
6331,6676,6330,Win Char1
6959,280,919,Draw
9939,1138,7099,Draw
9569,4947,73,Win Char2
9440,7942,4442,Win Char2
9140,3095,9952,Win Char2
3979,8700,3844,Win Char1
9854,6456,7663,Win Char2
1984,3928,1039,Win Char2
8843,3067,1856,Win Char1
8005,7100,8887,Win Char1
3650,9821,9625,Win Char2
6866,1815,493,Draw
4500,2190,8661,Draw
535,7822,8322,Win Char2
2308,4617,6624,Draw
9769,9902,5184,Win Char1
6122,9953,8738,Draw
4010,4934,1794,Draw
3808,6233,7224,Win Char2
7544,8738,6538,Draw
756,5481,8067,Win Char1
939,6306,942,Win Char1
7856,8354,9327,Win Char2
1954,8424,9440,Draw
4900,2898,3038,Win Char2
7619,6312,1811,Draw
4511,7071,8141,Draw
2068,6338,6734,Draw
5128,4122,5183,Win Char1
641,3244,4570,Win Char1
4065,1525,7002,Win Char1
1029,6031,4107,Win Char2
2824,9292,7921,Draw
329,5040,9355,Win Char1
210,2486,8766,Win Char2
2214,7110,2166,Win Char2
9459,4711,471,Win Char1
6110,5196,7347,Win Char2
5336,5234,3997,Draw
3241,2348,8829,Draw
6429,2519,2541,Win Char2
4940,3904,2950,Win Char1
1979,7001,7526,Win Char1
7108,3352,4054,Draw
2717,5614,6966,Win Char2
3888,2536,3684,Win Char1
4015,8918,95,Win Char1
1817,6504,6006,Win Char2
6673,3575,3815,Win Char2
9244,6455,9500,Win Char1
4458,6400,9467,Win Char1
1696,8206,2133,Draw
1500,2547,2868,Win Char1
8095,6327,7243,Win Char2
4356,2221,556,Win Char1
9412,6656,6691,Win Char1
2693,5824,8004,Draw
4006,5711,6594,Win Char1
6686,3395,5697,Win Char1
1323,5129,3575,Draw
1327,9683,4410,Draw
8621,6953,1911,Win Char2
7864,4663,6949,Win Char2
9016,9350,3337,Win Char1
5095,6460,8388,Draw
5759,8438,329,Win Char1
9239,4045,8534,Draw
2560,2413,4850,Win Char2
5415,1876,1190,Win Char1
1648,9280,7291,Draw
7833,2156,2462,Win Char1
5909,7771,187,Win Char2
5701,7866,7415,Win Char1
4771,5329,7576,Win Char2
6893,5343,7875,Win Char1
5376,791,2673,Win Char2
4327,9511,4812,Win Char1
4209,3744,564,Win Char2
4795,5789,3571,Draw
7408,6185,2344,Win Char2
336,4546,949,Draw
1905,441,7539,Draw
7336,852,3069,Win Char1
9956,4760,5798,Win Char2
1306,5946,9770,Win Char1
4559,5886,7417,Win Char1
8525,2973,2859,Draw
3669,6626,4694,Win Char1
4356,202,571,Win Char1
5182,6305,9955,Win Char2
1519,3780,1099,Win Char2
5267,3041,3402,Win Char2
8868,3895,5682,Win Char2
3808,7139,2759,Draw
5933,1078,2927,Draw
5992,6517,1541,Win Char2
9937,7814,1511,Win Char1
2093,5873,7435,Win Char1
6209,4243,642,Draw
9708,4552,8370,Win Char2
8315,4762,4938,Draw
4248,5837,6441,Win Char1
5752,4556,8254,Win Char2
5657,1176,6319,Draw
8430,5719,7785,Win Char2
9794,9330,9790,Draw
311,147,765,Draw
8256,872,8414,Win Char2
7834,6424,5426,Win Char1
2367,1983,8675,Win Char1
9777,8249,3088,Draw
4205,4873,8381,Win Char1
7973,547,5442,Win Char2
9012,5156,9111,Draw
6069,7557,665,Win Char2
4427,4797,610,Draw
1627,2716,4004,Draw
4543,5335,8474,Win Char2
2589,7647,5353,Win Char1
2744,8698,4691,Win Char2
7976,4294,9526,Win Char1
7429,2360,9809,Win Char1
8583,4019,417,Win Char1
8531,131,7239,Win Char2
4122,293,7261,Win Char1
517,7819,7148,Draw
9337,5337,2306,Draw
7862,4341,8641,Win Char2
3602,4537,1490,Draw
7410,4729,1242,Win Char1
4126,6364,508,Draw
4971,3358,5405,Win Char2
693,1715,6689,Win Char1
8566,2882,181,Win Char1
1595,469,211,Win Char2
9355,5141,5994,Win Char2
8960,3713,1941,Draw
1318,5790,9242,Win Char2
4481,6978,6376,Win Char1
5920,8191,1762,Win Char2
7246,9758,1846,Win Char2
3716,1202,5188,Draw
7641,3868,6572,Win Char2
5286,1621,2150,Win Char1
8692,6853,8624,Win Char2
5559,5731,7744,Win Char1
9551,8120,265,Draw
3401,7740,7768,Win Char2
2260,9607,3913,Win Char2
5447,603,8953,Win Char1
2921,5833,1884,Win Char1
4140,6652,9268,Draw
2344,7242,8780,Win Char1
6015,3406,4550,Draw
2961,2559,3885,Win Char2
1128,3439,4935,Draw
1951,9696,6160,Win Char1
8418,3348,4729,Win Char1
4533,2202,3876,Win Char2
4053,2562,8737,Draw
9876,2659,98,Win Char2
4978,9086,5386,Win Char2
9583,3312,3105,Win Char1
3913,2362,3522,Draw
7248,3352,6508,Win Char2
7554,7123,4468,Draw
4160,5710,1716,Win Char2
4980,2211,990,Draw
7891,461,6734,Draw
3574,9954,8329,Draw
4593,214,4088,Win Char2
8795,4673,7611,Win Char1
133,4044,2554,Draw
2487,42,7134,Draw
2747,5042,597,Win Char2
2589,4545,8267,Win Char2
595,663,489,Draw
5469,29,7447,Win Char1
5229,2153,3288,Win Char2
6246,6095,5807,Win Char2
7388,9196,8180,Win Char2
7419,1740,6830,Win Char1
3202,6625,7070,Draw
4781,4093,6796,Win Char2
5678,471,75,Draw
8687,5524,8298,Win Char2
2902,2647,2344,Win Char1
5372,5193,3666,Win Char2
27,2774,1337,Draw
9288,9608,6662,Draw
1668,3510,9934,Win Char2
4793,7545,1483,Win Char2
5361,655,1534,Win Char2
5797,9090,5690,Draw
3118,4647,8498,Win Char2
8933,6937,9541,Win Char1
6341,351,8181,Win Char2
1163,9443,5044,Win Char2
9941,8373,5116,Win Char1
4965,1294,2166,Draw
9955,2033,5034,Draw
3580,3819,5408,Win Char1
7768,2806,8779,Draw
7429,2914,3407,Win Char2
8476,2404,6599,Draw
42,5793,7274,Win Char1
5533,4439,3969,Win Char1
9786,9349,8629,Win Char2
3990,8207,9688,Win Char1
591,3303,9907,Draw
4779,684,5542,Draw
3007,7596,2047,Win Char1
6641,1630,8045,Draw
6075,8520,1650,Win Char2
7526,9483,6953,Draw
5279,9870,1949,Draw
5969,8147,2953,Draw
8608,8247,5831,Draw
3625,7533,1466,Draw
7566,3644,1131,Draw
8770,2234,6623,Draw
9411,5614,5532,Win Char1
6396,9495,9421,Win Char1
3435,5660,230,Win Char1
5700,4152,5122,Draw
4723,7470,2227,Win Char1
9311,8661,1442,Draw
3688,925,9498,Win Char2
9831,2985,1666,Draw
2789,9899,3953,Win Char1
4723,6866,7323,Draw
4746,9038,8069,Draw
5598,8513,4693,Win Char2
6735,3009,7351,Win Char1
760,9879,1984,Win Char2
9190,1860,8248,Draw
6199,159,7910,Win Char1
9280,4378,3970,Win Char2
8625,6678,9729,Win Char2
1984,4817,5924,Win Char2
854,3154,2887,Win Char1
8690,8440,507,Win Char2
7496,6579,3852,Win Char2
4456,8085,2946,Win Char2
9773,9294,4551,Win Char1
2401,2483,6932,Win Char1
7774,3486,4409,Win Char2
4257,6015,3580,Draw
6997,7551,9557,Win Char2
1540,4247,6074,Win Char1
9788,1860,3911,Win Char2
4370,5717,1707,Win Char2
7802,7198,5722,Draw
3799,9930,7681,Draw
9891,9063,344,Draw
1184,7299,8548,Win Char1
6499,1726,8768,Draw
409,2415,5001,Win Char2
3121,3113,1699,Draw
6058,8292,1126,Win Char1
4705,5715,6322,Win Char1
6874,8925,475,Win Char1
3066,2432,3614,Win Char2
5136,2058,8092,Win Char2
8309,9881,3695,Win Char2
5821,4876,4,Win Char2
2087,8478,8405,Win Char1
8053,757,3134,Win Char2
5199,6860,4831,Win Char1
5539,8718,8903,Draw
4644,1761,3178,Win Char2
4523,597,9038,Draw
5381,8340,5839,Draw
43,4324,5134,Win Char2
8388,1211,5904,Draw
6164,9934,1056,Win Char2
4771,9935,3946,Win Char1
8456,3950,7875,Win Char1
5099,218,6766,Win Char2
3942,8257,817,Win Char2
4977,5314,8810,Win Char1
8076,1990,41,Win Char1
4914,8456,6014,Draw
6909,981,5300,Draw
7180,2036,5402,Win Char2
8108,6509,7410,Draw
7989,9207,5019,Draw
4400,7551,5681,Draw
5873,5209,9430,Draw
531,8166,446,Win Char1
6412,2291,3670,Win Char2
9726,4756,1619,Draw
1388,673,2871,Win Char2
9237,1760,89,Win Char1
9593,8650,6850,Win Char2
9368,8447,1956,Win Char1
7851,4072,7279,Win Char1
8880,9636,8887,Win Char1
4661,4191,5133,Win Char2
1530,7790,9544,Win Char1
7181,8792,4590,Win Char1
412,5904,1751,Draw
492,6556,4178,Draw
3342,7386,6409,Win Char2
531,5772,6060,Win Char2
3082,2547,1526,Draw
7308,3423,1278,Win Char2
2193,9133,404,Draw
4261,9332,2810,Win Char1
1509,8579,3784,Draw
5507,980,916,Win Char1
9197,6858,7203,Draw
8625,477,1063,Win Char1
7890,6735,7527,Win Char1
7143,3760,5883,Draw
7893,4797,6554,Draw
7988,1850,3230,Win Char1
6607,1729,3382,Win Char1
5060,9804,9835,Win Char1
1152,9009,2268,Win Char1
8170,301,9152,Win Char2
3315,7773,1502,Win Char1
9834,2598,1747,Win Char2
8638,8679,9817,Win Char2
3350,1974,5689,Draw
5286,3574,4706,Win Char2
1451,8929,27,Draw
8187,3931,7590,Win Char2
688,5783,362,Win Char1
7614,5596,8330,Win Char2
6700,6119,4911,Draw
1443,7751,201,Win Char1
7809,8659,8241,Win Char2
2200,5029,796,Win Char1
7784,4870,9246,Win Char2
8098,8783,2158,Win Char2
2161,3112,7085,Draw
691,7093,1212,Draw
4485,2421,171,Win Char2
5251,5724,6589,Draw
7697,6558,8345,Draw
5545,4193,532,Win Char1
5027,4899,36,Win Char2
200,6905,472,Draw
3188,5483,7489,Win Char2
3747,1152,4724,Win Char1
9830,1514,3356,Win Char1
1917,1670,1091,Draw
5032,543,9947,Win Char2
7925,2639,9543,Win Char1
8555,6862,9583,Draw
4700,1611,1098,Win Char1
2121,4711,9204,Win Char1
1044,7030,4480,Win Char1
7422,6060,8400,Draw
7909,1566,2087,Draw
4129,2512,2264,Win Char2
9712,2583,6368,Draw
6434,9400,9917,Win Char2
4144,3692,4979,Win Char1
3025,7316,7365,Win Char2
522,9621,58,Draw
1244,8322,5563,Win Char2
9305,596,945,Win Char1
642,6733,6251,Win Char2
4079,9054,69,Draw
2585,9237,1610,Win Char1
7535,4017,4366,Win Char1
9967,1547,4773,Win Char1
6511,8773,5215,Draw
8979,6520,426,Draw
2401,2724,9211,Draw
885,2228,9934,Win Char2
8258,8581,9662,Draw
8529,9824,5740,Draw
6164,1496,411,Win Char1
5854,4878,3303,Win Char2
1016,9143,2568,Draw
7737,3512,1203,Draw
7618,7240,3815,Win Char2
3078,7871,5000,Win Char2
8439,174,6537,Win Char2
6486,6018,8335,Win Char2
6874,1196,5722,Draw
8541,6855,7469,Win Char1
6451,409,3195,Win Char1
420,3055,9999,Draw
8345,609,9238,Win Char1
8256,6417,2828,Win Char2
8946,4562,305,Win Char2
9336,3759,6267,Draw
618,7620,7385,Draw
1097,9737,4795,Win Char2
8222,5412,5512,Win Char2
2554,3111,6223,Draw
1479,9976,8495,Win Char1
9516,6358,9935,Draw
415,4304,8048,Draw
8450,9643,539,Win Char2
3043,9138,9657,Draw
5323,7817,595,Win Char2
8564,3415,3666,Draw
8784,6085,1566,Win Char1
4302,1272,4921,Draw
9487,2678,838,Win Char2
6290,3700,3800,Draw
1485,8022,9551,Win Char1
6360,6458,2234,Win Char2
6649,1257,7818,Win Char2
7935,5282,5624,Draw
2584,6121,2242,Draw
4660,8038,8296,Draw
8709,8163,6298,Win Char1
9849,1458,8033,Draw
3102,7389,3088,Win Char1
5508,4800,8354,Win Char1
624,658,5690,Win Char1
8658,5373,4562,Win Char2
5011,2252,7489,Win Char2
9187,4038,2746,Draw
1305,929,9895,Win Char2
2966,1408,880,Draw
5023,9118,5966,Draw
9519,8902,6698,Draw
8469,5613,4562,Win Char1
3735,5204,6780,Win Char2
127,9402,3223,Win Char1
847,5020,4366,Win Char2
4933,5532,4394,Win Char2
529,3306,5584,Win Char1
8502,8112,9198,Draw
238,8755,3603,Win Char2
7502,3041,8501,Draw
1093,1296,4159,Win Char2
442,8998,8368,Draw
4630,2742,7543,Draw
3495,343,6387,Win Char2
1872,6114,8023,Win Char1
9603,8851,2293,Win Char1
1826,3977,7622,Win Char1
6229,610,8991,Win Char1
9274,4381,735,Win Char2
9019,7740,3590,Win Char1
1095,1190,5122,Draw
8582,165,3155,Win Char1
1304,5275,5719,Win Char1
1102,2079,9309,Win Char2
1406,3499,6668,Draw
3477,8681,4741,Win Char1
9512,6681,8400,Win Char2
8613,6801,1089,Draw
5109,355,6989,Draw
5925,1390,6173,Win Char2
9712,5123,4531,Win Char1
6760,1879,7445,Win Char1
9392,4756,9326,Draw
7118,5188,8228,Draw
5758,1082,2271,Win Char2
4192,5841,3894,Win Char2
9351,8209,4174,Win Char1
3921,1272,8026,Draw
8184,4513,3946,Win Char2
700,684,3547,Win Char2
804,238,9839,Draw
63,3865,256,Win Char2
6733,2373,7915,Win Char1
661,3572,4818,Win Char2
4063,5504,5436,Win Char1
6045,7207,5971,Draw
5188,2945,7539,Win Char2
3584,6880,9888,Draw
8911,4570,1702,Win Char2
5042,7733,4637,Draw
3810,8489,8616,Win Char1
6442,8058,3204,Win Char1
5614,3572,6018,Win Char1
6742,2662,8893,Win Char2
8212,5556,2811,Draw
5830,8419,8436,Draw
4662,2935,815,Draw
9550,698,1101,Draw
9686,9734,4033,Draw
8439,2905,1047,Win Char1
2040,7766,6548,Win Char1
690,2894,6735,Win Char1
7963,8069,9952,Win Char1
3309,233,2243,Win Char2
2447,9781,4031,Win Char2
4966,5460,8143,Win Char2
9774,6911,4040,Win Char1
3475,1233,4549,Draw
8689,5288,2565,Win Char2
9191,3278,760,Win Char1
5811,3042,6389,Win Char2
6323,2343,2968,Win Char1
7925,7148,1422,Win Char1
4791,6637,4073,Draw
6319,3300,8299,Win Char1
700,8300,2861,Win Char1
227,283,5410,Draw
7891,4357,959,Draw
1068,8137,8173,Draw
1196,2444,2328,Win Char2
3433,8972,7923,Draw
5660,7840,7727,Win Char2
5997,9281,6354,Draw
9252,7134,585,Draw
5897,7878,6840,Draw
814,1937,9504,Win Char2
5725,291,6008,Win Char1
7960,3108,193,Win Char1
9749,3098,9574,Win Char2
4057,7181,4772,Win Char2
5574,2230,8664,Win Char1
8076,619,9235,Win Char2
5312,793,2123,Draw
6536,1262,9408,Draw
1140,4609,5672,Win Char1
2655,2939,1036,Win Char2
4405,2878,6319,Win Char2
5873,7168,3338,Draw
4212,140,7232,Win Char1
7357,9855,8648,Win Char2
5225,2199,9474,Draw
914,8443,4959,Draw
4009,9105,1833,Draw
4855,1563,1076,Draw
6504,555,80,Win Char1
2475,3953,3054,Win Char2
7384,5080,4489,Win Char1
2399,3356,7654,Draw
1844,3107,956,Win Char1
5222,4720,1856,Win Char1
2974,6257,1702,Draw
3841,4449,2507,Draw
5797,6681,5375,Draw
3447,4597,4221,Win Char1
6663,8778,4958,Win Char1
7420,3315,7369,Draw
1009,1728,6427,Win Char2
1853,2750,7970,Win Char1
6505,2640,3378,Win Char1
1876,9607,1023,Win Char2
642,4610,5325,Draw
9574,7486,7311,Win Char2
6133,4065,3248,Win Char1
9337,6729,9325,Win Char2
8940,9902,5723,Win Char2
5533,7019,2042,Win Char1
3492,437,118,Draw
1222,2313,7457,Draw
9050,6817,6752,Win Char2
9217,7408,5604,Draw
2390,5259,7100,Win Char1
7428,5213,8325,Draw
7498,4329,9756,Win Char2
4716,3050,3074,Draw
4027,9,5469,Win Char2
6020,4994,1353,Win Char2
6817,8085,6688,Win Char1
363,6001,7756,Draw
7783,9740,8069,Win Char2
6186,6566,8781,Draw
5496,3463,7341,Win Char1
1789,6840,8782,Win Char2
3478,9966,1462,Win Char2
807,4374,2501,Draw
9458,8099,7202,Draw
5511,8384,4052,Win Char1
2743,986,936,Win Char2
3084,8666,8081,Win Char1
5329,8180,181,Win Char2
4917,7478,2573,Win Char1
8007,1792,371,Win Char2
1921,5616,9741,Win Char2
7105,5309,3233,Win Char2
5070,3788,5351,Win Char2
5403,9399,3667,Win Char2
9699,6993,8802,Draw
6314,7851,5097,Win Char2
9141,6645,5006,Draw
6449,8135,8270,Draw
1690,621,3391,Win Char1
4727,1175,5820,Draw
9749,167,9070,Draw
1560,2911,8928,Win Char2
263,2930,6281,Win Char1
9850,835,8006,Win Char1
621,763,6339,Draw
1497,1409,6905,Win Char2
4856,3218,7569,Win Char2
1890,5783,7493,Win Char2
3024,1317,9173,Draw
7773,5148,9121,Win Char1
4170,1221,1748,Draw
1682,7937,271,Win Char2
6281,7910,7818,Draw
9730,5328,1318,Draw
9044,245,9421,Win Char2
1364,4727,2306,Draw
8413,7665,8978,Win Char2
2499,2292,38,Win Char2
1156,8451,7852,Draw
3236,9764,6610,Win Char2
2168,8732,8869,Win Char1
5735,9623,3756,Win Char1
3344,2418,5003,Win Char2
6282,5399,1610,Draw
9555,3564,8992,Win Char1
9457,8105,8982,Win Char2
3608,8306,3657,Draw
8395,8207,9003,Win Char1
1103,3410,6069,Win Char1
4713,3397,6134,Win Char2
4413,2259,4397,Win Char2
1863,7148,9845,Win Char2
3260,961,8607,Win Char1
8093,5440,2066,Win Char1
1672,9997,1017,Draw
6333,3887,4423,Draw
1732,7043,220,Draw
6982,2059,6106,Win Char1
9648,8043,2820,Win Char1
8525,2366,3284,Draw
1670,3630,1706,Win Char2
2942,1697,1027,Win Char2
1294,9697,6446,Win Char1
2377,7310,6874,Win Char2
2748,1427,3886,Draw
6909,6438,4338,Win Char2
187,8766,7403,Win Char2
233,6884,6392,Win Char1
3606,8261,9043,Win Char2
8453,8383,5312,Win Char1
9203,4994,9285,Win Char2
6814,4843,43,Win Char1
4554,4979,2571,Win Char1
9997,3401,3506,Win Char1
9057,2387,3695,Win Char1
8120,7318,3934,Win Char2
7419,313,7446,Draw
4521,1323,6274,Draw
7538,2689,9110,Win Char2
1076,8735,2474,Draw
6778,8457,1736,Win Char1
5837,9101,4975,Win Char2
6348,6046,6990,Win Char2
4731,7647,1191,Win Char1
1300,1893,3945,Win Char1
9630,1250,7414,Draw
6533,1621,8437,Win Char1
1468,8723,331,Draw
3309,2460,8860,Win Char1
3526,7567,8256,Draw
8598,1827,2657,Win Char1
1725,8326,100,Draw
9066,5231,4051,Win Char1
3360,4731,8182,Win Char2
4622,6584,3404,Win Char1
1085,1563,443,Win Char2
1306,2599,9607,Win Char2
6479,9565,8332,Win Char1
5748,1371,6656,Win Char2
7220,2972,9886,Draw
6590,5693,9441,Draw
7116,1334,7561,Draw
2362,328,8987,Win Char2
643,5283,3901,Win Char2
7799,6574,9858,Win Char1
9181,7790,8994,Win Char1
5794,476,6762,Draw
3375,7821,4424,Win Char2
2022,3491,1135,Draw
2645,1382,638,Draw
2355,9039,1054,Win Char1
7669,758,8271,Draw
1183,4265,5171,Draw
794,9991,1277,Win Char1
3436,3556,1115,Win Char1
5369,8940,9773,Win Char2
2052,9324,4482,Draw
8194,5408,599,Win Char1
7667,8973,212,Win Char2
8823,126,5399,Win Char2
737,890,1425,Draw
5391,7459,9090,Win Char1
2914,7868,1283,Win Char2
880,4591,4619,Win Char1
3132,4340,8267,Draw
6296,7175,8891,Draw
777,8289,2121,Draw
9515,6183,9069,Win Char2
4807,171,2851,Draw
6877,8785,7625,Win Char1
6826,997,1435,Win Char1
8180,7076,1938,Win Char1
9072,9606,4653,Draw
1193,674,9597,Win Char1
7086,2080,5729,Win Char2
2700,4815,3245,Win Char2
4593,7612,9430,Win Char1
7458,165,6992,Draw
9080,7525,7585,Draw
9713,2241,9981,Win Char1
2944,1335,6489,Win Char1
1254,1344,5379,Win Char1
914,4969,2194,Win Char2
6530,4037,399,Win Char2
8431,4777,1983,Draw
9861,9931,6590,Draw
7492,1224,5038,Draw
8807,9541,5759,Draw
3327,7432,2314,Draw
9149,9536,7347,Win Char2
1972,7765,7463,Draw
145,3492,2955,Win Char2
553,5101,2447,Win Char1
7076,2737,6064,Win Char2
1620,1246,7307,Win Char1
7674,5270,9872,Win Char2
1978,8272,605,Draw
3288,7724,5171,Draw
1215,5798,9295,Draw
8006,2222,8301,Win Char1
6072,977,969,Draw
8070,1769,5932,Win Char2
2586,3212,9360,Win Char1
7145,1850,3857,Win Char2
2573,2299,2093,Win Char1
3819,6756,6474,Draw
4823,1872,461,Draw
1573,906,1681,Win Char1
5133,2473,7575,Draw
5070,1684,8375,Win Char1
9075,3560,6194,Win Char2
6632,9996,5568,Win Char2
5428,7831,7532,Draw
8987,8797,2969,Win Char1
2000,3927,3467,Draw
7688,4022,4181,Draw
5443,291,7623,Win Char1
2820,2397,9337,Draw
4545,8695,6299,Draw
6270,657,4374,Draw
3135,3001,3421,Draw
1317,6835,5765,Draw
5083,6162,9722,Draw
8659,5030,2485,Win Char2
9536,4212,7214,Draw
331,9529,7469,Draw
6430,6519,2450,Draw
9068,4665,4601,Win Char1
6673,2498,536,Draw
1662,2339,2095,Win Char1
9357,7404,8982,Draw
1224,4793,949,Win Char1
9668,3322,9145,Draw
5883,9048,2738,Win Char2
4517,837,3251,Win Char2
614,1296,1911,Draw
1534,1714,1625,Draw
8901,1197,9461,Win Char1
5158,4503,7468,Win Char2
6522,9319,7319,Win Char1
4279,2064,4638,Win Char2
9121,2687,7086,Win Char1
7840,3869,2533,Win Char1
3621,2975,6711,Draw
3288,3720,3133,Win Char1
3323,6360,1715,Win Char1
6844,1552,8271,Draw
5835,5730,6709,Win Char1
9868,8818,6559,Draw
3676,2421,665,Win Char1
1062,9924,944,Win Char2
9573,7500,2807,Draw
8236,6779,5655,Draw
6083,1668,5515,Win Char1
1511,3062,9491,Draw
2046,3168,6100,Draw
7565,5247,2651,Win Char1
1873,3061,1915,Win Char1
3662,8258,5099,Win Char2
8592,4237,1413,Draw
109,6523,748,Win Char1
281,5478,2038,Draw
1533,58,2709,Win Char2
6063,2562,6752,Draw
713,8906,3417,Win Char1
4941,9486,755,Win Char2
6000,7400,9668,Win Char2
2173,3782,9824,Win Char1
2138,8975,6084,Draw
2618,9735,7834,Draw
1575,9217,3705,Win Char2
6301,6229,9980,Win Char2
7514,9379,2694,Win Char1
9624,8472,8126,Win Char2
9456,2345,1872,Draw
2894,6243,6882,Win Char1
7778,9258,1801,Draw
9409,4421,7489,Draw
5721,7725,9465,Win Char2
7397,2388,7861,Win Char2
3333,9578,6062,Win Char1
5152,3998,5195,Draw
4647,9434,3746,Draw
9202,2644,9079,Win Char1
6552,5517,8510,Win Char1
9254,2455,9051,Draw
6713,9163,1731,Win Char1
4518,5966,8892,Win Char1
5536,416,4072,Draw
5940,6708,7199,Win Char1
7248,48,9018,Win Char2
2904,8607,482,Win Char1
932,3432,7075,Draw
3759,6819,9637,Draw
6801,8193,3030,Draw
7971,411,8801,Win Char2
1779,8005,7104,Draw
7708,7305,9642,Win Char2
9445,3764,5728,Win Char1
4691,6880,4378,Win Char1
4854,2275,536,Draw
7656,3388,5981,Win Char1
4142,6835,1295,Win Char2
3497,9964,2637,Win Char1
3640,9342,3046,Win Char2
9802,374,7336,Win Char1
8738,6756,2334,Draw
9051,8548,3655,Draw
3900,6253,9701,Draw
3154,4416,3323,Win Char1
659,3047,4952,Win Char2
9560,5870,8210,Draw
4449,3988,411,Draw
913,3113,546,Win Char2
6730,7789,3143,Win Char1
9365,6961,6061,Draw
4327,7412,6483,Draw
1201,4008,9569,Draw
507,8991,4003,Win Char2
9943,2764,2075,Win Char1
5601,4994,3202,Draw
7280,9856,4135,Draw
112,1683,6350,Win Char1
8740,8946,2114,Win Char1
5096,8845,4755,Draw
9602,6246,2418,Draw
5952,2490,2853,Win Char2
4764,299,7519,Win Char2
6664,9816,6291,Win Char1
7082,7129,6263,Draw
2271,2917,1211,Draw
3692,7897,6988,Draw
5795,6326,2498,Win Char2
2015,1303,1385,Win Char1
350,1816,8093,Win Char2
1678,5574,2448,Win Char2
6557,8804,6610,Win Char2
6848,3134,5579,Win Char2
8138,6446,6322,Win Char1
7329,3218,7269,Win Char1
4474,9722,9611,Win Char1
8994,6691,9523,Win Char1
5039,424,3805,Draw
577,7419,4759,Win Char1
1546,3359,8209,Draw
8429,137,5098,Win Char1
1944,9463,3534,Win Char1
4887,9375,6863,Win Char1
1017,2993,7991,Draw
4215,6775,2363,Draw
8149,8862,9065,Win Char1
8579,6195,4174,Win Char2
4528,284,6450,Win Char1
8935,8809,4096,Draw
2714,8522,4700,Win Char1
8973,8276,3111,Win Char2
8648,7886,5899,Win Char1
3782,827,949,Draw
8319,4448,6423,Win Char2
1066,2821,4621,Draw
9939,3565,4103,Win Char2
6251,6806,9882,Win Char1
6875,4013,2445,Draw
5550,7733,6215,Draw
8772,9120,6899,Win Char1
5756,9252,3369,Draw
9955,5255,2376,Draw
7514,7749,7277,Win Char2
4362,1253,6772,Win Char2
9044,8508,7833,Win Char1
28,9838,1494,Win Char1
2904,2973,7367,Draw
7587,7309,1280,Draw
7094,8322,7717,Draw
6645,2007,9155,Win Char1
19,6035,9449,Draw
9283,3250,1685,Win Char2
2223,1670,1812,Win Char1
2559,9235,2465,Draw
8883,7070,6380,Win Char1
5538,3579,8109,Draw
629,7346,5486,Draw
4363,438,2105,Draw
567,5922,8075,Win Char2
4224,8742,6863,Win Char1
3150,9363,6841,Win Char1
6525,2840,6594,Win Char1
8440,7267,3059,Win Char2
1543,4484,5960,Draw
7052,52,4851,Win Char2
2583,122,6588,Win Char2
994,7997,1461,Draw
5694,9509,4086,Win Char2
1154,1335,7139,Win Char1
4549,8026,9451,Win Char2
6503,3743,1850,Draw
8806,7477,6555,Draw
5360,8264,2305,Win Char2
6550,9048,4366,Win Char2
9305,7527,694,Win Char2
2568,3385,6710,Draw
9857,5997,3070,Win Char2
9972,3626,9601,Win Char2
6480,670,7484,Draw
3501,9654,4697,Win Char1
8338,1202,8037,Win Char1
5731,4081,541,Draw
1934,6793,6471,Win Char1
8224,5581,7175,Draw
6203,3923,7027,Win Char1
7557,856,6372,Win Char2
8016,5222,5442,Win Char2
913,3767,6907,Win Char1
1022,3636,705,Draw
9658,60,2671,Draw
5880,1699,5,Win Char2
208,6005,5014,Win Char2
1286,9393,4887,Win Char2
5645,6932,1154,Draw
8169,6300,9944,Win Char2
3011,3493,2719,Draw
9080,1715,9861,Draw
6509,1919,2061,Draw
6160,150,9227,Draw
6822,5119,8689,Draw
9911,4277,5441,Win Char1
5202,7615,719,Draw
7832,9042,4225,Win Char1
2823,3062,486,Win Char1
1244,1414,7452,Win Char1
1001,1668,2515,Win Char1
5652,8452,61,Win Char1
9299,9356,4664,Draw
5032,8861,5216,Draw
9942,1134,3921,Win Char1
1456,7706,9130,Win Char1
7675,7633,4847,Win Char2
9570,8843,5304,Draw
3874,8572,9441,Win Char1
7093,2814,769,Win Char2
9594,9315,7550,Win Char2
1664,2772,2042,Draw
6747,388,3908,Draw
657,9116,2592,Win Char2
2095,5004,5840,Win Char2
1467,7348,4497,Win Char2
607,5705,7899,Win Char1
3975,5970,8993,Win Char2
2680,7335,7185,Win Char1
6441,3276,8258,Win Char2
6703,6856,2382,Win Char1
8616,2114,3702,Win Char2
348,8522,8740,Win Char1
5064,6960,7834,Win Char2
1196,5812,6650,Draw
8970,3676,6154,Win Char1
6469,8738,7041,Win Char2
9871,8106,439,Win Char1
9692,2010,5636,Draw
9892,2836,375,Win Char2
7761,1666,5359,Draw
5935,2414,5624,Win Char2
2320,9483,8515,Win Char1
6997,5617,1931,Win Char1
8461,5415,26,Win Char2
1140,6337,7712,Win Char2
6205,5973,9784,Win Char2
7286,7533,7205,Win Char1
5536,1262,8024,Win Char1
1443,1297,2876,Draw
2978,9247,6928,Win Char2
8486,3438,6276,Draw
3634,7502,6467,Draw
6246,8205,8288,Win Char1
9174,1139,1015,Win Char1
6663,6330,7587,Win Char2
1322,506,2435,Win Char2
7753,2294,4596,Draw
5750,5575,9148,Win Char2
5117,7772,2609,Win Char2
6479,9013,7516,Win Char2
2743,9340,3866,Win Char1
2570,6348,6708,Draw
3308,3566,1095,Win Char1
7823,7479,5259,Win Char1
4404,9103,4164,Draw
7942,8859,4400,Draw
2068,9921,963,Win Char2
8374,395,1462,Draw
9342,9554,2315,Draw
5797,353,2132,Win Char2
7673,4326,7076,Win Char1
9643,8496,8086,Win Char1
381,4038,7773,Win Char2
9608,617,2927,Draw
5955,8387,3541,Draw
859,2336,407,Draw
2609,7068,7029,Draw
4664,8720,9703,Draw
4581,1373,7077,Win Char2
954,9066,2445,Draw
1758,1391,3453,Win Char2
4237,6354,1521,Win Char1
3923,291,8871,Win Char1
894,648,9899,Draw
4264,3040,6559,Draw
9878,845,231,Win Char2
2328,2694,9690,Win Char1
17,6238,3169,Draw
6335,1763,9353,Win Char2
460,7748,9243,Draw
6999,9529,1622,Win Char2
1261,3616,720,Win Char1
9436,1183,4694,Win Char1
8955,8894,4575,Win Char1
4885,2786,336,Win Char1
8642,9397,1535,Win Char1
6059,8175,1051,Draw
7052,4318,8136,Win Char2
2917,3806,2491,Win Char1
6723,5894,5850,Win Char2
9635,259,4430,Win Char1
9304,5795,5589,Draw
3513,7941,9535,Draw
859,8137,6377,Win Char2
2134,5033,3626,Draw
949,156,809,Win Char1
7698,8201,4865,Win Char1
3528,358,2918,Draw
2436,8240,9263,Win Char2
6329,8238,5969,Win Char1
6362,4809,4239,Win Char2
107,7002,2121,Win Char1
842,6572,6861,Win Char2
6135,9911,2712,Win Char1
808,1801,4944,Win Char1
8880,5949,4681,Win Char2
9610,8414,8384,Win Char2
8517,654,3656,Draw
1868,2054,881,Win Char1
980,7031,5098,Win Char2
3772,7823,6831,Draw
2053,1736,2719,Win Char2
4437,5344,7762,Win Char2
9244,749,2496,Win Char2
1874,598,7173,Win Char2
2416,1242,1637,Win Char1
5941,1929,1777,Win Char2
2204,8996,2972,Win Char2
4812,3948,8049,Draw
6570,1320,8891,Draw
2074,7019,8874,Draw
4987,9345,7629,Win Char1
4474,6938,694,Win Char1
5005,4584,1141,Win Char1
9991,7119,2130,Draw
9269,2694,3951,Win Char1
7730,8419,8863,Draw
2457,7351,6465,Win Char2
7249,9664,5755,Win Char2
4245,9864,4826,Win Char2
1635,2755,9617,Win Char2
6925,9289,3432,Win Char1
109,3221,5617,Win Char1
4605,1922,2056,Draw
4615,2687,8369,Win Char1
5640,5291,1553,Draw
1524,9102,3464,Win Char2
3885,6412,8443,Draw
9250,855,3430,Draw
2320,4210,709,Draw
7517,1648,14,Win Char1
752,2255,2890,Win Char1
836,6172,3393,Win Char2
7951,5789,5610,Win Char2
8628,8859,2079,Win Char2
4110,5601,7508,Win Char1
4179,2474,6820,Win Char2
5609,7265,2173,Draw
5775,4791,2978,Win Char2
4362,4741,5939,Win Char2
6247,4125,6744,Win Char2
8689,2755,5088,Win Char2
7354,5125,9374,Draw
6038,3753,2557,Win Char1
4023,5803,3581,Win Char2
6275,5544,5997,Draw
6059,103,8879,Draw
3406,3617,444,Draw
4282,2368,4314,Draw
919,910,8237,Draw
1219,9122,2799,Win Char2
176,2977,6261,Draw
8259,9814,1956,Win Char1
6467,7570,4417,Win Char2
5115,7582,5108,Win Char1
9195,9719,1103,Win Char1
5121,7363,8974,Draw
671,2491,620,Win Char1
6025,6259,3563,Draw
5967,8636,1949,Win Char2
7261,1488,8643,Win Char1
5445,5283,8780,Win Char2
4368,262,187,Draw
7243,6643,6733,Draw
4828,6402,1192,Draw
6628,5714,4228,Draw
2381,6588,7555,Draw
7274,9359,7930,Win Char2
952,2208,5622,Win Char1
3119,5598,9035,Win Char2
6684,370,5897,Win Char1
3545,5823,5543,Win Char1
7638,2967,3804,Win Char1
2746,1629,6876,Win Char2
4746,6432,5372,Win Char1
8631,9893,1721,Win Char2
3778,9581,7370,Win Char1
4308,8942,5429,Win Char1
1830,8617,9487,Draw
294,8442,3504,Draw
5758,2825,1296,Win Char1
27,6873,5770,Draw
8164,9123,5652,Win Char1
4988,4851,9097,Win Char2
3207,1768,62,Win Char2
8845,3138,6514,Win Char1
3839,5004,4363,Draw
9618,3431,3443,Win Char2
9615,2365,3136,Win Char1
4399,1531,9410,Draw
7766,5401,5068,Win Char1
4498,1088,2811,Win Char1
3526,8606,5362,Draw
6751,7173,9688,Win Char2
6645,3343,5044,Win Char2
3689,9111,439,Draw
6240,4659,3567,Win Char1
5331,5887,1257,Win Char2
1381,460,9327,Win Char1
1579,2749,9016,Win Char2
3460,6867,2550,Win Char1
6719,6355,9038,Draw
4919,8972,1770,Win Char1
6157,459,7722,Win Char1
7048,6049,7757,Draw
2840,7063,6283,Win Char2
6095,4003,3868,Win Char2
4322,5155,7135,Win Char1
2656,307,3796,Win Char1
2541,8676,4836,Win Char1
5692,8679,8107,Win Char1
1230,6722,6589,Win Char2
8394,806,431,Win Char2
1580,1615,5038,Draw
9906,9071,1573,Draw
7788,6060,2316,Draw
6079,7433,699,Win Char1
5127,4032,7180,Draw
6021,558,5587,Win Char2
1154,9229,7533,Win Char1
776,746,4297,Win Char1
3110,5165,3544,Draw
7900,996,5116,Win Char2
5134,2382,7279,Win Char1
6814,7959,4029,Win Char1
4361,4797,689,Win Char1
3231,4306,8927,Win Char1
3811,1321,7149,Win Char2
7166,247,3526,Draw
9813,2333,9110,Win Char2
9312,1571,9782,Win Char2
9328,6573,3818,Win Char1
3423,2727,4101,Win Char1
4388,1108,1531,Win Char2
2615,2669,9775,Draw
5701,8460,535,Draw
2353,7679,4929,Win Char2
5084,1706,6827,Win Char1
799,4093,7749,Win Char1
808,4441,5116,Win Char1
6532,5971,4959,Win Char2
9324,2614,5735,Draw
9196,8590,7564,Win Char1
6076,9743,8074,Win Char2
6379,9382,666,Win Char2
9684,3596,4806,Win Char2
1998,6594,6960,Draw
9942,2598,4408,Win Char1
1555,4005,358,Win Char2
2754,7774,5714,Draw
8024,8867,7459,Draw
7406,7518,488,Win Char2
3488,92,9235,Win Char1
7149,7183,2103,Win Char2
4263,2120,1622,Win Char1
7676,5497,9300,Win Char1
1048,3629,8014,Win Char1
6667,3673,7376,Draw
4490,6624,8604,Win Char2
7544,8143,6126,Win Char1
5770,5185,9438,Win Char1
7503,5716,5142,Draw
5673,1647,5781,Win Char1
6970,4849,3213,Draw
3324,7084,1039,Win Char2
4690,4026,9164,Draw
1113,1553,759,Win Char2
4824,2992,8877,Win Char1
4272,9306,1338,Win Char2
5707,5558,2137,Draw
3747,4402,1850,Win Char2
9638,7938,1289,Win Char1
9416,8704,7587,Win Char1
6382,6198,7804,Draw
2572,3231,4002,Win Char2
7694,4694,6573,Win Char1
768,1448,7085,Win Char1
6144,198,7940,Win Char2
1316,7204,5841,Win Char1
1400,2744,5072,Win Char2
159,1773,4106,Draw
5740,1747,5633,Draw
9245,6022,5090,Draw
8667,4241,6485,Draw
8945,1436,5319,Win Char1
4734,8052,5286,Win Char1
2698,7016,540,Draw
9437,5519,5803,Win Char2
6401,5681,7509,Win Char2
9511,2597,9868,Win Char1
1129,697,3852,Win Char2
5666,4457,8363,Win Char2
6299,6456,6931,Draw
7464,8585,9816,Win Char1
9988,4311,3539,Draw
4253,8019,3492,Draw
7811,6591,5547,Win Char1
631,2040,5130,Win Char2
7868,4062,4768,Win Char2
4606,909,3273,Win Char1
9785,3568,4292,Draw
864,5764,7252,Win Char1
9577,883,3397,Win Char2
5992,7279,8030,Draw
6397,5865,467,Win Char1
3243,9626,6142,Win Char1
1397,5651,1377,Draw
6049,7931,3386,Win Char1
3950,7695,9664,Win Char1
134,6641,9890,Draw
5462,3056,9066,Win Char1
3127,1157,5672,Win Char1
2607,2841,3675,Draw
8769,474,5416,Win Char1
2072,5686,8264,Draw
405,4754,7294,Draw
9472,5507,6208,Draw
8156,5932,3759,Win Char1
4544,3652,291,Win Char1
7883,6937,5339,Draw
2990,7639,9739,Draw
8984,5122,5791,Win Char2
4802,9326,4841,Win Char1
5370,4922,2417,Draw
8587,3166,9,Draw
9997,8945,4116,Win Char1
4232,1251,9525,Win Char2
8786,5367,5852,Draw
7735,6585,5975,Draw
4109,285,2758,Win Char2
3820,8569,1987,Win Char2
1369,6892,6899,Win Char1
2277,7369,6411,Win Char1
8114,8334,79,Draw
731,5879,2741,Win Char2
4261,5226,6318,Win Char2
8670,6380,3922,Win Char1
4461,746,5180,Win Char1
1591,7421,7826,Win Char1
6822,5362,1860,Win Char2
645,9763,933,Draw
4589,5463,3872,Draw
2240,3514,3898,Win Char2
41,9026,2842,Win Char2
6239,4219,7528,Win Char1
7370,3297,6057,Draw
348,4671,654,Win Char1
7904,5636,6148,Win Char1
7421,3230,7671,Win Char1
2240,6137,8955,Win Char2
5512,6743,2313,Win Char2
3188,2427,2781,Win Char2
7549,5211,435,Win Char2
3349,5979,470,Win Char2
2956,8258,9249,Draw
4265,34,6826,Win Char2
9189,3737,889,Win Char1
5643,6842,2482,Draw
2896,5348,9683,Win Char1
728,5196,2496,Win Char1
7482,991,4465,Win Char2
8801,6922,9885,Win Char2
9175,7323,2551,Draw
553,1013,2850,Win Char1
8278,5641,8277,Draw
650,7876,4176,Win Char1
3000,2855,2107,Draw
8030,1775,7372,Win Char1
2103,2282,2648,Draw
9735,3804,6663,Win Char2
7723,5548,8242,Win Char1
9643,2032,1254,Win Char2
987,2410,1160,Win Char2
3447,9838,6040,Draw
8273,450,3139,Draw
2884,9192,82,Draw
5346,2358,3872,Draw
6856,677,8709,Draw
1258,3667,3435,Draw
9741,3183,3866,Draw
956,6573,8536,Draw
4318,6936,6289,Draw
8929,3108,904,Draw
5469,2937,5298,Win Char1
99,4780,2007,Draw
8917,8481,8441,Draw
2117,383,6622,Win Char2
1834,6580,6650,Win Char2
3221,3467,1634,Win Char2
978,7145,3399,Win Char2
8200,9208,9561,Win Char1
1686,3810,7314,Win Char1
2724,892,9094,Win Char1
1707,2781,982,Draw
5929,9309,2048,Win Char2
9725,7815,3001,Draw
8080,8719,1359,Draw
2150,9325,4368,Draw
1695,241,2871,Draw
4174,2685,9602,Win Char2
5203,506,9332,Win Char2
8095,5183,1539,Draw
6443,2623,8146,Win Char2
2252,1096,1481,Win Char1
6204,8719,6411,Win Char2
9501,1348,8638,Win Char1
7351,3419,2385,Win Char2
7042,2799,1816,Win Char2
6629,2040,2160,Win Char1
2376,5665,1616,Draw
1066,5052,3537,Win Char1
9852,9495,9375,Win Char1
6857,9332,8119,Draw
9187,2579,6661,Win Char2
9206,8704,8483,Win Char2
3111,4778,944,Draw
5315,1617,4847,Draw
6183,4908,652,Draw
696,2719,336,Win Char1
3687,9512,1098,Win Char2
3174,7620,5961,Win Char2
2338,2912,625,Win Char1
2083,7219,3649,Win Char2
2665,2524,9001,Win Char1
5927,8545,2155,Win Char1
2735,1727,2860,Win Char1
3694,8168,412,Win Char2
9822,2856,1579,Win Char2
1194,7472,5946,Win Char1
9757,9947,6436,Win Char2
2232,5138,7233,Win Char1
8482,2359,3745,Draw
1686,1832,8712,Draw
5816,3511,5236,Draw
1463,3400,672,Draw
6290,208,9410,Win Char2
3625,1676,4355,Win Char2
4802,5146,762,Win Char2
7954,41,9345,Draw
5123,9386,1318,Win Char1
931,6496,2489,Win Char2
2352,3708,9512,Win Char1
6284,3426,4619,Win Char1
4271,9939,5926,Win Char2
631,7325,8175,Win Char1
8003,5988,1156,Win Char1
3781,1049,8007,Draw
5573,4091,4647,Win Char2
5581,753,9360,Win Char2
2566,314,3396,Win Char2
4574,9450,6955,Draw
2361,9618,5429,Win Char1
825,8593,4578,Win Char2
2648,1039,1133,Draw
4239,5707,3524,Win Char1
7128,2078,6519,Win Char1
2136,9769,8033,Win Char1
5294,3819,22,Draw
8111,2370,2881,Draw
5864,5553,1341,Win Char1
8917,404,6964,Win Char2
8911,7361,1140,Draw
518,2889,3872,Win Char2
1789,3622,6960,Win Char1
8107,6819,3528,Win Char2
2701,4591,1060,Win Char1
512,7785,4908,Draw
3535,851,9344,Draw
2740,7618,9320,Draw
2818,6374,6026,Win Char1
9546,8149,7427,Win Char1
6411,4204,7066,Win Char1
9210,6387,2924,Win Char1
780,290,955,Draw
5125,3066,4781,Draw
1921,244,1633,Draw
9695,5384,499,Win Char2
7505,3633,4261,Draw
4613,5447,2364,Draw
3322,424,5461,Win Char1
5326,8516,2475,Draw
3187,9950,775,Win Char1
5971,1825,454,Win Char1
7048,7875,533,Win Char1
9765,2024,7447,Draw
3032,7274,9236,Win Char1
319,4115,3472,Win Char1
198,2746,8861,Win Char2
107,7737,5185,Win Char2
4452,5508,5908,Draw
3301,9494,2057,Draw
4982,8573,9054,Win Char2
5202,5950,4120,Draw
6876,2529,5209,Win Char1
1391,7333,4078,Draw
6691,8552,6890,Win Char1
9012,225,8552,Win Char2
5509,7012,1609,Win Char1
7322,8450,8113,Win Char2
1142,4558,6372,Win Char2
3552,5236,4167,Win Char2
4935,6924,3567,Draw
4584,6015,795,Draw
5685,2901,8716,Win Char2
4431,7852,6648,Draw
427,7888,5219,Win Char2
869,7764,6926,Draw
9077,1548,3212,Win Char2
8603,1350,474,Win Char1
4979,7668,4439,Win Char1
1504,1460,2305,Win Char1
8389,7577,3818,Win Char2
1825,2690,9474,Win Char1
2801,3289,5385,Draw
6407,4776,1033,Win Char1
8992,4633,327,Draw
1118,1980,5748,Win Char1
3731,3103,9418,Draw
9010,3565,8956,Win Char1
8646,2896,5843,Draw
720,9576,3931,Draw
1039,6657,6992,Win Char1
3173,9399,9862,Win Char1
8232,7753,8805,Draw
8253,6560,4744,Win Char1
9409,440,2468,Draw
9304,3394,372,Win Char1
3330,4473,2019,Win Char2
904,2594,4423,Draw
9087,986,4685,Draw
7835,1506,7186,Win Char2
7685,6580,2013,Win Char1
5636,1293,2688,Win Char1
1520,8774,3481,Win Char1
1154,9960,3917,Draw
7659,7886,4743,Win Char2
9993,8279,7902,Win Char1
9724,4476,3031,Draw
5520,2036,6530,Win Char1
7832,93,4653,Win Char1
4977,6363,9982,Win Char2
234,1991,2457,Draw
8853,5467,700,Win Char1
7625,3888,261,Draw
3591,3380,1420,Win Char1
789,1343,3271,Draw
1391,7498,319,Win Char1
248,9593,6262,Win Char1
2155,4244,6098,Draw
8136,274,2039,Win Char2
5306,3670,5796,Win Char2
7669,103,8618,Draw
1974,858,9880,Draw
4981,5856,1495,Win Char2
1372,2265,6054,Win Char1
4178,657,2615,Draw
5055,476,390,Draw
1362,7166,6956,Draw
4930,4495,595,Draw
6380,4043,5799,Win Char1
2685,3022,9500,Win Char1
4296,516,9002,Win Char2
1573,9271,9852,Win Char1
5197,4295,4972,Win Char2
7430,3224,2086,Win Char1
7697,3244,6093,Win Char1
3384,9440,7451,Win Char1
229,2037,4307,Win Char2
8411,3057,4679,Win Char1
6114,7801,5333,Win Char1
6798,8460,8302,Draw
5065,5734,6588,Win Char2
6924,4884,8013,Win Char1
4041,5014,9541,Draw
6865,6339,3477,Win Char1
9520,8581,2116,Win Char2
1614,9704,574,Win Char1
1728,5810,5240,Draw
679,187,4885,Win Char1
3624,2079,9445,Draw
2602,7517,2978,Win Char1
1286,1452,2802,Draw
2711,6367,3453,Win Char2
1309,4727,5611,Win Char1
7220,6341,3930,Win Char1
8693,3860,6002,Draw
7483,9105,5901,Draw
980,2562,6421,Win Char2
6861,582,8341,Win Char1
2356,7924,9590,Draw
7734,3329,1750,Draw
5103,2624,794,Win Char1
7498,3746,2518,Win Char1
158,3373,9037,Win Char1
457,9142,2660,Draw
9543,4667,7197,Win Char2
1895,2913,8149,Win Char2
2098,5920,160,Draw
9780,6935,1231,Win Char2
1031,2648,6601,Draw
6862,5017,9675,Draw
8400,8644,4897,Draw
6281,2302,6390,Win Char1
3990,9158,3319,Draw
3622,1817,6861,Win Char2
7374,9007,3366,Win Char2
8038,7322,4718,Win Char2
5695,7386,5389,Win Char1
2917,5503,9978,Win Char1
5715,2964,1610,Win Char2
2748,9360,7954,Draw
1702,2820,4696,Draw
5468,8083,4916,Win Char1
135,2399,4502,Draw
2850,4300,1586,Draw
5928,5872,2195,Win Char1
1838,7801,8227,Win Char1
2554,4076,8895,Win Char2
2715,3954,9909,Draw
3639,6931,595,Win Char2
6813,5370,3034,Win Char2
1707,1820,7517,Win Char1
3727,1873,5274,Win Char2
4265,2431,871,Win Char2
7415,2682,7004,Win Char1
1757,464,4384,Draw
8543,5101,3798,Win Char1
1454,3089,7027,Win Char2
7220,6691,291,Win Char1
9736,7393,1805,Win Char1
4889,1074,8044,Draw
344,2158,2477,Draw
2583,8061,3885,Draw
3179,7278,9026,Draw
7881,3470,6824,Win Char2
1641,8872,5002,Win Char2
8384,200,4,Win Char1
7333,63,4690,Win Char2
1991,9833,577,Win Char1
8852,310,6341,Win Char2
1809,37,219,Win Char1
7689,4989,7868,Win Char1
558,246,6714,Win Char1
3528,4594,8316,Draw
112,5976,1682,Win Char2
259,8609,1237,Win Char2
3881,7613,4401,Draw
8415,6180,770,Win Char2
550,5380,9644,Draw
4656,8501,9377,Draw
4710,9854,1045,Win Char2
2507,2882,7111,Win Char1
4027,8369,1605,Win Char2
7079,878,6693,Draw
9604,9750,216,Win Char1
5633,7133,8053,Draw
8171,3214,102,Draw
9050,8819,7023,Win Char2
9736,4745,3094,Win Char2
6371,741,9610,Draw
2949,2073,7094,Win Char2
4205,6062,1143,Win Char2
5325,6045,1210,Win Char2
3901,1353,858,Win Char1
4932,2900,170,Win Char2
5897,6852,1108,Win Char1
9011,8279,8711,Win Char1
1604,1294,4849,Win Char1
4813,1073,2389,Win Char1
702,7886,8958,Win Char1
2586,9536,9364,Win Char1
334,6448,9722,Win Char2
568,3842,8220,Win Char2
3284,4984,3783,Win Char1
9248,8274,592,Win Char2
1025,330,8806,Win Char2
2051,7791,9790,Win Char2
4455,3938,487,Win Char2
2255,1689,7907,Win Char2
3912,6823,4657,Win Char2
7334,4936,1831,Win Char1
9468,79,9018,Win Char1
6646,9587,5240,Draw
9652,8690,5559,Draw
665,1830,8484,Draw
1449,3737,2619,Draw
1386,4611,2445,Draw
5723,3649,7362,Draw
9352,7440,2883,Draw
2678,1303,3332,Win Char1
6383,4117,5829,Draw
7779,8898,253,Win Char1
7449,6607,848,Draw
278,6211,9891,Win Char2
129,9959,4554,Draw
7652,1050,3818,Draw
1613,8125,5600,Win Char1
969,2416,1436,Draw
1566,8754,2991,Win Char2
6861,1386,4792,Win Char2
7030,9854,6653,Draw
995,1347,3450,Draw
5091,5012,1319,Draw
2739,3694,1726,Win Char1
1942,5039,1908,Win Char1
4169,9926,2176,Win Char1
5463,6030,8404,Win Char2
5517,6807,4619,Draw
607,341,7402,Win Char2
6875,2138,2047,Win Char1
1566,9581,9476,Win Char1
1434,7058,399,Draw
4583,6325,2850,Draw
9059,8167,2657,Draw
796,6895,891,Win Char1
9100,7103,6010,Win Char2
2523,4588,1645,Win Char1
9598,2231,5197,Draw
3846,9399,8687,Draw
4730,471,4650,Win Char2
7619,5054,2710,Draw
235,3787,2338,Draw
772,3701,4703,Win Char2
2709,8903,6734,Win Char1
4008,6009,1944,Draw
1330,6688,8460,Win Char2
7344,7059,1454,Draw
538,7759,8792,Draw
2698,9988,4440,Win Char1
6941,9066,2094,Win Char1
4983,142,4079,Win Char1
7393,163,8580,Win Char2
5841,2849,4982,Draw
5095,2985,7938,Draw
9088,2159,9454,Win Char1
8681,215,4541,Win Char1
6943,2011,715,Draw
1929,2784,2361,Win Char1
7657,5839,7698,Win Char1
6105,9457,2156,Win Char1
6198,1434,5450,Win Char1
3412,6233,7846,Win Char2
5621,5915,1046,Win Char2
6198,8155,1057,Draw
599,3104,5194,Win Char1
4129,4044,6287,Draw
1945,6255,2991,Win Char2
2370,8563,5545,Win Char1
5961,7710,2080,Draw
5282,2271,7602,Win Char2
7758,2016,7978,Win Char2
9187,211,8340,Win Char2
7465,6683,1537,Win Char2
9242,9690,6058,Win Char1
5189,2139,2229,Win Char1
1955,3466,9853,Win Char2
4643,2332,4099,Win Char1
6141,1009,453,Win Char1
2730,7263,7215,Win Char2
7124,5142,4599,Win Char1
5844,1859,3717,Win Char1
6195,876,1569,Win Char2
3606,5940,2784,Win Char1
8128,1248,2942,Win Char1
8638,8883,220,Draw
6440,7214,7397,Draw
304,5046,3798,Win Char1
3523,5029,3863,Draw
3970,5856,4406,Win Char2
7024,1832,6607,Draw
7583,1829,1914,Win Char1
511,9977,2734,Win Char2
7498,9450,2906,Win Char2
6367,6196,1691,Win Char1
2743,6463,7076,Win Char1
1081,2438,5042,Draw
5087,1896,2709,Win Char1
2345,3119,4884,Win Char2
1654,9031,6239,Win Char1
650,8435,2000,Win Char1
9508,4751,4476,Win Char1
5221,1950,6966,Win Char1
3036,6997,49,Win Char2
6588,3062,2211,Win Char1
6596,2503,1308,Draw
3343,1583,4389,Draw
7154,3420,4879,Draw
4737,4649,7312,Draw
3637,9418,1986,Win Char2
317,5588,5711,Win Char1
6145,1770,2781,Draw
9025,5603,4844,Win Char2
4432,2892,2597,Win Char1
2809,3684,2429,Win Char1
1184,7401,8350,Win Char1
3070,9886,2495,Win Char2
4317,4061,8249,Draw
8141,2600,577,Win Char1
2466,2214,7895,Draw
1999,785,5884,Win Char2
9749,4489,8787,Draw
1998,5850,140,Win Char2
4201,4643,3804,Win Char1
5917,6285,267,Draw
6567,8933,7039,Win Char1
7051,3926,7876,Win Char1
9330,3336,9703,Draw
2569,3117,9443,Win Char2
3687,6054,3067,Win Char2
8053,7382,4369,Draw
4999,786,2293,Win Char2
5738,1839,9343,Win Char2
9312,1663,2771,Win Char2
7043,1870,2721,Win Char1
3805,1766,9982,Win Char2
2791,7862,7542,Win Char1
447,8975,7988,Win Char1
2337,5699,7022,Win Char2
7667,1815,9357,Win Char1
3347,811,1676,Draw
6499,1790,6534,Win Char2
6397,6752,2514,Draw
9082,6436,9583,Draw
7123,56,2432,Win Char2
7582,2138,6,Win Char2
1144,9530,8758,Win Char2
2587,2194,2365,Draw
3090,4205,618,Draw
3236,9854,9639,Draw
6961,1975,4546,Win Char2
4472,7198,3403,Draw
1150,9444,7602,Win Char2
8948,3142,6702,Win Char2
8115,6824,2251,Win Char2
7718,6264,8039,Win Char1
3629,996,5001,Draw
9269,943,373,Win Char2
6131,4635,4711,Draw
9697,2921,8108,Win Char1
5840,6323,8314,Win Char2
3094,2602,9203,Draw
2921,5116,7824,Draw
5185,3582,676,Win Char1
145,4151,3260,Draw
4145,4598,1369,Win Char1
3242,4329,6626,Win Char2
4153,6491,9581,Win Char1
9112,4209,9201,Draw
218,1592,6677,Draw
5753,4947,2853,Draw
1213,8143,7233,Win Char2
9443,7485,5201,Draw
2997,8083,6323,Win Char2
6203,7636,7258,Win Char2
7203,2397,2310,Draw
3890,561,4918,Draw
4877,3639,6609,Draw
4542,8765,6733,Win Char2
8829,6593,8359,Win Char2
2557,5995,5449,Win Char1
1294,9570,6798,Win Char2
8376,5311,1941,Win Char1
2428,6413,8149,Win Char1
1071,5060,9096,Win Char2
1192,6729,6733,Win Char1
720,3780,9444,Win Char1
1513,6864,3924,Win Char2
2408,1186,8234,Draw
2089,9353,1996,Win Char1
2125,8012,7568,Win Char2
2521,5833,2260,Draw
6928,7588,2481,Win Char1
3710,9293,7561,Draw
3834,5946,920,Win Char1
492,6717,8766,Draw
8663,9400,2480,Draw
5337,2707,486,Draw
4411,8302,8979,Win Char2
7854,3803,9718,Win Char1
6406,5040,9495,Win Char2
8006,8547,9940,Win Char2
4883,8533,6014,Win Char1
8783,6505,9248,Draw
2233,2153,3628,Draw
5107,9202,6614,Win Char1
2804,914,5369,Draw
3829,3808,1758,Win Char2
4817,477,4742,Draw
8506,1961,3204,Draw
5638,2880,5494,Win Char2
2517,6130,1871,Win Char1
675,2883,1169,Win Char2
2242,2858,5506,Win Char1
3590,4440,3903,Draw
6157,2858,837,Draw
915,7836,4669,Win Char2
3580,6874,5677,Win Char2
7033,6847,3138,Win Char2
2560,5328,3742,Draw
5126,2745,2731,Win Char2
9113,5710,2174,Draw
4540,496,4192,Draw
4331,7561,4152,Win Char2
3567,891,6821,Win Char1
4983,3039,8434,Draw
397,1944,8737,Win Char2
7138,6054,8248,Win Char2
2101,9344,4555,Draw
1973,2424,5816,Draw
873,3142,2209,Win Char2
573,6309,3986,Win Char2
2683,843,4747,Win Char2
255,2308,4308,Draw
3369,2256,1511,Win Char1
7948,3741,5340,Win Char1
1278,9758,8347,Draw
2545,5590,735,Win Char2
5691,3112,298,Win Char2
6560,5698,5516,Draw
6486,8890,3175,Win Char2
878,9958,433,Draw
8067,7761,2837,Win Char2
4899,596,6278,Win Char2
3548,774,9436,Win Char1
836,4363,2403,Draw
5217,3211,544,Draw
1917,625,8541,Win Char2
6242,46,3833,Draw
6977,6679,6105,Draw
2746,9996,6927,Draw
2949,5148,6527,Win Char2
6302,1018,2306,Win Char2
32,7371,5936,Win Char2
9009,6367,6326,Win Char1
583,3560,7802,Win Char1
1430,3432,7864,Win Char1
2969,4519,2079,Win Char1
8484,7448,4245,Win Char2
1475,3859,3997,Draw
7457,8170,2329,Win Char1
5766,7266,5955,Win Char1
9683,6369,4086,Draw
2530,889,4282,Win Char2
2129,8051,540,Win Char1
4228,6057,9064,Win Char2
1292,9212,500,Draw
512,1370,7569,Win Char2
7258,1239,7781,Win Char2
1971,3275,8913,Win Char2
1978,4540,1541,Win Char1
2932,2029,4789,Win Char1
2388,5422,3223,Win Char1
7256,5767,4265,Draw
3617,8938,565,Draw
357,6628,9891,Win Char1
5795,1080,372,Draw
2708,1807,6580,Win Char1
8075,5502,791,Win Char2
1126,5937,9598,Win Char1
8408,9232,3952,Draw
2809,3123,7665,Draw
809,8399,6983,Win Char2
8921,5886,6066,Win Char2
7623,8194,5965,Win Char1
3957,6285,4157,Draw
7998,9903,8778,Win Char1
4778,1781,8668,Win Char1
7830,755,435,Draw
9637,6585,5102,Win Char1
7970,3987,1992,Win Char1
884,6627,7304,Draw
870,2830,2467,Draw
1959,121,8709,Win Char2
7120,8046,1161,Win Char1
1760,4418,1854,Win Char2
2303,8421,9631,Win Char1
7315,8774,7603,Win Char1
3342,8086,5359,Win Char2
4706,4961,5536,Win Char1
84,2341,1367,Win Char2
2139,454,159,Draw
9808,8510,7901,Draw
5237,1978,6515,Win Char1
1050,64,4254,Win Char1
8518,8509,4277,Win Char1
1548,4905,3685,Win Char1
6723,8473,2389,Win Char1
1064,8125,1665,Draw
993,5897,5321,Draw
7167,4948,3890,Win Char1
740,3438,351,Win Char1
9368,6770,2946,Win Char2
1509,7449,5499,Draw
1888,5205,1067,Draw
796,4107,7051,Win Char1
7037,4263,4414,Win Char2
8260,5988,9042,Win Char2
9737,9449,6833,Win Char2
3328,8914,4069,Win Char2
26,9450,4391,Win Char1
1682,668,4413,Win Char1
5624,8659,4740,Draw
7671,3488,4358,Win Char2
9771,5438,8036,Win Char1
4756,7158,2035,Draw
2076,5127,7236,Win Char2
5410,1182,984,Win Char2
854,5411,3320,Draw
9579,5977,5323,Draw
7011,4226,4989,Draw
1665,6946,3313,Draw
5721,7226,2097,Win Char1
4935,1085,3874,Win Char1
1241,783,4453,Win Char2
8407,1424,7161,Draw
5782,9744,6573,Win Char2
1824,5553,9447,Win Char1
3799,7506,2952,Win Char1
1268,6470,1101,Win Char2
9837,1211,6706,Win Char2
5616,3063,3968,Win Char1
5353,4731,1959,Draw
8706,3277,9194,Win Char2
7984,2152,5262,Win Char2
5045,6291,3822,Draw
7200,343,5715,Win Char1
9250,7442,8423,Win Char2
5509,9222,990,Win Char2
7439,5247,1998,Win Char2
5738,7083,458,Draw
3785,2815,9110,Win Char2
6077,1324,2536,Win Char2
8369,3354,7745,Win Char2
399,6751,6390,Win Char1
218,8878,3490,Win Char2
9693,7989,9947,Win Char2
9093,5763,9762,Win Char1
8117,5458,6752,Draw
9482,1834,7725,Draw
1766,1195,7372,Win Char2
8680,7428,9513,Draw
5202,7365,2082,Win Char1
9740,6497,4761,Win Char2
3412,7595,3695,Draw
7951,379,9985,Draw
2739,1702,9918,Win Char2
1386,3259,4492,Draw
5474,4192,2887,Draw
4393,3158,9076,Draw
2929,530,1904,Win Char1
8708,7845,8419,Draw
4144,3925,5161,Win Char1
9347,3316,4515,Win Char2
3031,6490,790,Draw
1977,257,8366,Win Char1
3233,2089,3917,Win Char2
8294,1172,632,Win Char1
6982,3021,2689,Draw
5573,1811,4993,Win Char1
9357,1539,4045,Draw
9063,6905,848,Draw
7995,6085,7666,Draw
624,2553,6215,Win Char1
3826,8607,3491,Draw
3241,8483,5701,Draw
1865,5854,5838,Win Char2
9849,3139,750,Draw
7628,7673,9709,Win Char2
6210,8792,7758,Win Char1
6886,3664,6412,Win Char1
4233,385,6153,Draw
818,4906,7621,Win Char2
4828,4501,3117,Win Char2
2544,1088,8944,Draw
1717,5935,6758,Win Char2
3966,3728,7750,Draw
2682,1020,865,Draw
2995,4941,7468,Win Char1
5325,8817,8627,Win Char1
5410,823,1827,Win Char2
5818,3934,5533,Win Char2
2026,113,2441,Win Char2
8841,2117,9237,Win Char1
3774,8523,7106,Draw
6517,3928,2785,Win Char2
7730,9821,8190,Draw
7118,5223,5272,Win Char2
2971,9556,1671,Draw
1345,5730,4998,Win Char1
8411,8737,9483,Win Char1
1060,3085,371,Win Char2
3113,4280,5814,Draw
5633,3598,5899,Win Char1
4271,8852,1404,Draw
7550,4836,4061,Win Char1
2069,8990,3320,Draw
2146,4272,3860,Win Char1
8643,8026,9137,Win Char1
4873,8773,1722,Win Char2
8431,8750,3106,Win Char1
9116,5280,1220,Win Char2
2497,2457,652,Win Char2
4428,1994,9392,Draw
2822,1374,1896,Draw
4878,4393,5585,Win Char2
8068,7516,5591,Win Char1
1249,1593,6007,Win Char1
7544,4551,5450,Win Char2
1646,5796,2302,Draw
6688,9439,6122,Win Char1
2386,1620,620,Win Char2
1756,1316,9468,Win Char1
729,8923,8746,Win Char1
6033,2699,9085,Win Char2
4719,6709,9318,Win Char1
3767,9539,7065,Win Char1
4867,2130,7321,Win Char1
1094,7611,6443,Win Char2
7780,652,7710,Win Char1
4353,3788,5785,Win Char1
4116,9513,5747,Win Char1
5338,5866,9880,Win Char2
4658,4682,8393,Win Char1
8037,2371,2786,Win Char1
4742,4159,1076,Draw
5316,7858,9455,Win Char1
363,8642,3790,Win Char2
9139,4470,2594,Draw
4192,5194,1023,Draw
9653,5017,9582,Draw
3809,7543,2412,Draw
58,4983,7918,Win Char2
259,7234,4350,Win Char2
3635,621,3145,Win Char1
2464,8990,2254,Win Char1
7878,6614,5763,Win Char1
6803,166,8597,Win Char2
7208,8502,2146,Win Char2
7863,6440,4044,Win Char1
7178,6530,7128,Draw
5036,9236,4221,Win Char2
5015,3301,219,Draw
6492,469,6459,Win Char1
8279,9538,2037,Win Char2
3335,4824,1510,Draw
610,1439,9770,Draw
876,7285,6256,Win Char1
221,2638,9056,Win Char1
796,1397,9173,Win Char1
9811,3578,1069,Win Char1
5327,5411,9974,Draw
2105,3980,6388,Win Char2
8966,8249,7859,Win Char1
1909,9064,9178,Win Char1
7522,6848,2987,Draw
2996,9944,6577,Win Char2
1241,2909,1642,Win Char2
3858,5467,3131,Draw
5019,3161,9847,Win Char2
9865,845,9437,Win Char2
6160,8664,506,Win Char2
9516,6020,4684,Win Char2
7584,617,7203,Draw
9358,2539,4075,Win Char2
4639,1384,2054,Draw
145,5135,5266,Draw
6297,4860,290,Draw
9685,1782,1792,Win Char2
2837,4775,896,Win Char1
2216,1455,4675,Win Char2
3293,6392,9587,Win Char2
1285,9430,9568,Draw
4591,8920,8729,Win Char1
8324,9658,1722,Win Char2
4325,9730,7665,Win Char1
2432,5839,6973,Win Char2
7269,305,7956,Win Char1
7298,4140,4076,Win Char1
3836,6036,584,Win Char1
6657,8659,5618,Win Char1
2145,5404,3976,Win Char1
1545,6861,3900,Win Char1
4662,4270,2920,Draw
9949,5417,2249,Win Char1
123,930,5700,Draw
2578,1121,1155,Win Char2
6322,8605,8767,Win Char2
179,1171,6979,Draw
7483,5256,3519,Win Char1
3340,156,5359,Draw
9949,2182,6287,Win Char1
8835,9633,3250,Draw
9163,1465,2066,Draw
6303,3680,2824,Win Char2
4341,6832,1637,Win Char2
4891,8361,5853,Win Char1
3593,4615,6586,Win Char2
5867,4499,4421,Win Char1
4865,1711,5333,Win Char2
236,9529,3875,Win Char1
7339,5026,109,Win Char1
1279,8812,9757,Draw
1359,6239,3629,Draw
6939,5259,2869,Win Char1
7267,327,7658,Win Char1
3457,5735,2226,Win Char2
8764,5770,2810,Draw
471,9975,3072,Win Char1
1759,6946,2963,Win Char2
4637,775,4155,Win Char1
2522,7841,2764,Draw
8340,7605,5075,Win Char2
3727,3165,203,Win Char2
3853,96,1927,Win Char2
5358,4397,4826,Win Char2
7533,3798,3757,Win Char1
9261,5801,6770,Draw
6765,1692,9245,Draw
9934,5815,6634,Win Char2
9113,3668,1624,Draw
8205,8654,1559,Win Char1
9325,5863,2279,Win Char1
1627,5110,2271,Draw
9383,9101,2583,Win Char1
4972,9319,8416,Draw
9092,5409,7942,Win Char2
4866,7014,5481,Win Char1
114,3386,6212,Win Char2
1012,1683,2355,Draw
5017,4011,5704,Win Char2
4092,6229,8231,Win Char1
1020,802,5275,Win Char2
3956,684,4467,Win Char2
2354,4653,7679,Win Char2
8640,5403,3695,Win Char1
875,9223,2237,Win Char2
735,1875,2977,Win Char1
3727,9659,8355,Win Char1
760,3973,9804,Win Char2
1898,4214,714,Win Char1
5804,6604,2929,Draw
9307,8360,8970,Draw
4888,6789,229,Draw
7571,8175,7291,Draw
4779,5272,2356,Win Char1
6569,1551,7678,Draw
380,2677,5506,Win Char1
4478,7533,4864,Draw
1067,1659,4240,Win Char1
9898,5074,7994,Win Char2
5208,3175,6816,Draw
5905,1375,7707,Draw
2764,8529,399,Win Char2
6003,2788,8410,Draw
3515,5664,1911,Draw
6779,2916,7679,Win Char1
581,6043,2387,Win Char2
2051,8333,9151,Win Char2
7194,9520,7532,Win Char1
1735,3566,7611,Draw
4435,3237,1516,Win Char1
9078,3525,9285,Draw
4372,185,6458,Draw
6093,1039,8808,Win Char1
8444,3034,9415,Win Char2
9028,4530,162,Draw
5557,4663,4728,Win Char2
6089,1776,404,Draw
7124,1146,3268,Win Char1
9410,7434,6060,Draw
4307,5877,2877,Win Char1
7106,9349,4043,Win Char2
2876,2475,1886,Win Char2
8414,6195,5226,Win Char1
5031,1657,2353,Win Char1
1180,5616,870,Draw
8674,8299,9342,Win Char2
1837,8756,603,Win Char2
4561,8692,1035,Draw
6699,4848,4383,Draw
7889,7475,6485,Draw
5038,847,7945,Win Char1
7580,6678,541,Win Char2
8751,9538,4488,Draw
8039,462,2792,Win Char2
7081,2673,4644,Win Char2
8029,1223,3024,Win Char1
521,3359,1318,Draw
8517,7820,6945,Win Char2
6216,1470,2958,Draw
1358,4987,6518,Draw
3590,2599,8506,Draw
8267,5658,7162,Win Char1
2420,9375,1536,Win Char1
4263,1301,4955,Win Char1
1716,6994,6125,Draw
5139,6394,8064,Win Char1
472,302,4337,Win Char1
6873,2822,1276,Draw
6692,728,8140,Draw
9399,8170,8351,Draw
8419,2405,3437,Win Char1
505,8324,9786,Draw
2930,4957,6453,Win Char2
7416,3589,7727,Win Char2
7669,6518,2222,Win Char2
9846,4091,4689,Win Char1
1792,8203,8349,Win Char1
1566,4126,9037,Win Char1
3840,5894,3265,Draw
2837,7447,1196,Draw
5466,4050,7993,Draw
8534,9589,7518,Win Char1
4457,8468,5820,Draw
2758,2358,2102,Win Char1
3331,3637,5332,Win Char2
58,1361,4224,Draw
5328,8286,584,Win Char2
2599,1714,932,Win Char1
1177,6717,5294,Win Char2
9989,7624,4409,Draw
9588,1448,312,Win Char1
3639,7009,7802,Win Char2
1313,5237,3692,Win Char1
6133,4380,8564,Win Char1
5996,9307,8561,Win Char2
7686,8027,9309,Draw
9372,4534,1993,Win Char1
3292,1225,3182,Win Char1
1773,9936,3929,Draw
7004,7163,2115,Win Char2
1924,954,5246,Draw
7785,5401,6275,Win Char1
331,6614,1851,Win Char2
8634,3848,1388,Draw
7470,8294,4923,Win Char2
171,6456,392,Draw
635,7791,1300,Win Char2
4891,7342,4815,Win Char2
5650,1543,1215,Draw
2616,8424,8092,Draw
9901,3958,6057,Win Char1
1722,8587,9118,Win Char2
3956,5983,2837,Win Char2
80,5476,6808,Win Char2
8343,8984,8263,Draw
2201,5960,7013,Win Char1
5749,5565,9209,Draw
4491,4028,4172,Win Char2
9446,154,9232,Draw
4768,5028,2707,Draw
3568,7203,2633,Draw
6037,6928,2812,Win Char1
5070,6386,1709,Win Char1
4642,1972,4766,Draw
5627,4035,5614,Draw
4589,7566,9957,Win Char1
962,1887,2969,Draw
8169,4870,3300,Win Char2
7002,7917,4417,Draw
6976,8165,2937,Win Char1
2425,9626,1641,Win Char2
6588,2998,8123,Win Char2
6926,2645,5065,Draw
4168,3099,1648,Draw
4093,99,8468,Win Char2
8693,7219,7080,Draw
748,9040,3243,Win Char2
6583,4574,3045,Draw
3785,8876,6085,Draw
3530,2597,9772,Win Char2
350,7832,1680,Win Char1
1371,1597,7390,Draw
5635,1046,2319,Win Char1
1305,3555,8829,Win Char2
898,2161,4291,Draw
8839,4875,647,Win Char2
6752,6465,8389,Draw
1222,6976,3487,Win Char2
253,7467,5326,Draw
7298,791,1103,Win Char2
4973,1737,2607,Draw
9553,6862,6968,Draw
9608,1919,4557,Draw
2445,5556,1960,Win Char1
2501,2701,781,Win Char1
1678,1724,48,Win Char1
7504,3830,1095,Win Char1
5160,9324,9033,Draw
6255,9186,7983,Win Char1
2774,6250,9672,Win Char2
5636,1110,4313,Win Char1
4828,8791,7365,Win Char2
1788,5063,9843,Draw
9253,3990,4657,Draw
6656,8113,6130,Draw
9249,8179,6770,Win Char1
2438,9411,4835,Draw
8252,3007,8156,Draw
1044,4790,105,Win Char2
1793,1340,9274,Win Char1
1809,3573,8655,Draw
4486,9026,4856,Win Char1
2944,7516,3738,Win Char1
2909,1276,8209,Draw
9691,1443,8845,Win Char2
3700,5313,6634,Win Char2
1331,7196,553,Win Char1
4099,4083,8197,Draw
4405,7391,5776,Win Char1
1410,32,8193,Win Char1
2119,4578,7564,Draw
1829,6718,300,Win Char1
8019,3253,3930,Draw
678,1372,6721,Win Char2
5277,7601,9420,Draw
3305,6274,9338,Win Char1
2757,9628,9717,Win Char2
843,8658,3897,Win Char1
4304,8224,3247,Win Char2
7301,51,7855,Win Char2
1143,723,3330,Win Char1
5647,1534,8837,Draw
6522,6853,1060,Draw
2691,5502,9761,Win Char2
7263,8939,3213,Win Char1
7931,7400,8777,Draw
9468,1272,5045,Win Char2
2152,2808,7872,Win Char2
4698,501,4550,Win Char1
3205,2771,2325,Win Char2
1208,4703,94,Win Char1
8811,4040,9559,Win Char2
9952,8288,3176,Win Char1
5218,1470,3,Win Char1
4939,9257,9746,Win Char1
6305,4866,6595,Win Char2
7729,6367,4308,Draw
6032,336,880,Draw
3901,4519,8487,Win Char1
9755,893,6684,Win Char2
2662,3243,272,Draw
385,3790,6243,Draw
1204,7801,2854,Draw
3447,2746,5072,Win Char1
7074,3536,3689,Draw
796,9553,6419,Draw
1721,8720,5404,Draw
9701,8881,8275,Win Char1
9472,5173,5712,Win Char2
8750,8302,7353,Win Char1
2815,5013,1267,Draw
5045,6671,4523,Draw
7781,4709,5362,Win Char1
679,1993,5540,Win Char2
5836,1244,2020,Draw
8412,5123,4161,Draw
5226,2135,3543,Draw
4563,3048,3146,Win Char1
4264,6712,9020,Win Char2
9063,8723,9681,Draw
2819,7506,5285,Win Char2
683,2635,7154,Draw
8382,1574,7556,Win Char2
9145,4976,875,Win Char1
3404,496,6857,Win Char2
6962,6313,2263,Draw
2325,8869,6417,Win Char2
3832,4680,4252,Draw
5852,7539,6729,Win Char1
8549,5191,7031,Win Char1
2491,5287,8809,Win Char2
8641,1051,8513,Win Char1
3112,4095,4709,Win Char1
986,6421,9379,Win Char1
597,3237,4605,Win Char2
5173,9663,995,Win Char1
792,7302,6023,Draw
3508,9703,338,Win Char2
4726,4173,373,Win Char1
8823,6315,9553,Win Char2
2398,4234,62,Win Char1
825,7757,6638,Win Char2
3521,3641,7915,Draw
7006,2547,3680,Draw
473,8277,125,Draw
5506,2482,6434,Draw
7797,6360,1289,Win Char1
2663,7875,7008,Draw
8059,2509,7921,Win Char2
6035,2409,4370,Win Char2
3500,8214,9662,Draw
4324,9877,7122,Draw
574,5118,303,Draw
6541,755,6201,Win Char1
4503,8277,464,Draw
9347,3770,347,Win Char1
7644,4509,1639,Win Char1
1087,4451,394,Draw
9830,5352,1433,Win Char2
3451,5334,6468,Win Char1
5197,2631,5150,Win Char2
3638,6941,8127,Win Char1
379,7638,2899,Draw
8002,897,5411,Draw
1837,8492,5252,Win Char2
5142,1899,2421,Win Char2
6021,8307,4662,Draw
7875,3328,2354,Draw
7163,8740,109,Win Char1
2714,9479,9788,Win Char1
5994,3935,1218,Draw
3759,3709,1899,Win Char1
9344,7618,5356,Draw
103,938,2094,Draw
1488,1808,6165,Win Char2
9354,5759,196,Win Char2
8102,7002,9117,Draw
682,4548,7249,Draw
8446,8933,504,Win Char1
1520,8625,8912,Draw
5105,7265,1102,Draw
9565,6592,9371,Win Char2
1550,1668,155,Win Char2
2698,3993,7665,Win Char2
7247,7626,7361,Win Char2
1600,9398,3345,Draw
7564,2206,2063,Win Char2
1946,7967,457,Draw
3895,6722,9461,Win Char1
4499,9997,7297,Win Char1
5957,4969,1093,Draw
1072,2895,3864,Win Char2
3003,1716,4435,Win Char2
2883,9209,3621,Win Char1
7283,8877,6941,Win Char1
7794,9106,6222,Win Char2
6785,4443,8231,Win Char2
1953,5840,517,Draw
783,5303,8179,Win Char2
9440,8669,7150,Draw
7200,4825,6074,Win Char1
1904,9648,8461,Win Char1
9740,4693,5222,Win Char2
9228,3156,6075,Draw
3381,7291,4287,Win Char1
2694,4123,6194,Win Char1
5909,1634,541,Draw
6134,7918,4450,Draw
1539,6836,3900,Win Char1
4866,360,815,Win Char2
2774,2876,2214,Win Char2
5134,5576,8814,Win Char2
859,1043,7222,Draw
1483,7536,4671,Win Char1
3808,8461,2097,Win Char2
4310,8668,1727,Draw
3772,3145,3926,Draw
4369,7392,702,Draw
5207,2678,2140,Win Char2
4525,4505,5521,Draw
4583,1976,5178,Draw
5350,6212,1917,Win Char1
9063,175,7168,Win Char1
2009,7464,5543,Win Char1
457,9149,1565,Win Char2
872,6442,698,Draw
2981,8038,3559,Win Char1
2539,7876,2725,Win Char1
8689,4362,4737,Win Char1
5641,7218,1416,Draw
3265,2446,5088,Win Char2
8019,9631,1595,Draw
1905,2749,1689,Win Char1
688,933,5194,Win Char2
2328,7833,3077,Win Char1
3139,239,4022,Win Char1
2600,1590,4423,Win Char1
5964,4687,385,Win Char2
4633,9547,4036,Win Char2
5475,987,6960,Win Char1
5112,3710,4912,Win Char1
4411,6211,3368,Win Char2
8330,426,1051,Win Char1
9293,7720,2565,Draw
5267,7366,7014,Win Char2
9096,1531,5596,Win Char1
2544,6352,347,Draw
2155,4492,1348,Draw
5215,5826,2100,Win Char2
7559,4253,7523,Draw
3177,6144,5906,Win Char1
3514,6230,7403,Draw
9441,1893,5163,Win Char1
8532,7857,134,Draw
1413,6685,4535,Draw
1040,6243,1566,Draw
4501,8096,2993,Draw
1925,4490,7486,Draw
6552,2869,9087,Draw
2270,2515,3563,Win Char1
8081,4915,7810,Draw
3777,567,6117,Win Char1
9436,636,3584,Win Char1
7559,3022,3006,Win Char2
8906,6268,2397,Draw
4681,7042,9311,Draw
6724,2481,3499,Win Char1
1210,5635,6743,Draw
9301,6041,6902,Win Char2
312,1720,1725,Win Char2
9205,1843,1993,Win Char2
4658,1948,5399,Win Char1
2397,6934,3835,Win Char1
6331,2175,1546,Draw
9465,4216,5626,Win Char1
5730,9579,7763,Win Char2
532,5934,7709,Win Char2
4752,7151,9725,Win Char1
6084,716,667,Win Char2
8674,1010,9302,Win Char2
1420,273,1084,Win Char2
1255,3677,2204,Win Char2
4707,7261,3323,Draw
1443,6471,9158,Win Char1
3573,5326,6264,Win Char1
2188,7044,1348,Win Char1
979,3827,6103,Draw
7936,3787,3603,Win Char1
320,1042,9611,Draw
5914,879,9242,Win Char2
1149,3971,9924,Draw
5435,3651,9155,Win Char1
9704,7338,1591,Win Char1
9845,2068,8731,Draw
3471,3291,4607,Draw
758,421,723,Win Char2
9641,6995,6733,Draw
282,9163,2717,Win Char1
5102,1164,1369,Win Char1
4987,223,4280,Draw
2020,752,6265,Draw
2128,9892,8496,Win Char1
2219,7678,4716,Win Char2
4898,2386,300,Win Char2
6141,1026,8351,Draw
59,7494,1044,Win Char2
4890,5593,5755,Win Char2
9152,5057,8040,Win Char2
9385,9002,5646,Draw
7389,4752,632,Win Char2
3385,8221,6375,Win Char2
231,5276,434,Win Char2
7157,1466,6913,Win Char1
362,5358,8755,Draw
3291,9559,6749,Win Char2
889,7101,8428,Draw
2540,2754,525,Win Char2
4940,7468,249,Draw
2425,9894,7463,Win Char2
5404,6922,8100,Draw
2095,8567,8271,Draw
7510,7564,7503,Win Char1
7682,5750,2709,Win Char1
5087,8866,2943,Draw
4555,8673,2989,Draw
1627,2046,6272,Win Char1
5941,212,9849,Draw
1399,9091,9131,Win Char2
6367,7257,6363,Win Char2
717,8322,4233,Win Char1
6331,8111,4298,Win Char1
6757,9541,398,Win Char1
9511,8074,3292,Win Char1
1085,2715,9097,Draw
7047,4937,645,Win Char2
5967,7651,7314,Draw
2114,8201,8644,Win Char2
3778,9372,8072,Win Char2
381,979,5153,Win Char2
2227,7030,7155,Win Char2
9811,9941,8000,Draw
4175,7352,4516,Win Char1
5182,5147,6967,Draw
1227,3515,9302,Win Char2
5952,4905,5341,Draw
3257,6581,576,Win Char2
3593,8489,2604,Win Char2
4360,4803,1595,Win Char2
7853,5981,2265,Win Char2
7274,9382,4824,Win Char1
4507,1531,7990,Win Char2
5890,5677,4470,Win Char1
8506,8193,5845,Draw
7457,9848,5134,Win Char2
6155,8055,7960,Win Char1
9523,1133,114,Win Char1
7384,9811,9844,Draw
175,8857,7600,Win Char1
1098,9826,1154,Win Char2
9642,1097,7864,Win Char2
6996,5918,3521,Draw
7620,7025,3038,Draw
9433,2905,3931,Draw
7927,5217,9803,Win Char1
4137,2506,4342,Win Char1
4716,7280,5864,Win Char1
1624,6776,5892,Win Char1
7276,3545,173,Draw
1447,2691,1548,Draw
7248,8959,1811,Win Char1
1571,9339,1838,Draw
2485,5128,2344,Win Char2
5004,1833,3707,Win Char1
7472,4502,4096,Win Char1
1826,9292,1214,Win Char1
7758,4906,4540,Win Char2
7722,4250,6488,Win Char1
1656,9460,9917,Win Char2
1966,7324,5950,Draw
6964,6030,126,Draw
3320,1773,674,Win Char2
3797,437,6950,Draw
1257,724,2439,Draw
324,726,4876,Win Char2
3381,9811,1239,Draw
5098,4770,3281,Win Char1
8648,7890,4696,Draw
7362,7461,6441,Win Char1
7978,399,4404,Win Char2
447,4524,83,Win Char2
8393,5750,1821,Win Char2
1402,3266,9976,Draw
9931,3398,5883,Win Char2
378,6899,8070,Win Char1
3899,4967,3917,Win Char2
7066,7032,3335,Win Char1
536,8316,3767,Win Char2
5624,4849,2160,Draw
7319,9026,3374,Draw
8390,2941,4713,Win Char1
7941,6770,2001,Win Char1
6192,4916,6358,Draw
3558,9782,4979,Win Char2
1782,3575,851,Win Char2
7318,1924,2660,Win Char2
4280,2431,8598,Draw
2064,8267,161,Win Char2
4893,1,8165,Draw
8589,2538,9624,Win Char2
4666,2977,8451,Win Char1
5196,5357,4110,Win Char1
56,3985,433,Win Char1
9564,8451,8432,Win Char2
3762,6233,9085,Win Char2
150,8323,7366,Draw
7307,9489,9491,Win Char2
9359,5657,916,Win Char2
13,6992,9696,Draw
1110,6070,1332,Win Char1
4479,2783,1677,Draw
8818,6086,6739,Win Char1
8968,5792,9553,Win Char2
7162,3509,9871,Win Char2
8213,8081,2709,Win Char2
2391,6794,3931,Draw
1468,7628,6312,Draw
2035,9891,542,Win Char2
6454,506,815,Win Char1
8554,1115,7480,Win Char1
8668,7685,9085,Win Char1
1826,3492,2813,Draw
7280,1564,9520,Win Char1
8190,382,4529,Win Char1
1100,4455,8216,Draw
9266,9794,2162,Draw
4092,1096,3869,Win Char1
4126,2822,6818,Win Char2
271,5696,1994,Win Char2
7135,206,9953,Win Char2
5903,7342,5100,Draw
2344,6989,5599,Win Char1
791,2584,382,Win Char1
826,2761,783,Draw
3579,3908,2964,Win Char2
5698,3471,3780,Win Char1
3805,5910,294,Draw
5958,3779,4435,Draw
7771,9318,5904,Win Char1
2688,2324,5239,Win Char1
7359,9222,3611,Draw
3330,3027,2112,Draw
3225,3585,4062,Win Char1
1554,4500,7194,Win Char2
9714,4126,330,Draw
5069,7827,9430,Win Char2
4177,7210,5368,Draw
58,6719,2225,Win Char1
2214,5610,3475,Win Char2
146,36,9110,Win Char1
1025,7089,7681,Draw
116,7768,3364,Draw
7491,4650,1867,Win Char1
8735,2060,5040,Draw
1159,2620,3273,Draw
7269,4281,9817,Win Char2
2662,3490,6442,Draw
6215,9594,2055,Draw
5973,2385,7192,Win Char1
2917,8962,960,Win Char2
9302,9292,4804,Win Char2
6353,9508,846,Win Char2
6062,1606,7709,Win Char2
7093,394,617,Win Char2
8236,71,6790,Draw
5384,7755,6152,Win Char1
6746,5071,9815,Win Char2
2890,1205,6321,Win Char2
224,1474,8468,Draw
171,7437,6652,Draw
7267,864,4847,Win Char2
9274,2257,183,Win Char1
4069,4573,4335,Win Char2
9630,2258,176,Win Char2
8844,7842,5316,Draw
1580,5822,2927,Win Char1
5953,6424,2715,Win Char1
4720,9316,1917,Win Char2
2208,1131,1578,Win Char2
7753,7884,5294,Win Char2
7294,2317,937,Win Char1
6562,9976,3964,Win Char2
2586,5358,3253,Win Char2
9734,626,5118,Win Char1
3409,387,2457,Win Char2
246,2236,746,Win Char2
5226,4317,3353,Win Char2
8199,2494,7909,Draw
1924,5936,3216,Win Char2
8594,2544,3817,Win Char1
7289,1221,6868,Draw
9571,761,8891,Win Char2
52,8706,8055,Win Char1
8006,4101,3962,Win Char2
7193,8092,1957,Draw
8797,4862,5454,Win Char2
5039,6405,5814,Win Char2
9786,1916,3491,Draw
1,7747,6096,Win Char2
1370,2670,1970,Win Char1
4929,423,5106,Draw
8546,4872,5225,Win Char2
6560,7657,3726,Win Char2
5042,7552,7927,Win Char2
491,5723,1584,Win Char2
5233,1732,904,Draw
9109,3449,3091,Draw
3696,3013,6872,Draw
4800,9822,6811,Win Char1
8583,3426,5838,Win Char1
5534,5800,1396,Win Char1
6758,7182,8564,Draw
8581,3622,276,Win Char1
8127,3579,2884,Win Char1
1461,6358,8228,Win Char1
2888,1551,3971,Win Char1
9745,6457,4778,Win Char2
7475,6094,9182,Win Char1
6212,8231,5312,Win Char1
7539,9425,575,Draw
7387,3197,240,Win Char2
3191,6786,78,Win Char2
9623,3279,3527,Win Char1
5481,470,7392,Win Char1
4175,6943,3704,Draw
5314,3148,9716,Win Char2
7128,4061,466,Win Char1
8151,3338,406,Win Char2
906,188,4661,Draw
4550,829,4846,Win Char1
772,9636,1172,Win Char2
5287,4324,8768,Draw
8050,9330,1687,Win Char2
9805,9949,7523,Draw
6316,8238,5146,Draw
7441,8446,9742,Draw
628,1346,6099,Win Char2
9999,5176,1105,Win Char2
5626,6530,4273,Win Char1
129,8625,2997,Win Char2
9328,7635,916,Draw
8541,5386,7131,Draw
215,2161,1272,Win Char1
2596,8387,8332,Draw
5502,1640,5926,Win Char2
6683,3467,1538,Win Char1
2329,8726,4843,Win Char1
5505,8141,2788,Draw
4541,7979,1104,Draw
4610,6676,9893,Draw
9509,1155,7895,Win Char2
685,5036,2397,Win Char1
7109,4904,5014,Win Char2
678,760,3345,Win Char2
6797,3185,7453,Win Char2
9605,672,8649,Draw
5550,6621,528,Win Char2
9459,7120,7770,Win Char2
7807,1845,8208,Win Char1
3297,6742,6181,Win Char2
2812,3925,9712,Draw
5340,2000,4959,Win Char2
9454,6611,3066,Win Char1
6942,614,385,Win Char1
6880,5466,768,Win Char2
1457,4660,5104,Win Char2
7809,1960,9400,Draw
3876,1711,7441,Draw
5400,2283,1743,Win Char2
2882,1454,6018,Win Char1
2359,4803,1169,Draw
1971,4600,916,Win Char2
2996,1080,5811,Win Char1
3861,5981,7415,Win Char2
6801,7401,6025,Draw
6483,6585,1430,Draw
7845,9748,8997,Win Char1
7916,7570,7994,Win Char1
2856,1054,3940,Win Char1
8083,7153,7406,Win Char2
7286,9496,8341,Draw
204,9316,4303,Win Char1
1080,6475,2452,Draw
3553,2512,3377,Win Char1
2891,465,946,Draw
3837,7431,3874,Draw
8338,9683,9109,Win Char2
8910,2094,1727,Draw
4787,2348,1900,Win Char1
1993,7243,8168,Win Char2
9878,6471,4631,Win Char1
4952,3009,8734,Draw
5821,9937,4605,Win Char1
571,8298,3461,Win Char2
567,8299,5874,Win Char1
9199,6636,3534,Win Char2
8043,6663,9301,Win Char2
8514,1091,6943,Draw
1133,9983,3005,Win Char2
3508,6900,1682,Win Char1
8004,9692,6310,Win Char1
299,3068,8931,Draw
7139,1515,4482,Draw
8767,6293,5774,Draw
6062,9864,2648,Win Char1
3851,4980,8776,Win Char2
8716,9519,3432,Win Char2
1382,9022,4860,Win Char1
9560,2943,9091,Win Char1
2095,3347,4792,Draw
5831,3571,8492,Win Char1
6589,3083,7147,Win Char2
4286,3902,8441,Win Char2
1904,7869,507,Win Char2
9738,7966,8077,Draw
7387,505,3794,Draw
2994,9378,9491,Win Char1
9226,3543,9821,Win Char2
9578,6247,4033,Draw
9634,4416,9373,Win Char2
7552,4930,6558,Win Char2
4122,5111,8086,Draw
2932,5826,127,Win Char2
7148,5557,8841,Win Char2
3733,1530,1595,Draw
6438,5928,8195,Win Char1
1594,9844,9885,Draw
4202,4902,8186,Draw
3934,3247,5839,Win Char2
3406,4730,3395,Win Char1
9812,6693,153,Draw
747,8876,5002,Draw
7158,6722,8287,Draw
8364,1713,3868,Win Char2
4583,2981,4242,Win Char2
6288,2720,8857,Win Char2
4346,4878,5921,Win Char1
2816,3399,3567,Win Char2
2713,2094,9793,Win Char2
5120,1718,730,Win Char1
1315,4374,9575,Draw
2862,3127,859,Draw
2848,7417,5329,Win Char2
6617,9094,6714,Draw
1612,6587,1688,Draw
7977,1702,4538,Draw
7043,9932,3693,Win Char2
2427,8211,9984,Draw
3782,6117,1347,Draw
2543,1071,4416,Draw
6233,2784,4665,Win Char2
9291,3365,5260,Win Char1
6220,3407,4746,Draw
7782,438,2440,Draw
8267,7420,8572,Win Char2
8497,1680,7841,Draw
3052,8075,287,Win Char1
8358,3959,220,Win Char1
5793,5723,3872,Win Char1
4860,6163,5563,Win Char2
2407,428,9277,Draw
8831,206,8269,Win Char2
5330,9456,5858,Win Char2
9010,6753,3603,Win Char2
3795,1933,1347,Win Char1
9046,3760,2013,Draw
4771,4535,7555,Win Char1
6937,1838,8960,Win Char2
2121,9886,8757,Win Char2
314,458,5050,Win Char1
4987,82,3134,Win Char2
1724,6908,6057,Win Char2
1968,2368,7594,Win Char2
1836,7174,7531,Win Char2
1002,4530,3401,Win Char1
3182,4266,5409,Draw
3907,4026,123,Win Char1
7214,1511,7633,Draw
141,9873,339,Draw
9308,4748,830,Win Char1
9532,2175,6251,Win Char1
2868,8815,8720,Win Char1
4557,1688,8219,Win Char1
9792,5760,4346,Win Char2
8909,5767,3407,Draw
3012,6838,7352,Win Char1
1826,9083,5020,Win Char1
4771,8865,9831,Win Char2
2047,1260,4662,Draw
7124,6157,5305,Win Char1
2224,8673,9399,Win Char1
373,3206,2232,Win Char2
5189,6111,3573,Win Char2
4767,4696,2151,Win Char2
8498,7004,5534,Win Char2
2105,6237,7665,Win Char2
3273,3420,7813,Win Char1
4224,2793,8112,Win Char1
560,1344,6949,Win Char1
226,1229,6846,Draw
7647,4294,597,Win Char2
9729,5895,6317,Win Char2
9027,9815,4266,Draw
8363,2012,284,Win Char2
5617,5976,406,Win Char1
8177,7725,1269,Win Char2
9311,3153,2021,Win Char2
3908,6955,27,Draw
7353,3184,7509,Win Char1
2824,105,2223,Win Char1
7768,6998,8493,Draw
6194,3540,4830,Draw
2423,2779,7440,Win Char1
7509,9414,7103,Win Char1
1496,3490,3275,Win Char2
8703,2850,9934,Win Char2
3742,8829,4276,Win Char2
6324,840,8983,Draw
2183,7783,6284,Draw
7738,4495,583,Win Char2
8447,8921,5351,Win Char2
3755,8420,4337,Win Char2
5323,4044,5562,Draw
1180,8920,1859,Draw
9226,9656,8492,Draw
9771,2904,9756,Win Char2
6315,7805,1315,Draw
2989,9913,5639,Draw
5088,6296,3067,Win Char1
4025,120,1010,Win Char1
3042,4994,6306,Draw
1997,660,8192,Draw
7774,7934,164,Draw
8264,1701,6814,Win Char1
1457,7373,6540,Win Char2
8103,3850,8830,Draw
414,748,1534,Win Char1
2325,4419,3292,Win Char2
489,5084,3730,Draw
2561,6775,1932,Win Char2
6418,6184,3993,Draw
3282,9522,7738,Win Char2
2700,4353,4355,Draw
2592,7242,5133,Win Char1
4876,594,7885,Win Char1
4252,4578,900,Win Char1
8306,5549,8817,Draw
3363,3768,9550,Draw
39,469,4403,Win Char1
9610,4653,9679,Win Char2
8843,7628,6774,Win Char2
1125,7404,8507,Win Char1
8290,9047,5166,Win Char2
2200,3855,3679,Draw
4735,5414,9768,Win Char1
4220,8430,3815,Win Char1
6523,3065,8001,Win Char2
9545,8035,439,Win Char1
7042,9764,996,Win Char2
7132,9749,3629,Win Char1
7884,7735,361,Win Char2
5536,2596,9156,Win Char2
834,1233,2303,Win Char2
8294,3597,6282,Win Char1
9159,1815,6779,Win Char2
7545,8860,8308,Win Char2
9591,5909,8607,Draw
3492,4516,1043,Win Char1
178,353,7781,Draw
3702,5647,5992,Win Char1
5817,4605,8833,Win Char1
393,7432,8382,Draw
6101,1166,7404,Win Char1
2307,3964,8841,Win Char1
2187,3401,1047,Draw
9714,8986,617,Draw
3362,3804,1654,Win Char1
541,4975,5924,Draw
7328,7094,5281,Win Char1
1953,2035,3152,Draw
2863,910,5076,Win Char2
5552,6158,1596,Win Char1
9321,5963,9473,Win Char2
8369,1847,1339,Draw
309,1979,3267,Draw
5237,4105,962,Win Char1
650,2974,6825,Win Char2
7794,748,2186,Win Char2
686,6149,9620,Draw
4851,8722,6651,Win Char1
824,9222,5379,Win Char1
7183,1229,6039,Win Char1
819,440,7624,Draw
4620,9204,7433,Draw
4098,4448,1784,Win Char2
5741,1944,859,Win Char2
2120,8474,835,Win Char1
5644,3323,9367,Draw
3312,2732,6905,Draw
89,8125,6558,Draw
5829,6979,4519,Draw
2620,5508,5950,Draw
8827,6344,3193,Win Char1
3599,5181,6613,Win Char2
3783,3556,6400,Win Char1
257,8899,1973,Draw
2922,5037,3592,Draw
5245,5446,4043,Draw
2027,7026,5103,Win Char2
4566,3091,5510,Win Char2
1995,5386,2702,Win Char2
6675,7005,657,Win Char2
7135,7031,2844,Win Char1
1010,3714,9295,Win Char2
9902,5773,6674,Win Char1
4226,3923,9815,Win Char2
4412,1747,887,Win Char1
2364,5320,9270,Win Char2
6125,7696,5848,Win Char2
9903,9918,4637,Draw
73,5225,2147,Win Char2
8486,5014,5965,Win Char2
6257,9186,9422,Win Char2
5437,1664,1114,Draw
9438,1196,5238,Draw
8626,1970,913,Draw
6513,6085,3823,Draw
7520,4265,2457,Win Char1
8768,4291,2975,Win Char2
9648,732,5101,Draw
3307,8572,1183,Draw
819,6316,4794,Win Char1
1345,2187,7921,Draw
8960,9038,751,Win Char1
4050,798,4261,Win Char2
8656,753,4277,Win Char2
6330,9751,9734,Win Char2
802,9759,9920,Draw
6596,6715,3436,Win Char2
5324,4394,3985,Draw
8291,7478,3207,Win Char1
112,7544,3581,Win Char1
4169,2418,6639,Draw
6150,1589,6123,Win Char2
7362,7844,1609,Win Char2
1776,475,8893,Draw
5840,4168,3586,Win Char2
3201,6140,9682,Win Char1
6297,3732,1165,Win Char1
1193,3359,4019,Win Char2
6822,2456,7328,Win Char1
9103,8430,6260,Win Char2
262,2436,1663,Draw
9331,3570,8733,Win Char2
6493,3611,2273,Win Char2
4631,1454,1530,Win Char2
87,7205,2488,Win Char2
8938,5262,5023,Draw
6851,6978,4158,Win Char1
5286,8326,2610,Win Char2
1859,1199,579,Draw
7997,2127,7208,Win Char2
5776,5701,911,Draw
97,1182,2187,Draw
7990,7936,2732,Win Char1
389,9126,8487,Win Char2
5583,5683,3797,Win Char2
5318,7204,3962,Win Char2
7131,3064,1473,Draw
6454,4434,713,Draw
3053,5018,5139,Draw
3599,9184,1752,Win Char2
2090,4479,416,Win Char1
1970,8497,6166,Win Char1
5930,9676,9276,Draw
3591,9834,593,Win Char2
1719,7524,9044,Draw
636,8008,9872,Win Char2
9804,4851,2829,Win Char2
6990,8207,3222,Win Char2
7917,2555,3706,Draw
2316,5002,2116,Win Char2
2176,7783,7586,Win Char1
8667,6023,4346,Win Char1
8409,5908,4739,Win Char1
2849,5769,8571,Win Char2
5018,4055,3908,Win Char2
4405,1015,6700,Draw
3844,4126,9904,Draw
7164,6483,8028,Win Char1
1075,7781,3341,Draw
4250,1000,7399,Win Char2
3025,3874,8327,Win Char1
6955,3624,379,Draw
914,3178,9397,Win Char2
1971,5263,2433,Win Char2
2935,3440,1262,Win Char1
3639,9406,6899,Win Char2
7521,1446,8497,Draw
1805,8943,6439,Win Char2
9159,8791,404,Draw
725,9998,2286,Draw
8347,39,9712,Win Char1
8272,9953,4480,Draw
6423,6145,2103,Draw
9836,3252,7664,Draw
8391,5484,8569,Win Char1
6512,7483,7442,Draw
4396,2890,1728,Draw
3526,5032,2504,Draw
8512,2739,8761,Win Char2
6077,6665,7761,Win Char2
9242,5060,5397,Win Char2
5807,8720,3436,Win Char2
5220,3126,6452,Win Char1
3170,2256,3692,Win Char1
3623,2200,7980,Draw
3215,4614,6843,Win Char1
6584,6240,3942,Win Char2
2483,2727,8035,Draw
1474,4637,2772,Win Char1
8848,8504,7359,Win Char2
6666,8753,5121,Win Char1
6960,4426,2751,Win Char2
6076,1831,657,Win Char1
3610,4265,4858,Win Char1
433,1264,5419,Draw
6329,1754,2712,Draw
8622,2254,2200,Win Char2
782,2469,8008,Win Char2
6261,7711,1649,Win Char2
6712,974,3778,Draw
840,4133,2829,Draw
7797,7565,6588,Draw
9010,1676,7063,Win Char2
4711,7625,3626,Win Char1
8021,7235,9615,Win Char2
521,301,9754,Win Char1
4797,407,7099,Draw
1876,279,8316,Win Char2
5832,9172,2052,Draw
6930,7698,9150,Draw
9236,2838,2147,Win Char2
4444,9784,9558,Win Char1
7783,7471,8513,Win Char1
2415,7376,2215,Win Char2
4599,364,2411,Win Char1
417,1032,9000,Draw
4022,4741,3213,Draw
4409,4290,5237,Win Char2
717,8316,2837,Win Char1
7949,2986,4330,Win Char2
3888,5118,1333,Win Char2
7136,985,7739,Draw
4062,9421,2060,Win Char1
9312,73,3177,Win Char2
5316,5498,5701,Win Char2
1476,9514,1944,Win Char2
2402,8350,7263,Draw
6561,2586,4201,Win Char2
1484,52,4994,Win Char2
6579,323,2328,Win Char1
5510,4606,1322,Win Char1
131,2743,1905,Draw
8659,8314,9892,Win Char2
6010,9071,1545,Win Char1
7418,2928,3968,Draw
5980,7099,2197,Draw
8483,376,4692,Win Char2
1646,9660,6055,Win Char2
1365,9741,4943,Win Char2
3047,7857,8437,Win Char1
7189,1020,5140,Win Char1
6323,351,740,Draw
9156,3122,2200,Draw
5245,9255,4088,Win Char1
4376,2410,2602,Win Char1
3263,3778,5276,Draw
3286,5133,7138,Win Char1
5871,1183,3220,Win Char1
6793,3113,5703,Draw
2970,5833,8460,Win Char1
3887,2846,613,Win Char2
9757,5495,2956,Draw
518,728,2295,Draw
6909,426,6995,Draw
459,5298,9488,Win Char1
1384,1081,6609,Win Char1
3861,6249,8524,Win Char1
3326,6949,405,Win Char1
3068,2728,7906,Draw
3307,1097,7880,Win Char2
3118,1615,3480,Win Char2
5134,8193,6028,Draw
2723,7285,5440,Win Char1
4485,9321,7317,Win Char2
6140,5371,5177,Win Char2
3675,8212,2950,Win Char2
6955,6236,4310,Win Char2
1658,5030,8894,Win Char1
5013,2210,5427,Win Char1
9139,7936,3422,Win Char2
269,5996,4241,Win Char1
3835,7896,3794,Win Char1
3700,4501,9324,Win Char2
2474,8193,7853,Win Char1
6737,4015,7260,Win Char2
9344,2449,8938,Draw
5401,5964,4428,Win Char2
2941,6599,1928,Draw
9967,1032,9245,Win Char2
7027,2715,1170,Win Char2
4029,6460,1990,Draw
3403,9422,9047,Win Char1
5430,8793,2970,Win Char1
1303,138,5675,Win Char2
4857,3713,3649,Win Char2
8235,157,6004,Draw
1052,9485,1896,Draw
4995,2325,9012,Draw
725,1919,5381,Win Char2
8810,1037,873,Draw
1275,6765,7620,Win Char1
3411,9494,3190,Draw
6576,3812,3255,Draw
8691,4938,8632,Draw
9373,6057,6432,Draw
123,2263,954,Draw
5473,6663,5553,Win Char2
5479,7792,5031,Win Char2
9304,4044,4335,Draw
1681,7331,9439,Win Char2
9607,2126,9817,Win Char1
9571,8418,6502,Win Char1
6867,7622,5871,Draw
8845,1009,2897,Draw
219,7501,4941,Win Char1
280,8954,9388,Win Char1
2561,9599,5206,Win Char2
3555,9745,692,Win Char1
4996,8002,2371,Win Char2
4393,6709,6025,Draw
5943,2435,2997,Win Char2
2334,6558,2010,Win Char1
3432,578,6047,Win Char2
5543,4687,8,Win Char2
4396,731,875,Win Char1
5419,8594,6090,Win Char2
2904,9469,1541,Win Char1
7410,5813,102,Win Char2
9147,3702,4455,Win Char2
2735,9583,1201,Draw
7878,3904,1763,Draw
5735,7667,1374,Win Char1
4548,8969,2330,Win Char1
6586,5343,2648,Win Char1
8916,5703,2098,Win Char1
5515,5147,2037,Draw
1058,6895,4336,Draw
5191,1580,323,Win Char2
313,147,7725,Win Char2
3678,2821,1898,Draw
3854,3869,1452,Win Char2
3206,3253,6329,Win Char2
903,9325,9565,Win Char1
5495,7880,6683,Draw
9754,3422,8273,Win Char2
6594,9079,2058,Win Char1
7666,8371,4704,Draw
1873,5660,6582,Win Char1
6010,5832,3207,Draw
8900,8885,4969,Win Char2
8034,5236,6752,Draw
2156,9093,1261,Win Char2
9046,4519,6051,Win Char1
6543,4973,8549,Win Char1
2176,3621,4417,Win Char2
8811,8124,5240,Draw
4688,581,8052,Win Char1
4929,4346,5721,Win Char2
9274,3773,8372,Win Char2
3300,5946,5002,Win Char2
8058,1679,4413,Win Char1
5320,9576,447,Win Char2
854,6593,4263,Win Char1
8854,3014,4043,Draw
4267,4752,5729,Win Char2
5125,9472,3860,Win Char2
3286,1070,830,Draw
3189,4731,2371,Win Char2
6822,7194,162,Win Char1
2653,5869,950,Win Char1
3644,4007,4594,Win Char1
9033,9003,4523,Win Char1
2011,5205,1783,Win Char2
148,7377,8369,Win Char1
8832,1058,4641,Draw
8590,6714,5635,Win Char1
9925,1665,3655,Draw
6065,1020,668,Win Char1
9212,4270,6263,Draw
7957,2950,608,Win Char2
201,3524,7374,Draw
155,6664,2769,Draw
9197,9388,5209,Win Char1
2074,589,7967,Win Char2
7898,3097,4622,Win Char2
1811,7138,2131,Win Char2
2537,6894,1778,Win Char2
9099,7395,5197,Draw
9041,3243,4019,Draw
8027,6500,6341,Win Char1
2198,6526,8943,Win Char2
9519,8422,7956,Draw
759,3694,4381,Win Char1
115,9990,1935,Win Char1
4132,2420,9046,Win Char2
5610,7709,1354,Win Char2
2842,2683,1572,Win Char2
8398,3757,1234,Win Char2
4717,8907,5028,Win Char1
9313,9379,2262,Draw
2049,6096,1782,Win Char1
3943,1638,2758,Win Char2
5491,8491,2041,Win Char2
7512,2787,812,Draw
7010,7388,461,Draw
5597,8999,7799,Win Char2
6228,4521,2587,Draw
9095,6276,1333,Win Char1
8198,6122,7808,Draw
1627,4560,8742,Draw
6343,9107,5721,Win Char2
1796,8481,866,Win Char2
6015,7320,281,Win Char1
9314,9689,2286,Win Char2
144,4809,2212,Win Char2
6048,9070,9646,Draw
9248,129,1367,Win Char1
512,1065,6992,Win Char1
6973,5024,8427,Win Char1
985,9884,4364,Win Char1
5242,2525,7075,Win Char1
7300,9765,2899,Draw
768,1074,1839,Win Char1
8972,3231,5611,Win Char1
7095,6841,9356,Draw
9912,6583,3484,Win Char1
6293,4504,3457,Win Char1
6110,4673,7555,Draw
3577,344,1254,Draw
1164,822,8388,Win Char1
9182,4312,7152,Win Char1
3987,4121,1755,Draw
810,6773,2780,Win Char2
4756,8212,2049,Win Char2
7561,9727,3776,Win Char2
411,995,8194,Draw
5770,3426,4733,Draw
3207,6947,4683,Win Char1
7565,6796,2853,Win Char1
1503,9965,5155,Win Char2
2422,2747,7803,Win Char1
3968,269,3180,Win Char1
5451,7927,8411,Win Char1
4893,4326,459,Win Char2
271,2137,6688,Draw
5850,9896,9887,Win Char1
346,447,1137,Win Char1
2611,3951,7451,Win Char2
2984,6007,1791,Draw
2564,6227,571,Win Char2
7415,7457,9124,Win Char1
6217,9341,9997,Draw
1968,4870,1947,Win Char1
8734,2485,8813,Draw
9910,4899,6017,Win Char2
5091,6216,5306,Win Char2
1087,5229,7960,Win Char1
7003,3778,1916,Win Char2
86,783,1871,Win Char2
309,3807,9701,Win Char2
9139,4758,6343,Win Char2
8210,5720,7796,Draw
6468,6202,3723,Win Char1
9554,7064,9796,Win Char2
5867,3837,9336,Win Char2
9654,9605,5030,Win Char1
5986,1690,829,Win Char2
9853,7935,9580,Win Char1
576,3290,4834,Win Char2
1322,1925,6297,Draw
4625,9569,914,Win Char2
8738,4230,3618,Win Char2
7219,7308,5204,Win Char1
8738,8315,1561,Win Char2
5020,2301,3852,Win Char2
6453,409,804,Win Char2
9116,4807,3331,Draw
7753,4124,6565,Win Char2
768,8254,9129,Draw
9829,1626,5425,Draw
4978,3573,5364,Draw
2201,5355,7762,Win Char2
1114,9047,8984,Draw
214,3153,4984,Win Char1
1721,4034,2481,Win Char1
4498,9801,2156,Win Char1
2361,1159,9870,Win Char1
577,3161,1415,Win Char1
3820,5964,9138,Win Char1
7310,6692,1895,Draw
9361,6991,735,Win Char1
1479,3503,371,Win Char1
1118,6502,7578,Win Char1
3882,3824,65,Win Char1
8416,7609,8211,Win Char1
7682,4440,3307,Draw
6577,2820,2868,Win Char2
6595,5390,3885,Win Char1
8639,7553,9644,Win Char1
700,325,6473,Win Char2
772,1467,8432,Win Char2
8333,3330,9710,Win Char2
7188,1219,3489,Win Char1
8225,6107,3967,Win Char2
3162,9737,3582,Win Char2
2379,8558,2778,Win Char1
5369,4384,4985,Draw
5908,9557,2862,Win Char2
3107,3054,4581,Win Char1
8292,5028,1636,Draw
6028,2496,2775,Draw
6648,4066,1388,Win Char2
9787,3947,9810,Win Char1
4781,4264,6292,Win Char1
3478,4438,1239,Draw
5099,6319,4801,Win Char1
4446,6323,7463,Draw
4504,4684,9037,Win Char2
534,7659,5914,Draw
1320,2929,5250,Win Char1
1429,4541,9231,Win Char1
9581,8871,3872,Win Char1
6895,1532,759,Draw
668,268,1786,Win Char2
6478,267,991,Win Char1
8061,197,1529,Win Char1
4809,4802,9661,Draw
4255,459,1587,Draw
4298,943,1122,Win Char1
408,9019,84,Win Char2
8816,8010,1209,Win Char1
1934,4182,8784,Draw
3678,9030,8364,Win Char1
9641,2606,6745,Win Char2
1526,9050,821,Win Char2
3952,4751,5412,Win Char2
9566,8955,7120,Win Char1
5473,7937,8178,Draw
7796,7359,3599,Draw
5712,7075,6344,Draw
757,792,3504,Draw
3791,8543,9489,Win Char2
7270,1754,102,Win Char2
6572,1681,8914,Win Char1
9110,8232,8360,Win Char1
7670,73,150,Draw
3287,3145,6306,Win Char2
3820,6702,305,Win Char2
9686,1127,7584,Win Char2
5731,8983,5384,Win Char1
528,2468,8086,Win Char2
2936,6470,2063,Draw
7655,1044,8305,Win Char2
6347,9848,7301,Win Char2
2816,3445,3860,Win Char1
3389,6596,5211,Draw
7522,1501,2133,Draw
5468,4599,6067,Draw
7529,1861,4951,Win Char1
8986,2649,1043,Draw
7158,6526,2029,Win Char1
5774,7785,6947,Win Char1
1807,6924,3435,Win Char1
3959,9141,9829,Win Char2
1706,8528,1772,Win Char1
9724,5743,891,Win Char2
2783,578,6779,Draw
7141,5189,8847,Draw
8205,1356,5373,Win Char2
9807,2609,8604,Win Char1
1201,7798,9471,Draw
5365,8500,4812,Win Char1
5696,6315,2257,Draw
6763,5863,2799,Draw
8980,8135,1232,Win Char1
4676,8880,4456,Draw
5207,4698,4092,Draw
2775,1687,1984,Win Char2
1939,8109,316,Win Char1
6378,4814,9850,Win Char1
3217,6484,6156,Draw
9742,1548,7471,Win Char1
5407,8318,5143,Win Char1
937,4905,4334,Win Char1
9808,9916,5504,Win Char1
9673,9565,7265,Draw
714,6002,6021,Draw
3579,2969,4585,Win Char1
3844,6073,3625,Win Char1
9509,6438,1070,Win Char1
7976,9899,4740,Draw
3690,3340,3071,Win Char2
1007,317,5447,Draw
3549,1572,3050,Win Char1
1162,3938,7729,Win Char1
4848,3181,7355,Draw
1260,6119,7212,Win Char2
330,3839,4633,Win Char1
8639,6061,4678,Draw
7344,5611,8908,Win Char1
9091,1486,3880,Win Char1
8854,7590,5111,Win Char1
2756,9107,3710,Draw
3102,374,6169,Draw
1394,4399,2008,Draw
2084,5103,1614,Win Char1
3067,363,3276,Win Char1
6258,187,1458,Win Char1
7989,3695,6883,Win Char2
1823,9892,5125,Draw
5490,8049,8616,Win Char1
7278,3129,8881,Win Char2
6106,4788,1780,Draw
7797,6128,4772,Draw
4905,5565,3631,Win Char2
2338,7039,3316,Draw
3227,6254,468,Win Char1
916,10,9160,Draw
3109,7970,8248,Win Char2
9727,5706,1400,Draw
7646,3068,972,Draw
5260,3430,7619,Win Char2
1658,7133,3704,Win Char1
8351,8497,9839,Win Char2
8494,2741,8630,Win Char2
7980,4983,4427,Draw
3707,5308,42,Draw
8878,1118,8871,Draw
8880,3472,6133,Win Char1
2974,854,3606,Draw
4496,9453,8762,Win Char2
8417,5695,4550,Draw
251,3945,9503,Draw
5136,5999,2134,Win Char1
3222,5811,7604,Win Char2
603,5160,1111,Win Char2
3283,2261,7982,Win Char2
8350,742,9246,Win Char2
3546,4707,215,Draw
9658,8888,9369,Win Char2
2642,6089,7577,Win Char1
2082,4100,5465,Draw
6971,4902,6182,Win Char2
3992,5274,2416,Win Char2
2453,8355,8270,Draw
7612,8938,1551,Win Char1
6471,6404,2287,Draw
3671,102,2357,Draw
6276,7261,8104,Win Char1
5857,6181,6132,Win Char1
7523,8933,2606,Win Char1
5196,5193,1933,Draw
2657,7131,9015,Win Char2
3887,5738,6843,Win Char2
2754,2298,6273,Win Char2
4087,8258,1139,Draw
1077,3017,2337,Win Char1
5124,8726,2147,Win Char1
5217,3452,1680,Win Char1
5439,2534,5179,Draw
7477,410,6145,Draw
8095,5902,560,Win Char1
9809,6782,784,Win Char2
5862,8404,9351,Win Char1
2422,6298,3390,Win Char2
2673,1470,6150,Win Char1
7851,9047,9319,Win Char2
6023,3412,4373,Draw
4783,2355,8009,Draw
3907,8291,8310,Win Char1
2202,6927,5865,Draw
8271,556,5143,Win Char1
6836,3782,9192,Win Char2
9123,4590,2039,Win Char1
2129,9016,5752,Draw
8290,7067,3288,Draw
7834,4441,7076,Draw
1359,1145,3119,Draw
2189,5182,2401,Win Char1
540,2668,534,Win Char1
5893,7883,5011,Draw
8995,5147,9193,Draw
