nickname,rep,adminstatus,email
GoldenBear0,38929,False,goldenbear0@mail.ru
FireViper1,76383,False,fireviper1@gmail.com
GoldenHawk2,46059,False,goldenhawk2@hotmail.com
ShadowShark3,26197,False,shadowshark3@outlook.com
SilentTiger4,12872,False,silenttiger4@hotmail.com
IronShark5,12704,False,ironshark5@outlook.com
GoldenFox6,2606,False,goldenfox6@yahoo.com
CoolViper7,63730,False,coolviper7@mail.ru
MightyWolf8,87523,False,mightywolf8@outlook.com
ShadowWolf9,77285,False,shadowwolf9@outlook.com
SwiftLion10,99147,False,swiftlion10@mail.ru
FireDragon11,29009,False,firedragon11@mail.ru
EpicBear12,67029,False,epicbear12@gmail.com
MightyShark13,89047,False,mightyshark13@gmail.com
FireFox14,96977,False,firefox14@mail.ru
ShadowWolf15,38662,False,shadowwolf15@hotmail.com
ShadowLion16,88065,False,shadowlion16@gmail.com
CoolDragon17,69809,False,cooldragon17@yahoo.com
SwiftLion18,92797,False,swiftlion18@outlook.com
SilentHawk19,63968,False,silenthawk19@gmail.com
FireBear20,51552,False,firebear20@mail.ru
GoldenViper21,31131,False,goldenviper21@gmail.com
ShadowViper22,83100,False,shadowviper22@outlook.com
CoolHawk23,69289,False,coolhawk23@gmail.com
FireHawk24,53556,False,firehawk24@mail.ru
MightyShark25,70394,False,mightyshark25@yahoo.com
CoolDragon26,63007,True,cooldragon26@mail.ru
CoolViper27,10596,False,coolviper27@outlook.com
SwiftShark28,21525,False,swiftshark28@hotmail.com
MightyTiger29,97117,False,mightytiger29@mail.ru
SwiftFox30,1290,False,swiftfox30@gmail.com
MightyShark31,94171,False,mightyshark31@outlook.com
ShadowViper32,44160,False,shadowviper32@yahoo.com
ShadowHawk33,19019,False,shadowhawk33@yahoo.com
CoolLion34,31301,False,coollion34@gmail.com
GoldenShark35,59211,True,goldenshark35@hotmail.com
DarkWolf36,7347,False,darkwolf36@yahoo.com
IronDragon37,24676,False,irondragon37@hotmail.com
DarkWolf38,1407,False,darkwolf38@gmail.com
SilentBear39,75524,True,silentbear39@mail.ru
DarkViper40,85669,False,darkviper40@mail.ru
EpicShark41,74235,False,epicshark41@gmail.com
SwiftEagle42,68549,True,swifteagle42@outlook.com
SilentViper43,47298,False,silentviper43@outlook.com
ShadowEagle44,-895,False,shadoweagle44@gmail.com
SilentFox45,34023,False,silentfox45@outlook.com
IronBear46,26639,False,ironbear46@hotmail.com
CoolShark47,96356,False,coolshark47@outlook.com
DarkWolf48,34795,False,darkwolf48@gmail.com
GoldenWolf49,18343,False,goldenwolf49@yahoo.com
GoldenWolf50,63280,True,goldenwolf50@mail.ru
MightyLion51,79101,False,mightylion51@yahoo.com
GoldenDragon52,29768,False,goldendragon52@hotmail.com
GoldenEagle53,-884,False,goldeneagle53@yahoo.com
DarkWolf54,85266,False,darkwolf54@mail.ru
SilentFox55,52859,False,silentfox55@outlook.com
EpicTiger56,54214,False,epictiger56@hotmail.com
IronViper57,97044,False,ironviper57@yahoo.com
GoldenWolf58,73164,True,goldenwolf58@mail.ru
MightyBear59,90339,False,mightybear59@mail.ru
EpicFox60,72079,True,epicfox60@yahoo.com
FireDragon61,64721,False,firedragon61@gmail.com
FireEagle62,82662,False,fireeagle62@hotmail.com
CoolBear63,23010,False,coolbear63@yahoo.com
MightyTiger64,46333,False,mightytiger64@mail.ru
MightyShark65,60241,True,mightyshark65@yahoo.com
GoldenViper66,68593,True,goldenviper66@mail.ru
SilentTiger67,61558,False,silenttiger67@yahoo.com
MightyBear68,99268,False,mightybear68@hotmail.com
EpicShark69,56614,True,epicshark69@yahoo.com
SwiftWolf70,7734,False,swiftwolf70@yahoo.com
ShadowShark71,31336,True,shadowshark71@gmail.com
IronBear72,17635,False,ironbear72@mail.ru
GoldenDragon73,92435,True,goldendragon73@gmail.com
MightyTiger74,8990,True,mightytiger74@yahoo.com
MightyDragon75,56696,True,mightydragon75@hotmail.com
DarkShark76,57007,False,darkshark76@outlook.com
IronViper77,13735,True,ironviper77@gmail.com
EpicEagle78,81053,False,epiceagle78@gmail.com
DarkViper79,4177,False,darkviper79@yahoo.com
DarkFox80,82985,True,darkfox80@gmail.com
MightyShark81,84544,True,mightyshark81@yahoo.com
SilentDragon82,84409,False,silentdragon82@outlook.com
EpicHawk83,93926,False,epichawk83@hotmail.com
GoldenFox84,69131,False,goldenfox84@mail.ru
CoolBear85,8759,False,coolbear85@outlook.com
MightyFox86,76113,False,mightyfox86@gmail.com
CoolHawk87,88436,False,coolhawk87@hotmail.com
ShadowShark88,60658,False,shadowshark88@outlook.com
SwiftViper89,64766,False,swiftviper89@mail.ru
CoolDragon90,27759,True,cooldragon90@gmail.com
DarkLion91,82274,False,darklion91@outlook.com
MightyBear92,64408,False,mightybear92@mail.ru
EpicEagle93,10370,False,epiceagle93@mail.ru
IronBear94,59194,True,ironbear94@mail.ru
SilentViper95,78670,False,silentviper95@gmail.com
ShadowViper96,21699,False,shadowviper96@mail.ru
FireFox97,77601,True,firefox97@yahoo.com
SilentHawk98,74306,False,silenthawk98@yahoo.com
EpicViper99,8690,False,epicviper99@mail.ru
MightyHawk100,49062,False,mightyhawk100@hotmail.com
SwiftHawk101,29813,False,swifthawk101@yahoo.com
IronLion102,29555,False,ironlion102@yahoo.com
DarkBear103,97237,False,darkbear103@gmail.com
SwiftHawk104,72358,False,swifthawk104@yahoo.com
CoolTiger105,36549,False,cooltiger105@hotmail.com
FireEagle106,31868,False,fireeagle106@outlook.com
IronDragon107,97576,False,irondragon107@yahoo.com
CoolTiger108,96367,True,cooltiger108@outlook.com
DarkShark109,97290,False,darkshark109@outlook.com
DarkHawk110,51193,False,darkhawk110@outlook.com
IronBear111,65772,False,ironbear111@yahoo.com
SilentTiger112,44314,False,silenttiger112@outlook.com
CoolBear113,75833,False,coolbear113@gmail.com
SilentTiger114,26384,True,silenttiger114@hotmail.com
SwiftEagle115,5291,False,swifteagle115@hotmail.com
FireBear116,21170,False,firebear116@yahoo.com
SwiftLion117,21345,False,swiftlion117@yahoo.com
SwiftLion118,29935,False,swiftlion118@yahoo.com
FireHawk119,-165,False,firehawk119@gmail.com
FireDragon120,28726,False,firedragon120@yahoo.com
CoolWolf121,92984,True,coolwolf121@hotmail.com
IronShark122,71939,True,ironshark122@gmail.com
EpicDragon123,7463,False,epicdragon123@mail.ru
SwiftViper124,13706,False,swiftviper124@hotmail.com
IronHawk125,75662,False,ironhawk125@mail.ru
GoldenLion126,17811,False,goldenlion126@yahoo.com
SwiftBear127,50584,False,swiftbear127@yahoo.com
ShadowEagle128,6116,False,shadoweagle128@gmail.com
FireViper129,80979,False,fireviper129@hotmail.com
SilentHawk130,95790,False,silenthawk130@hotmail.com
ShadowHawk131,3195,False,shadowhawk131@hotmail.com
SilentShark132,53275,True,silentshark132@mail.ru
SwiftLion133,2845,False,swiftlion133@gmail.com
DarkViper134,20341,False,darkviper134@mail.ru
FireFox135,8629,False,firefox135@yahoo.com
IronDragon136,62398,False,irondragon136@gmail.com
GoldenViper137,51513,False,goldenviper137@mail.ru
SilentFox138,24336,False,silentfox138@hotmail.com
SwiftEagle139,40925,False,swifteagle139@yahoo.com
MightyHawk140,7740,False,mightyhawk140@mail.ru
MightyTiger141,85659,False,mightytiger141@yahoo.com
IronLion142,61270,False,ironlion142@yahoo.com
FireBear143,92703,False,firebear143@hotmail.com
MightyHawk144,14550,False,mightyhawk144@gmail.com
SwiftShark145,19905,False,swiftshark145@mail.ru
SwiftDragon146,6760,False,swiftdragon146@yahoo.com
SilentFox147,70850,False,silentfox147@yahoo.com
ShadowDragon148,2691,False,shadowdragon148@outlook.com
SilentFox149,54150,True,silentfox149@mail.ru
DarkWolf150,17618,True,darkwolf150@mail.ru
FireHawk151,60292,False,firehawk151@yahoo.com
IronWolf152,96278,False,ironwolf152@yahoo.com
IronBear153,74362,False,ironbear153@yahoo.com
EpicBear154,9587,True,epicbear154@gmail.com
CoolDragon155,24171,True,cooldragon155@outlook.com
FireBear156,82210,False,firebear156@gmail.com
EpicDragon157,50184,True,epicdragon157@gmail.com
SwiftWolf158,99987,False,swiftwolf158@gmail.com
DarkLion159,16728,False,darklion159@gmail.com
DarkDragon160,72421,True,darkdragon160@yahoo.com
GoldenViper161,87467,False,goldenviper161@outlook.com
MightyFox162,75118,False,mightyfox162@gmail.com
MightyHawk163,59938,False,mightyhawk163@outlook.com
CoolLion164,96032,True,coollion164@mail.ru
SwiftTiger165,7444,False,swifttiger165@yahoo.com
MightyShark166,62687,False,mightyshark166@hotmail.com
IronHawk167,8633,False,ironhawk167@hotmail.com
GoldenBear168,6265,True,goldenbear168@outlook.com
ShadowWolf169,76444,False,shadowwolf169@gmail.com
SwiftEagle170,76802,True,swifteagle170@gmail.com
IronTiger171,12122,True,irontiger171@yahoo.com
CoolLion172,4220,False,coollion172@mail.ru
MightyWolf173,8255,False,mightywolf173@yahoo.com
SilentDragon174,28129,True,silentdragon174@outlook.com
GoldenViper175,33094,False,goldenviper175@yahoo.com
MightyEagle176,90223,False,mightyeagle176@hotmail.com
FireDragon177,3948,False,firedragon177@outlook.com
IronShark178,62182,False,ironshark178@hotmail.com
GoldenShark179,57296,False,goldenshark179@hotmail.com
MightyTiger180,15346,False,mightytiger180@hotmail.com
ShadowFox181,30526,False,shadowfox181@gmail.com
CoolDragon182,63842,True,cooldragon182@gmail.com
SwiftBear183,73799,False,swiftbear183@yahoo.com
EpicBear184,84468,False,epicbear184@outlook.com
ShadowBear185,64341,False,shadowbear185@yahoo.com
ShadowHawk186,53995,False,shadowhawk186@yahoo.com
SwiftViper187,96443,False,swiftviper187@hotmail.com
SilentHawk188,60848,True,silenthawk188@yahoo.com
SilentShark189,49322,False,silentshark189@outlook.com
IronDragon190,88972,False,irondragon190@gmail.com
EpicDragon191,38342,False,epicdragon191@outlook.com
MightyEagle192,54284,False,mightyeagle192@mail.ru
DarkFox193,1615,False,darkfox193@mail.ru
IronShark194,95521,False,ironshark194@gmail.com
ShadowEagle195,88605,True,shadoweagle195@outlook.com
GoldenEagle196,11735,True,goldeneagle196@outlook.com
SilentLion197,16272,False,silentlion197@gmail.com
EpicEagle198,47802,False,epiceagle198@hotmail.com
EpicHawk199,38699,True,epichawk199@yahoo.com
MightyWolf200,23499,False,mightywolf200@outlook.com
SwiftShark201,35647,False,swiftshark201@hotmail.com
IronEagle202,65977,False,ironeagle202@outlook.com
GoldenLion203,39655,False,goldenlion203@gmail.com
CoolEagle204,77235,True,cooleagle204@gmail.com
FireShark205,43565,True,fireshark205@gmail.com
DarkLion206,43230,False,darklion206@hotmail.com
FireViper207,91762,False,fireviper207@gmail.com
FireEagle208,94050,False,fireeagle208@mail.ru
SwiftLion209,485,False,swiftlion209@mail.ru
SilentTiger210,72097,True,silenttiger210@gmail.com
IronTiger211,99751,False,irontiger211@mail.ru
MightyWolf212,95036,False,mightywolf212@yahoo.com
FireEagle213,32883,False,fireeagle213@mail.ru
FireWolf214,584,True,firewolf214@yahoo.com
MightyEagle215,30882,False,mightyeagle215@outlook.com
MightyHawk216,31177,False,mightyhawk216@outlook.com
SilentHawk217,96615,False,silenthawk217@yahoo.com
GoldenBear218,11726,False,goldenbear218@yahoo.com
SwiftTiger219,43739,False,swifttiger219@yahoo.com
SilentWolf220,21574,False,silentwolf220@gmail.com
GoldenShark221,-190,False,goldenshark221@mail.ru
GoldenViper222,58742,False,goldenviper222@hotmail.com
IronEagle223,78493,False,ironeagle223@gmail.com
MightyWolf224,99276,False,mightywolf224@outlook.com
SwiftDragon225,77892,False,swiftdragon225@gmail.com
IronFox226,18176,False,ironfox226@outlook.com
EpicLion227,85552,False,epiclion227@outlook.com
CoolDragon228,99798,False,cooldragon228@mail.ru
MightyViper229,50965,False,mightyviper229@outlook.com
DarkLion230,82471,False,darklion230@outlook.com
EpicViper231,18463,False,epicviper231@outlook.com
GoldenBear232,81539,False,goldenbear232@outlook.com
DarkDragon233,56477,False,darkdragon233@outlook.com
EpicDragon234,28802,False,epicdragon234@mail.ru
SilentShark235,41959,False,silentshark235@hotmail.com
GoldenTiger236,19181,False,goldentiger236@outlook.com
GoldenDragon237,80334,False,goldendragon237@outlook.com
ShadowShark238,12834,False,shadowshark238@gmail.com
FireEagle239,33075,False,fireeagle239@yahoo.com
SilentLion240,30703,False,silentlion240@hotmail.com
EpicViper241,38277,False,epicviper241@hotmail.com
FireLion242,76178,True,firelion242@mail.ru
GoldenDragon243,22831,False,goldendragon243@outlook.com
ShadowFox244,86001,False,shadowfox244@yahoo.com
FireShark245,94864,False,fireshark245@gmail.com
ShadowEagle246,79173,False,shadoweagle246@yahoo.com
FireTiger247,18370,False,firetiger247@mail.ru
MightyWolf248,78409,False,mightywolf248@gmail.com
SilentViper249,93926,True,silentviper249@gmail.com
FireHawk250,62900,True,firehawk250@gmail.com
DarkBear251,82012,False,darkbear251@outlook.com
FireLion252,78383,False,firelion252@yahoo.com
SwiftViper253,90435,False,swiftviper253@mail.ru
MightyFox254,99052,False,mightyfox254@mail.ru
GoldenEagle255,35030,False,goldeneagle255@yahoo.com
GoldenViper256,56995,False,goldenviper256@gmail.com
MightyLion257,2476,False,mightylion257@mail.ru
GoldenViper258,91296,True,goldenviper258@mail.ru
SwiftEagle259,8596,False,swifteagle259@mail.ru
ShadowTiger260,98463,False,shadowtiger260@outlook.com
SilentLion261,43587,False,silentlion261@yahoo.com
EpicBear262,62043,True,epicbear262@outlook.com
IronHawk263,30952,False,ironhawk263@gmail.com
DarkDragon264,43388,False,darkdragon264@outlook.com
MightyLion265,19961,False,mightylion265@yahoo.com
GoldenTiger266,11124,True,goldentiger266@gmail.com
SwiftDragon267,33957,False,swiftdragon267@yahoo.com
FireViper268,93000,False,fireviper268@gmail.com
DarkLion269,40903,False,darklion269@hotmail.com
SwiftShark270,83682,False,swiftshark270@yahoo.com
IronTiger271,38439,False,irontiger271@mail.ru
ShadowWolf272,13633,False,shadowwolf272@mail.ru
DarkLion273,89235,True,darklion273@yahoo.com
DarkWolf274,17912,True,darkwolf274@mail.ru
DarkWolf275,32669,False,darkwolf275@gmail.com
FireLion276,31099,False,firelion276@mail.ru
SilentLion277,67143,True,silentlion277@yahoo.com
ShadowLion278,5989,False,shadowlion278@yahoo.com
FireBear279,80022,False,firebear279@outlook.com
FireFox280,81027,False,firefox280@hotmail.com
CoolTiger281,68914,True,cooltiger281@outlook.com
DarkBear282,38356,False,darkbear282@hotmail.com
ShadowViper283,19794,True,shadowviper283@hotmail.com
IronViper284,75764,False,ironviper284@hotmail.com
MightyHawk285,34024,False,mightyhawk285@gmail.com
SwiftBear286,83921,True,swiftbear286@gmail.com
DarkShark287,90319,True,darkshark287@gmail.com
MightyLion288,4847,False,mightylion288@gmail.com
EpicWolf289,4321,False,epicwolf289@hotmail.com
ShadowFox290,75290,True,shadowfox290@outlook.com
ShadowFox291,14862,False,shadowfox291@yahoo.com
MightyHawk292,33880,True,mightyhawk292@outlook.com
SilentFox293,14312,False,silentfox293@mail.ru
SilentEagle294,59904,False,silenteagle294@mail.ru
GoldenShark295,35145,False,goldenshark295@mail.ru
MightyWolf296,89641,False,mightywolf296@outlook.com
SilentLion297,96002,False,silentlion297@mail.ru
SilentLion298,96572,False,silentlion298@outlook.com
DarkFox299,97320,True,darkfox299@outlook.com
GoldenTiger300,78343,False,goldentiger300@outlook.com
CoolBear301,32921,False,coolbear301@gmail.com
GoldenViper302,66017,False,goldenviper302@gmail.com
MightyHawk303,25412,False,mightyhawk303@yahoo.com
CoolBear304,54007,False,coolbear304@gmail.com
MightyLion305,87242,False,mightylion305@hotmail.com
SilentDragon306,93474,False,silentdragon306@outlook.com
SilentViper307,56223,False,silentviper307@gmail.com
FireDragon308,37974,False,firedragon308@yahoo.com
SilentEagle309,10642,False,silenteagle309@mail.ru
EpicFox310,-447,False,epicfox310@outlook.com
MightyShark311,92731,False,mightyshark311@mail.ru
EpicTiger312,6573,True,epictiger312@mail.ru
SwiftShark313,4748,False,swiftshark313@gmail.com
SilentHawk314,78546,False,silenthawk314@hotmail.com
IronWolf315,67551,False,ironwolf315@mail.ru
DarkWolf316,88126,False,darkwolf316@mail.ru
ShadowEagle317,86152,False,shadoweagle317@outlook.com
GoldenTiger318,15218,False,goldentiger318@gmail.com
DarkBear319,4974,True,darkbear319@gmail.com
DarkShark320,437,True,darkshark320@gmail.com
MightyViper321,8555,False,mightyviper321@outlook.com
SilentDragon322,19262,True,silentdragon322@gmail.com
SwiftTiger323,38430,False,swifttiger323@outlook.com
CoolBear324,78826,False,coolbear324@mail.ru
SilentHawk325,49202,False,silenthawk325@mail.ru
EpicBear326,4972,False,epicbear326@yahoo.com
GoldenWolf327,46463,False,goldenwolf327@yahoo.com
IronEagle328,15145,True,ironeagle328@mail.ru
DarkShark329,45197,False,darkshark329@yahoo.com
MightyDragon330,30580,False,mightydragon330@mail.ru
EpicEagle331,56516,True,epiceagle331@mail.ru
EpicFox332,18592,True,epicfox332@outlook.com
SwiftViper333,62970,False,swiftviper333@yahoo.com
DarkEagle334,72437,False,darkeagle334@gmail.com
FireViper335,89485,False,fireviper335@hotmail.com
CoolShark336,36955,True,coolshark336@yahoo.com
GoldenFox337,51153,False,goldenfox337@gmail.com
CoolLion338,12930,True,coollion338@hotmail.com
EpicViper339,84438,False,epicviper339@outlook.com
SilentFox340,63369,False,silentfox340@gmail.com
EpicViper341,72785,False,epicviper341@hotmail.com
IronLion342,14720,False,ironlion342@outlook.com
MightyLion343,48519,False,mightylion343@mail.ru
MightyDragon344,76569,True,mightydragon344@hotmail.com
EpicDragon345,69265,False,epicdragon345@yahoo.com
IronWolf346,19956,False,ironwolf346@outlook.com
IronWolf347,92508,False,ironwolf347@yahoo.com
SwiftEagle348,44940,False,swifteagle348@hotmail.com
EpicShark349,62395,False,epicshark349@gmail.com
MightyFox350,91132,False,mightyfox350@mail.ru
EpicViper351,36943,False,epicviper351@yahoo.com
EpicLion352,17377,False,epiclion352@mail.ru
IronWolf353,58788,False,ironwolf353@yahoo.com
IronWolf354,38099,True,ironwolf354@mail.ru
SwiftLion355,8234,False,swiftlion355@outlook.com
EpicBear356,12286,False,epicbear356@outlook.com
MightyLion357,48945,True,mightylion357@outlook.com
ShadowEagle358,84140,False,shadoweagle358@yahoo.com
MightyTiger359,30481,False,mightytiger359@yahoo.com
EpicLion360,52577,False,epiclion360@gmail.com
FireTiger361,80764,False,firetiger361@mail.ru
EpicShark362,76224,False,epicshark362@yahoo.com
DarkDragon363,32103,False,darkdragon363@outlook.com
SwiftHawk364,45087,False,swifthawk364@yahoo.com
SwiftEagle365,47369,True,swifteagle365@yahoo.com
CoolViper366,39317,False,coolviper366@yahoo.com
CoolTiger367,94459,False,cooltiger367@mail.ru
MightyViper368,88319,False,mightyviper368@mail.ru
EpicViper369,32792,False,epicviper369@gmail.com
EpicBear370,58613,False,epicbear370@outlook.com
SwiftTiger371,16115,False,swifttiger371@hotmail.com
IronDragon372,58824,True,irondragon372@gmail.com
EpicViper373,64133,False,epicviper373@mail.ru
ShadowHawk374,2086,True,shadowhawk374@outlook.com
IronTiger375,39994,False,irontiger375@hotmail.com
ShadowWolf376,51453,False,shadowwolf376@outlook.com
CoolShark377,31418,False,coolshark377@yahoo.com
FireLion378,41492,False,firelion378@hotmail.com
IronBear379,68727,False,ironbear379@mail.ru
SwiftBear380,61562,False,swiftbear380@gmail.com
MightyFox381,33336,False,mightyfox381@mail.ru
EpicDragon382,72306,False,epicdragon382@gmail.com
ShadowLion383,47108,True,shadowlion383@outlook.com
EpicShark384,6332,False,epicshark384@hotmail.com
CoolFox385,44422,False,coolfox385@yahoo.com
MightyShark386,80806,True,mightyshark386@mail.ru
GoldenHawk387,25290,False,goldenhawk387@yahoo.com
GoldenDragon388,14750,False,goldendragon388@gmail.com
IronBear389,67142,False,ironbear389@hotmail.com
EpicViper390,1766,False,epicviper390@outlook.com
SilentTiger391,62895,True,silenttiger391@hotmail.com
DarkFox392,24595,False,darkfox392@mail.ru
MightyShark393,9339,False,mightyshark393@hotmail.com
SilentShark394,84825,False,silentshark394@yahoo.com
MightyBear395,53309,True,mightybear395@hotmail.com
ShadowEagle396,23738,False,shadoweagle396@outlook.com
ShadowDragon397,25041,False,shadowdragon397@hotmail.com
GoldenTiger398,14925,True,goldentiger398@yahoo.com
FireFox399,45197,False,firefox399@mail.ru
IronLion400,58765,True,ironlion400@mail.ru
IronViper401,51775,True,ironviper401@mail.ru
MightyEagle402,96047,False,mightyeagle402@mail.ru
CoolShark403,13002,False,coolshark403@gmail.com
MightyLion404,11304,False,mightylion404@gmail.com
IronWolf405,8410,False,ironwolf405@hotmail.com
ShadowShark406,-322,False,shadowshark406@yahoo.com
CoolViper407,92650,False,coolviper407@yahoo.com
SilentShark408,76400,False,silentshark408@hotmail.com
GoldenLion409,61021,False,goldenlion409@mail.ru
MightyShark410,41401,False,mightyshark410@mail.ru
IronTiger411,52735,True,irontiger411@yahoo.com
EpicEagle412,55210,False,epiceagle412@gmail.com
ShadowFox413,49722,False,shadowfox413@gmail.com
FireTiger414,4834,False,firetiger414@yahoo.com
IronBear415,32640,False,ironbear415@gmail.com
SwiftWolf416,83145,False,swiftwolf416@outlook.com
DarkShark417,58588,False,darkshark417@gmail.com
CoolShark418,50619,True,coolshark418@outlook.com
FireEagle419,34927,False,fireeagle419@gmail.com
CoolDragon420,80414,False,cooldragon420@outlook.com
CoolWolf421,18470,False,coolwolf421@mail.ru
EpicViper422,32673,False,epicviper422@outlook.com
EpicHawk423,43320,False,epichawk423@outlook.com
EpicViper424,53276,False,epicviper424@hotmail.com
SilentFox425,28297,False,silentfox425@gmail.com
GoldenEagle426,82641,True,goldeneagle426@mail.ru
CoolEagle427,71536,False,cooleagle427@mail.ru
CoolDragon428,84020,False,cooldragon428@yahoo.com
MightyViper429,20436,False,mightyviper429@outlook.com
FireTiger430,68190,False,firetiger430@hotmail.com
MightyWolf431,95682,False,mightywolf431@outlook.com
ShadowLion432,57779,False,shadowlion432@gmail.com
IronDragon433,51921,False,irondragon433@hotmail.com
GoldenTiger434,19767,False,goldentiger434@hotmail.com
SwiftEagle435,98705,False,swifteagle435@yahoo.com
SilentBear436,80007,False,silentbear436@mail.ru
GoldenLion437,94318,True,goldenlion437@hotmail.com
SilentHawk438,20514,False,silenthawk438@yahoo.com
FireHawk439,93072,False,firehawk439@hotmail.com
SilentFox440,70013,False,silentfox440@yahoo.com
IronWolf441,41291,False,ironwolf441@mail.ru
MightyDragon442,75247,True,mightydragon442@gmail.com
DarkEagle443,23207,False,darkeagle443@hotmail.com
EpicShark444,78476,True,epicshark444@mail.ru
FireEagle445,79877,False,fireeagle445@gmail.com
SwiftWolf446,-803,False,swiftwolf446@yahoo.com
ShadowTiger447,61308,False,shadowtiger447@gmail.com
EpicHawk448,93719,False,epichawk448@yahoo.com
MightyWolf449,32594,False,mightywolf449@gmail.com
DarkHawk450,26070,False,darkhawk450@gmail.com
SilentViper451,74495,False,silentviper451@mail.ru
FireLion452,13355,False,firelion452@mail.ru
IronHawk453,75513,True,ironhawk453@outlook.com
IronTiger454,36904,True,irontiger454@hotmail.com
MightyFox455,86107,False,mightyfox455@hotmail.com
GoldenTiger456,32993,False,goldentiger456@outlook.com
FireEagle457,68551,False,fireeagle457@gmail.com
SilentWolf458,62137,False,silentwolf458@gmail.com
SilentLion459,53588,False,silentlion459@hotmail.com
SwiftShark460,83101,False,swiftshark460@yahoo.com
MightyTiger461,77844,False,mightytiger461@outlook.com
EpicBear462,67248,True,epicbear462@hotmail.com
SwiftEagle463,75869,False,swifteagle463@outlook.com
FireFox464,41554,False,firefox464@yahoo.com
SwiftEagle465,63020,False,swifteagle465@outlook.com
IronLion466,67973,True,ironlion466@mail.ru
FireDragon467,76709,False,firedragon467@hotmail.com
SilentEagle468,44155,False,silenteagle468@mail.ru
SwiftFox469,40049,False,swiftfox469@hotmail.com
SilentBear470,11126,False,silentbear470@yahoo.com
MightyBear471,92633,True,mightybear471@yahoo.com
SwiftHawk472,59168,False,swifthawk472@hotmail.com
GoldenWolf473,53408,False,goldenwolf473@outlook.com
SwiftFox474,32218,True,swiftfox474@hotmail.com
IronHawk475,29756,False,ironhawk475@yahoo.com
MightyBear476,34467,False,mightybear476@mail.ru
SwiftTiger477,77079,False,swifttiger477@yahoo.com
FireDragon478,48544,False,firedragon478@hotmail.com
GoldenWolf479,4662,False,goldenwolf479@hotmail.com
FireDragon480,20634,False,firedragon480@yahoo.com
EpicViper481,60288,True,epicviper481@outlook.com
CoolWolf482,38822,False,coolwolf482@hotmail.com
SwiftShark483,44116,False,swiftshark483@yahoo.com
GoldenBear484,93560,True,goldenbear484@mail.ru
MightyTiger485,8297,False,mightytiger485@mail.ru
MightyShark486,40432,False,mightyshark486@hotmail.com
GoldenDragon487,68071,False,goldendragon487@outlook.com
EpicFox488,27977,False,epicfox488@yahoo.com
SilentEagle489,16884,True,silenteagle489@outlook.com
GoldenFox490,49001,False,goldenfox490@outlook.com
SwiftTiger491,59420,True,swifttiger491@gmail.com
SwiftTiger492,84792,False,swifttiger492@gmail.com
CoolWolf493,97859,False,coolwolf493@hotmail.com
FireFox494,77667,False,firefox494@hotmail.com
MightyTiger495,73694,False,mightytiger495@gmail.com
DarkViper496,42483,False,darkviper496@hotmail.com
FireBear497,-297,False,firebear497@gmail.com
DarkFox498,11635,False,darkfox498@mail.ru
SilentDragon499,18216,True,silentdragon499@gmail.com
SwiftShark500,67366,False,swiftshark500@outlook.com
SilentTiger501,32946,True,silenttiger501@outlook.com
DarkLion502,25562,True,darklion502@mail.ru
MightyLion503,66624,False,mightylion503@outlook.com
EpicViper504,20860,False,epicviper504@hotmail.com
SwiftViper505,80743,False,swiftviper505@yahoo.com
SwiftHawk506,15797,False,swifthawk506@mail.ru
IronDragon507,57332,False,irondragon507@yahoo.com
GoldenDragon508,72062,False,goldendragon508@yahoo.com
DarkWolf509,56187,False,darkwolf509@mail.ru
ShadowEagle510,7249,False,shadoweagle510@yahoo.com
FireFox511,-468,True,firefox511@hotmail.com
IronFox512,66973,False,ironfox512@yahoo.com
IronHawk513,20858,False,ironhawk513@mail.ru
SwiftEagle514,26572,False,swifteagle514@hotmail.com
EpicEagle515,60456,False,epiceagle515@yahoo.com
SilentTiger516,50179,True,silenttiger516@gmail.com
DarkDragon517,74614,False,darkdragon517@hotmail.com
ShadowTiger518,60713,False,shadowtiger518@outlook.com
ShadowViper519,17682,False,shadowviper519@outlook.com
SwiftBear520,60187,False,swiftbear520@yahoo.com
EpicFox521,42660,False,epicfox521@outlook.com
ShadowFox522,7408,False,shadowfox522@gmail.com
ShadowViper523,55617,True,shadowviper523@yahoo.com
ShadowDragon524,76872,False,shadowdragon524@gmail.com
EpicShark525,56297,False,epicshark525@hotmail.com
FireTiger526,50586,True,firetiger526@gmail.com
IronWolf527,26107,True,ironwolf527@yahoo.com
DarkViper528,79155,False,darkviper528@outlook.com
DarkWolf529,70090,False,darkwolf529@mail.ru
EpicFox530,26744,False,epicfox530@outlook.com
SilentTiger531,93212,True,silenttiger531@mail.ru
CoolBear532,71024,False,coolbear532@outlook.com
GoldenLion533,55772,True,goldenlion533@mail.ru
GoldenEagle534,76348,False,goldeneagle534@yahoo.com
FireHawk535,26877,False,firehawk535@mail.ru
CoolLion536,10191,False,coollion536@outlook.com
MightyDragon537,2570,False,mightydragon537@gmail.com
EpicTiger538,4441,True,epictiger538@gmail.com
EpicBear539,30162,False,epicbear539@yahoo.com
ShadowLion540,94133,False,shadowlion540@outlook.com
MightyDragon541,-347,True,mightydragon541@hotmail.com
ShadowShark542,18371,False,shadowshark542@mail.ru
DarkDragon543,29610,False,darkdragon543@outlook.com
DarkEagle544,7031,True,darkeagle544@hotmail.com
IronViper545,20020,False,ironviper545@gmail.com
SwiftLion546,91336,False,swiftlion546@gmail.com
DarkWolf547,5848,True,darkwolf547@outlook.com
SwiftFox548,11835,False,swiftfox548@gmail.com
CoolBear549,65148,False,coolbear549@yahoo.com
CoolBear550,41367,False,coolbear550@mail.ru
SilentDragon551,97699,True,silentdragon551@mail.ru
GoldenFox552,11231,False,goldenfox552@hotmail.com
IronDragon553,77674,False,irondragon553@mail.ru
CoolViper554,90662,False,coolviper554@outlook.com
GoldenEagle555,23393,False,goldeneagle555@mail.ru
SwiftLion556,61355,True,swiftlion556@yahoo.com
FireViper557,93652,False,fireviper557@yahoo.com
CoolWolf558,71289,False,coolwolf558@gmail.com
GoldenViper559,59671,True,goldenviper559@gmail.com
FireWolf560,14246,False,firewolf560@outlook.com
CoolTiger561,96086,False,cooltiger561@gmail.com
EpicBear562,7772,False,epicbear562@outlook.com
FireHawk563,36003,False,firehawk563@hotmail.com
MightyBear564,56951,False,mightybear564@yahoo.com
ShadowViper565,49468,True,shadowviper565@yahoo.com
IronViper566,40702,True,ironviper566@gmail.com
EpicEagle567,11185,True,epiceagle567@hotmail.com
GoldenHawk568,29023,False,goldenhawk568@mail.ru
EpicShark569,39544,False,epicshark569@mail.ru
CoolEagle570,7390,False,cooleagle570@hotmail.com
SwiftFox571,32587,False,swiftfox571@hotmail.com
GoldenBear572,37551,False,goldenbear572@mail.ru
GoldenHawk573,82484,False,goldenhawk573@yahoo.com
MightyShark574,15785,True,mightyshark574@yahoo.com
IronShark575,85101,False,ironshark575@yahoo.com
SwiftEagle576,92379,False,swifteagle576@yahoo.com
MightyShark577,93539,False,mightyshark577@hotmail.com
EpicWolf578,3632,False,epicwolf578@hotmail.com
FireLion579,14789,True,firelion579@gmail.com
DarkFox580,29224,False,darkfox580@mail.ru
IronTiger581,22383,False,irontiger581@hotmail.com
DarkBear582,33910,False,darkbear582@outlook.com
CoolLion583,45285,False,coollion583@mail.ru
EpicHawk584,52825,False,epichawk584@outlook.com
MightyLion585,10282,False,mightylion585@outlook.com
DarkViper586,37597,False,darkviper586@hotmail.com
IronWolf587,9551,False,ironwolf587@outlook.com
DarkBear588,54774,True,darkbear588@outlook.com
SwiftBear589,70920,True,swiftbear589@outlook.com
SwiftWolf590,130,False,swiftwolf590@outlook.com
FireLion591,48405,False,firelion591@outlook.com
SwiftViper592,2327,False,swiftviper592@gmail.com
GoldenViper593,18848,False,goldenviper593@hotmail.com
ShadowWolf594,84112,False,shadowwolf594@hotmail.com
FireHawk595,56550,False,firehawk595@mail.ru
SilentBear596,48228,True,silentbear596@gmail.com
CoolLion597,48480,False,coollion597@yahoo.com
SwiftDragon598,52676,False,swiftdragon598@gmail.com
FireHawk599,47667,False,firehawk599@outlook.com
MightyTiger600,43287,False,mightytiger600@hotmail.com
DarkDragon601,80130,False,darkdragon601@hotmail.com
FireWolf602,35415,False,firewolf602@hotmail.com
ShadowLion603,53980,False,shadowlion603@gmail.com
SwiftLion604,35959,False,swiftlion604@mail.ru
CoolEagle605,59144,False,cooleagle605@yahoo.com
SilentWolf606,27124,False,silentwolf606@outlook.com
SwiftHawk607,46212,False,swifthawk607@outlook.com
EpicTiger608,91898,False,epictiger608@hotmail.com
DarkHawk609,56312,True,darkhawk609@outlook.com
IronEagle610,50985,False,ironeagle610@yahoo.com
ShadowDragon611,94259,False,shadowdragon611@gmail.com
ShadowWolf612,92601,False,shadowwolf612@outlook.com
DarkWolf613,41081,True,darkwolf613@outlook.com
CoolFox614,64637,False,coolfox614@outlook.com
SwiftViper615,59854,True,swiftviper615@gmail.com
MightyWolf616,30489,False,mightywolf616@outlook.com
ShadowDragon617,46379,True,shadowdragon617@hotmail.com
IronBear618,43489,False,ironbear618@gmail.com
SilentWolf619,94655,False,silentwolf619@yahoo.com
ShadowHawk620,49059,False,shadowhawk620@gmail.com
CoolLion621,55081,False,coollion621@gmail.com
MightyEagle622,71188,True,mightyeagle622@yahoo.com
DarkFox623,75169,False,darkfox623@hotmail.com
ShadowDragon624,65930,False,shadowdragon624@outlook.com
IronHawk625,1182,False,ironhawk625@hotmail.com
IronWolf626,33166,False,ironwolf626@mail.ru
CoolViper627,98738,False,coolviper627@hotmail.com
DarkLion628,65505,False,darklion628@outlook.com
SwiftFox629,8720,False,swiftfox629@yahoo.com
SwiftDragon630,77542,False,swiftdragon630@hotmail.com
ShadowLion631,28512,False,shadowlion631@hotmail.com
GoldenFox632,97180,True,goldenfox632@yahoo.com
SilentShark633,18997,True,silentshark633@hotmail.com
FireFox634,85051,False,firefox634@yahoo.com
DarkTiger635,92301,True,darktiger635@yahoo.com
IronViper636,69558,False,ironviper636@yahoo.com
SwiftDragon637,5372,False,swiftdragon637@mail.ru
ShadowWolf638,19813,False,shadowwolf638@gmail.com
EpicHawk639,73571,True,epichawk639@outlook.com
FireViper640,5997,False,fireviper640@mail.ru
SwiftShark641,35795,False,swiftshark641@gmail.com
FireViper642,92310,True,fireviper642@gmail.com
ShadowWolf643,88169,False,shadowwolf643@mail.ru
SwiftTiger644,73049,False,swifttiger644@yahoo.com
SilentWolf645,57525,False,silentwolf645@gmail.com
ShadowTiger646,70058,False,shadowtiger646@gmail.com
EpicDragon647,88903,False,epicdragon647@gmail.com
GoldenWolf648,32760,False,goldenwolf648@gmail.com
MightyBear649,2067,True,mightybear649@yahoo.com
ShadowFox650,50986,False,shadowfox650@gmail.com
SwiftWolf651,62053,False,swiftwolf651@hotmail.com
IronWolf652,67023,False,ironwolf652@yahoo.com
IronLion653,93967,False,ironlion653@hotmail.com
SilentLion654,59038,False,silentlion654@yahoo.com
ShadowTiger655,45607,False,shadowtiger655@yahoo.com
ShadowEagle656,16094,False,shadoweagle656@mail.ru
FireDragon657,8703,False,firedragon657@hotmail.com
GoldenWolf658,96601,False,goldenwolf658@outlook.com
CoolLion659,77316,False,coollion659@outlook.com
MightyTiger660,70953,True,mightytiger660@outlook.com
EpicDragon661,29384,False,epicdragon661@yahoo.com
IronWolf662,77632,False,ironwolf662@yahoo.com
ShadowWolf663,60419,True,shadowwolf663@mail.ru
SilentEagle664,8473,False,silenteagle664@outlook.com
EpicWolf665,35207,False,epicwolf665@hotmail.com
FireBear666,25602,False,firebear666@gmail.com
FireDragon667,22802,True,firedragon667@yahoo.com
DarkHawk668,22962,False,darkhawk668@mail.ru
SilentBear669,67835,False,silentbear669@yahoo.com
DarkViper670,15108,False,darkviper670@hotmail.com
SilentWolf671,49966,True,silentwolf671@yahoo.com
FireViper672,52,False,fireviper672@yahoo.com
FireLion673,36915,False,firelion673@hotmail.com
IronViper674,44585,True,ironviper674@outlook.com
SilentDragon675,91791,False,silentdragon675@gmail.com
FireFox676,85169,False,firefox676@gmail.com
EpicWolf677,8789,False,epicwolf677@yahoo.com
FireFox678,7904,False,firefox678@yahoo.com
DarkWolf679,76903,True,darkwolf679@gmail.com
EpicWolf680,51981,False,epicwolf680@gmail.com
CoolTiger681,44363,False,cooltiger681@outlook.com
GoldenWolf682,995,False,goldenwolf682@hotmail.com
MightyHawk683,70955,False,mightyhawk683@hotmail.com
DarkDragon684,47907,False,darkdragon684@gmail.com
CoolWolf685,16129,False,coolwolf685@gmail.com
MightyWolf686,87162,False,mightywolf686@yahoo.com
CoolViper687,99137,False,coolviper687@gmail.com
IronEagle688,45124,False,ironeagle688@mail.ru
DarkFox689,89781,False,darkfox689@outlook.com
FireBear690,41926,True,firebear690@yahoo.com
FireDragon691,44077,False,firedragon691@gmail.com
EpicEagle692,7929,False,epiceagle692@outlook.com
SilentLion693,68324,True,silentlion693@mail.ru
ShadowHawk694,81356,False,shadowhawk694@hotmail.com
CoolHawk695,78009,False,coolhawk695@hotmail.com
IronBear696,68313,False,ironbear696@outlook.com
SwiftEagle697,66808,True,swifteagle697@outlook.com
EpicFox698,89740,True,epicfox698@hotmail.com
FireShark699,24718,False,fireshark699@hotmail.com
GoldenBear700,68726,False,goldenbear700@yahoo.com
CoolWolf701,80463,True,coolwolf701@outlook.com
IronBear702,34880,False,ironbear702@mail.ru
GoldenLion703,43142,False,goldenlion703@mail.ru
FireDragon704,66303,False,firedragon704@gmail.com
EpicFox705,50016,False,epicfox705@mail.ru
SwiftHawk706,28834,True,swifthawk706@gmail.com
FireViper707,20720,False,fireviper707@yahoo.com
SilentBear708,50389,False,silentbear708@yahoo.com
SwiftLion709,38639,False,swiftlion709@outlook.com
GoldenEagle710,6302,False,goldeneagle710@yahoo.com
ShadowDragon711,89329,False,shadowdragon711@mail.ru
DarkDragon712,3640,False,darkdragon712@hotmail.com
FireDragon713,1650,False,firedragon713@outlook.com
CoolBear714,64900,False,coolbear714@yahoo.com
FireHawk715,2344,True,firehawk715@outlook.com
FireBear716,59615,False,firebear716@yahoo.com
GoldenEagle717,95531,False,goldeneagle717@hotmail.com
CoolDragon718,75915,False,cooldragon718@mail.ru
FireTiger719,31106,False,firetiger719@hotmail.com
SilentFox720,46286,True,silentfox720@hotmail.com
IronWolf721,55207,False,ironwolf721@hotmail.com
IronViper722,21368,False,ironviper722@gmail.com
IronDragon723,95792,False,irondragon723@mail.ru
ShadowWolf724,14007,False,shadowwolf724@gmail.com
GoldenFox725,74781,False,goldenfox725@gmail.com
IronViper726,42327,False,ironviper726@mail.ru
SwiftTiger727,20096,True,swifttiger727@gmail.com
EpicTiger728,89915,False,epictiger728@mail.ru
DarkDragon729,50993,False,darkdragon729@mail.ru
EpicShark730,89850,False,epicshark730@gmail.com
IronDragon731,93759,False,irondragon731@outlook.com
CoolTiger732,62941,False,cooltiger732@mail.ru
GoldenViper733,44688,False,goldenviper733@gmail.com
CoolBear734,39776,False,coolbear734@hotmail.com
ShadowShark735,95368,False,shadowshark735@yahoo.com
CoolBear736,97169,True,coolbear736@hotmail.com
IronHawk737,95563,True,ironhawk737@gmail.com
EpicLion738,82347,False,epiclion738@outlook.com
SilentShark739,66539,False,silentshark739@gmail.com
MightyLion740,21863,True,mightylion740@yahoo.com
EpicLion741,94292,False,epiclion741@mail.ru
ShadowEagle742,8940,False,shadoweagle742@mail.ru
CoolWolf743,80509,False,coolwolf743@gmail.com
SwiftViper744,90730,False,swiftviper744@hotmail.com
GoldenBear745,45918,False,goldenbear745@yahoo.com
SwiftEagle746,45468,False,swifteagle746@yahoo.com
FireBear747,57273,False,firebear747@yahoo.com
IronEagle748,72840,True,ironeagle748@gmail.com
CoolViper749,15487,False,coolviper749@yahoo.com
SilentShark750,93048,True,silentshark750@gmail.com
EpicShark751,27639,False,epicshark751@yahoo.com
SilentHawk752,3150,True,silenthawk752@hotmail.com
EpicEagle753,11225,False,epiceagle753@yahoo.com
FireLion754,65587,False,firelion754@outlook.com
SilentEagle755,6268,False,silenteagle755@gmail.com
GoldenDragon756,90338,False,goldendragon756@hotmail.com
GoldenEagle757,71662,True,goldeneagle757@yahoo.com
IronEagle758,23821,False,ironeagle758@yahoo.com
IronShark759,38334,False,ironshark759@mail.ru
CoolTiger760,12474,True,cooltiger760@yahoo.com
CoolBear761,32329,False,coolbear761@hotmail.com
SilentBear762,44512,False,silentbear762@outlook.com
SilentEagle763,3884,False,silenteagle763@outlook.com
CoolBear764,33412,True,coolbear764@outlook.com
SilentBear765,59262,False,silentbear765@gmail.com
SilentTiger766,43742,True,silenttiger766@yahoo.com
CoolDragon767,27423,False,cooldragon767@yahoo.com
MightyFox768,93013,False,mightyfox768@yahoo.com
EpicFox769,75304,False,epicfox769@hotmail.com
EpicFox770,40086,False,epicfox770@yahoo.com
DarkBear771,57490,False,darkbear771@hotmail.com
GoldenBear772,5466,True,goldenbear772@gmail.com
DarkLion773,77917,True,darklion773@mail.ru
MightyViper774,69105,True,mightyviper774@mail.ru
MightyLion775,8146,True,mightylion775@yahoo.com
SwiftHawk776,23808,False,swifthawk776@hotmail.com
CoolShark777,88461,True,coolshark777@yahoo.com
MightyShark778,60048,False,mightyshark778@mail.ru
FireEagle779,68313,False,fireeagle779@yahoo.com
GoldenBear780,24005,False,goldenbear780@yahoo.com
CoolDragon781,16352,False,cooldragon781@mail.ru
IronDragon782,28535,False,irondragon782@outlook.com
FireDragon783,88681,False,firedragon783@outlook.com
SilentDragon784,67981,False,silentdragon784@hotmail.com
IronTiger785,42694,False,irontiger785@gmail.com
MightyWolf786,19174,True,mightywolf786@yahoo.com
SilentViper787,31906,False,silentviper787@gmail.com
CoolTiger788,97898,False,cooltiger788@outlook.com
EpicFox789,73980,False,epicfox789@yahoo.com
CoolEagle790,21836,False,cooleagle790@hotmail.com
GoldenBear791,95343,False,goldenbear791@outlook.com
ShadowTiger792,24244,False,shadowtiger792@mail.ru
SwiftBear793,69274,False,swiftbear793@hotmail.com
FireWolf794,99878,False,firewolf794@mail.ru
CoolHawk795,64930,False,coolhawk795@yahoo.com
GoldenBear796,78133,True,goldenbear796@yahoo.com
CoolLion797,38478,False,coollion797@outlook.com
SwiftShark798,32990,False,swiftshark798@hotmail.com
GoldenHawk799,63234,False,goldenhawk799@mail.ru
CoolHawk800,75617,False,coolhawk800@yahoo.com
ShadowShark801,74862,False,shadowshark801@outlook.com
FireDragon802,-948,False,firedragon802@mail.ru
DarkViper803,57481,False,darkviper803@outlook.com
SilentFox804,83914,False,silentfox804@hotmail.com
MightyBear805,68277,True,mightybear805@gmail.com
DarkFox806,36541,False,darkfox806@mail.ru
SilentBear807,35583,False,silentbear807@mail.ru
MightyDragon808,98612,True,mightydragon808@mail.ru
ShadowHawk809,1246,False,shadowhawk809@hotmail.com
EpicWolf810,69608,False,epicwolf810@yahoo.com
CoolTiger811,52571,True,cooltiger811@hotmail.com
MightyEagle812,65084,False,mightyeagle812@yahoo.com
FireBear813,28728,False,firebear813@gmail.com
MightyFox814,32436,True,mightyfox814@yahoo.com
CoolDragon815,54150,False,cooldragon815@gmail.com
SwiftShark816,60541,False,swiftshark816@gmail.com
MightyFox817,60115,False,mightyfox817@yahoo.com
GoldenDragon818,64481,False,goldendragon818@yahoo.com
EpicFox819,61645,True,epicfox819@yahoo.com
IronShark820,37402,False,ironshark820@outlook.com
EpicWolf821,59336,False,epicwolf821@mail.ru
IronLion822,33811,False,ironlion822@yahoo.com
DarkWolf823,15093,False,darkwolf823@outlook.com
FireBear824,59039,False,firebear824@outlook.com
GoldenWolf825,97885,False,goldenwolf825@mail.ru
IronLion826,85767,False,ironlion826@yahoo.com
SilentTiger827,28760,False,silenttiger827@yahoo.com
SwiftShark828,67442,False,swiftshark828@hotmail.com
EpicBear829,35853,False,epicbear829@gmail.com
EpicWolf830,34238,False,epicwolf830@mail.ru
IronShark831,87821,False,ironshark831@hotmail.com
MightyHawk832,68085,False,mightyhawk832@yahoo.com
GoldenFox833,2302,True,goldenfox833@outlook.com
DarkTiger834,92893,False,darktiger834@gmail.com
DarkTiger835,67782,False,darktiger835@hotmail.com
SwiftShark836,70781,False,swiftshark836@mail.ru
EpicShark837,16706,False,epicshark837@hotmail.com
IronDragon838,97272,True,irondragon838@hotmail.com
CoolWolf839,48134,True,coolwolf839@yahoo.com
SilentDragon840,46626,False,silentdragon840@mail.ru
FireTiger841,96787,False,firetiger841@yahoo.com
MightyFox842,93825,False,mightyfox842@mail.ru
GoldenHawk843,73946,False,goldenhawk843@hotmail.com
EpicBear844,97127,False,epicbear844@yahoo.com
SwiftBear845,92699,False,swiftbear845@outlook.com
FireBear846,5,False,firebear846@hotmail.com
EpicShark847,26598,False,epicshark847@outlook.com
SwiftWolf848,25005,True,swiftwolf848@mail.ru
GoldenLion849,29109,False,goldenlion849@mail.ru
SwiftShark850,85818,False,swiftshark850@outlook.com
ShadowBear851,76172,True,shadowbear851@gmail.com
DarkFox852,28556,False,darkfox852@outlook.com
MightyDragon853,80213,False,mightydragon853@hotmail.com
SwiftFox854,52358,False,swiftfox854@mail.ru
GoldenFox855,11161,False,goldenfox855@outlook.com
EpicHawk856,64004,False,epichawk856@hotmail.com
SilentViper857,95794,False,silentviper857@mail.ru
DarkBear858,48538,False,darkbear858@outlook.com
SwiftViper859,-275,False,swiftviper859@yahoo.com
SilentTiger860,78222,False,silenttiger860@outlook.com
GoldenViper861,27213,False,goldenviper861@outlook.com
SilentWolf862,6897,False,silentwolf862@yahoo.com
DarkHawk863,40297,False,darkhawk863@mail.ru
ShadowEagle864,83026,True,shadoweagle864@gmail.com
ShadowTiger865,240,False,shadowtiger865@outlook.com
CoolBear866,62516,False,coolbear866@mail.ru
GoldenWolf867,78184,False,goldenwolf867@yahoo.com
IronShark868,57964,False,ironshark868@gmail.com
GoldenHawk869,19898,False,goldenhawk869@gmail.com
FireViper870,13324,False,fireviper870@outlook.com
DarkViper871,29182,False,darkviper871@mail.ru
FireWolf872,87729,False,firewolf872@outlook.com
SwiftTiger873,15187,True,swifttiger873@yahoo.com
GoldenTiger874,26700,False,goldentiger874@yahoo.com
SilentLion875,2410,False,silentlion875@gmail.com
EpicLion876,92741,False,epiclion876@gmail.com
DarkFox877,19821,False,darkfox877@yahoo.com
GoldenHawk878,55715,False,goldenhawk878@hotmail.com
ShadowHawk879,55007,False,shadowhawk879@gmail.com
DarkFox880,2178,True,darkfox880@yahoo.com
EpicEagle881,23646,False,epiceagle881@outlook.com
ShadowEagle882,97141,False,shadoweagle882@mail.ru
MightyLion883,28968,False,mightylion883@gmail.com
EpicFox884,8538,False,epicfox884@yahoo.com
EpicShark885,5620,False,epicshark885@outlook.com
SilentShark886,99012,False,silentshark886@mail.ru
MightyDragon887,35442,False,mightydragon887@outlook.com
EpicDragon888,16071,False,epicdragon888@gmail.com
EpicFox889,99128,False,epicfox889@gmail.com
SilentShark890,72993,False,silentshark890@hotmail.com
SwiftBear891,95177,False,swiftbear891@mail.ru
FireWolf892,71843,False,firewolf892@hotmail.com
EpicLion893,3841,False,epiclion893@hotmail.com
ShadowDragon894,69992,False,shadowdragon894@outlook.com
EpicFox895,14859,False,epicfox895@mail.ru
CoolHawk896,1224,False,coolhawk896@outlook.com
GoldenViper897,74325,False,goldenviper897@gmail.com
DarkLion898,19927,True,darklion898@gmail.com
IronDragon899,45385,False,irondragon899@yahoo.com
GoldenHawk900,96069,False,goldenhawk900@hotmail.com
FireBear901,67761,True,firebear901@gmail.com
CoolBear902,18297,False,coolbear902@yahoo.com
EpicTiger903,23527,True,epictiger903@mail.ru
MightyLion904,24553,False,mightylion904@hotmail.com
MightyHawk905,86147,False,mightyhawk905@hotmail.com
MightyDragon906,10748,False,mightydragon906@outlook.com
IronDragon907,86647,False,irondragon907@yahoo.com
SwiftEagle908,99169,True,swifteagle908@yahoo.com
CoolDragon909,28398,False,cooldragon909@gmail.com
DarkViper910,84030,False,darkviper910@yahoo.com
IronFox911,10737,False,ironfox911@gmail.com
EpicTiger912,10663,False,epictiger912@hotmail.com
SwiftHawk913,31634,False,swifthawk913@outlook.com
GoldenWolf914,43487,True,goldenwolf914@mail.ru
CoolShark915,11270,False,coolshark915@yahoo.com
FireTiger916,80187,False,firetiger916@mail.ru
CoolHawk917,93640,False,coolhawk917@yahoo.com
IronWolf918,67188,False,ironwolf918@mail.ru
GoldenHawk919,78828,False,goldenhawk919@gmail.com
SwiftLion920,86323,False,swiftlion920@gmail.com
FireViper921,49200,False,fireviper921@gmail.com
CoolHawk922,7332,False,coolhawk922@hotmail.com
IronEagle923,57443,False,ironeagle923@outlook.com
SilentHawk924,65530,False,silenthawk924@yahoo.com
SilentFox925,17043,False,silentfox925@gmail.com
FireWolf926,99981,False,firewolf926@yahoo.com
GoldenLion927,27948,False,goldenlion927@gmail.com
DarkFox928,70011,False,darkfox928@outlook.com
IronWolf929,9735,False,ironwolf929@yahoo.com
FireDragon930,16845,False,firedragon930@mail.ru
DarkDragon931,80569,False,darkdragon931@outlook.com
SwiftShark932,79820,False,swiftshark932@outlook.com
MightyEagle933,38388,False,mightyeagle933@yahoo.com
CoolViper934,41300,False,coolviper934@outlook.com
SwiftBear935,71483,False,swiftbear935@outlook.com
DarkViper936,44447,False,darkviper936@mail.ru
SilentFox937,13128,True,silentfox937@outlook.com
DarkDragon938,48354,True,darkdragon938@hotmail.com
SwiftDragon939,13560,False,swiftdragon939@yahoo.com
MightyBear940,36061,False,mightybear940@mail.ru
CoolHawk941,84132,True,coolhawk941@gmail.com
FireTiger942,89086,False,firetiger942@yahoo.com
GoldenHawk943,59067,False,goldenhawk943@outlook.com
CoolLion944,95435,False,coollion944@hotmail.com
IronEagle945,22561,False,ironeagle945@hotmail.com
MightyFox946,68142,False,mightyfox946@hotmail.com
MightyEagle947,23029,False,mightyeagle947@gmail.com
MightyLion948,38780,True,mightylion948@gmail.com
GoldenTiger949,77385,False,goldentiger949@yahoo.com
SwiftShark950,63922,False,swiftshark950@gmail.com
MightyWolf951,20855,False,mightywolf951@mail.ru
CoolLion952,49000,False,coollion952@yahoo.com
GoldenBear953,4978,False,goldenbear953@hotmail.com
IronLion954,16203,False,ironlion954@mail.ru
ShadowWolf955,60275,False,shadowwolf955@hotmail.com
IronEagle956,67975,False,ironeagle956@mail.ru
SilentTiger957,26364,False,silenttiger957@hotmail.com
FireFox958,30255,False,firefox958@hotmail.com
SilentFox959,12135,False,silentfox959@gmail.com
SilentTiger960,54329,False,silenttiger960@outlook.com
FireDragon961,92084,False,firedragon961@yahoo.com
SwiftWolf962,-857,True,swiftwolf962@yahoo.com
CoolShark963,95127,False,coolshark963@yahoo.com
GoldenLion964,26923,False,goldenlion964@mail.ru
EpicLion965,16516,True,epiclion965@mail.ru
SwiftWolf966,33359,True,swiftwolf966@hotmail.com
IronWolf967,59470,False,ironwolf967@gmail.com
GoldenHawk968,52071,False,goldenhawk968@mail.ru
MightyWolf969,57255,True,mightywolf969@yahoo.com
ShadowDragon970,79371,True,shadowdragon970@mail.ru
SwiftShark971,55573,False,swiftshark971@gmail.com
IronShark972,24705,False,ironshark972@yahoo.com
EpicFox973,80991,False,epicfox973@hotmail.com
DarkLion974,30827,False,darklion974@mail.ru
EpicEagle975,64084,True,epiceagle975@outlook.com
MightyFox976,90233,False,mightyfox976@outlook.com
GoldenLion977,88036,False,goldenlion977@outlook.com
GoldenBear978,82667,False,goldenbear978@outlook.com
ShadowFox979,73481,False,shadowfox979@mail.ru
FireEagle980,20897,True,fireeagle980@outlook.com
CoolHawk981,12366,False,coolhawk981@yahoo.com
IronDragon982,51143,False,irondragon982@gmail.com
EpicEagle983,39804,False,epiceagle983@outlook.com
FireEagle984,39139,True,fireeagle984@gmail.com
IronBear985,82487,False,ironbear985@mail.ru
ShadowDragon986,62814,False,shadowdragon986@outlook.com
FireFox987,99804,False,firefox987@mail.ru
IronViper988,89313,False,ironviper988@mail.ru
FireShark989,620,False,fireshark989@hotmail.com
EpicWolf990,99298,False,epicwolf990@mail.ru
SwiftViper991,91431,False,swiftviper991@outlook.com
MightyEagle992,53416,False,mightyeagle992@yahoo.com
SilentDragon993,48802,False,silentdragon993@mail.ru
IronLion994,16378,False,ironlion994@gmail.com
MightyFox995,97338,False,mightyfox995@gmail.com
MightyTiger996,46067,False,mightytiger996@mail.ru
ShadowDragon997,54300,False,shadowdragon997@hotmail.com
FireHawk998,63676,True,firehawk998@outlook.com
SwiftDragon999,82859,False,swiftdragon999@gmail.com
DarkViper1000,15976,False,darkviper1000@outlook.com
FireTiger1001,1364,True,firetiger1001@hotmail.com
GoldenWolf1002,47740,False,goldenwolf1002@outlook.com
MightyBear1003,19588,False,mightybear1003@yahoo.com
IronTiger1004,5832,False,irontiger1004@gmail.com
DarkViper1005,98941,False,darkviper1005@hotmail.com
CoolBear1006,72173,False,coolbear1006@outlook.com
IronBear1007,53713,True,ironbear1007@outlook.com
IronEagle1008,84848,False,ironeagle1008@gmail.com
SilentDragon1009,56232,False,silentdragon1009@mail.ru
IronFox1010,26926,True,ironfox1010@mail.ru
GoldenBear1011,38984,False,goldenbear1011@mail.ru
CoolViper1012,72891,False,coolviper1012@outlook.com
DarkDragon1013,3725,False,darkdragon1013@outlook.com
FireLion1014,77754,True,firelion1014@yahoo.com
EpicTiger1015,65961,False,epictiger1015@gmail.com
SwiftTiger1016,1265,True,swifttiger1016@yahoo.com
ShadowViper1017,70424,True,shadowviper1017@outlook.com
EpicViper1018,94778,False,epicviper1018@yahoo.com
FireShark1019,91885,False,fireshark1019@outlook.com
GoldenShark1020,10761,True,goldenshark1020@gmail.com
CoolWolf1021,18696,False,coolwolf1021@yahoo.com
DarkShark1022,51587,False,darkshark1022@mail.ru
CoolLion1023,35511,False,coollion1023@gmail.com
IronBear1024,80308,False,ironbear1024@gmail.com
SilentDragon1025,45755,False,silentdragon1025@outlook.com
GoldenDragon1026,55398,True,goldendragon1026@hotmail.com
DarkBear1027,11313,True,darkbear1027@outlook.com
MightyEagle1028,93478,False,mightyeagle1028@mail.ru
DarkDragon1029,51191,False,darkdragon1029@hotmail.com
SilentBear1030,36891,True,silentbear1030@hotmail.com
ShadowEagle1031,18277,False,shadoweagle1031@gmail.com
EpicShark1032,82066,False,epicshark1032@outlook.com
ShadowTiger1033,89461,False,shadowtiger1033@gmail.com
DarkTiger1034,33721,False,darktiger1034@outlook.com
GoldenViper1035,84019,False,goldenviper1035@hotmail.com
ShadowWolf1036,65141,True,shadowwolf1036@gmail.com
DarkLion1037,34795,True,darklion1037@gmail.com
DarkDragon1038,47553,False,darkdragon1038@mail.ru
FireFox1039,93207,False,firefox1039@hotmail.com
GoldenWolf1040,81269,False,goldenwolf1040@gmail.com
FireWolf1041,99943,False,firewolf1041@outlook.com
IronTiger1042,84637,False,irontiger1042@gmail.com
SilentLion1043,41221,False,silentlion1043@yahoo.com
IronEagle1044,43494,True,ironeagle1044@hotmail.com
SwiftHawk1045,46283,False,swifthawk1045@hotmail.com
FireBear1046,54030,False,firebear1046@hotmail.com
DarkHawk1047,23850,False,darkhawk1047@mail.ru
ShadowShark1048,6211,False,shadowshark1048@outlook.com
MightyDragon1049,2268,True,mightydragon1049@mail.ru
DarkBear1050,71022,False,darkbear1050@yahoo.com
SilentEagle1051,71597,False,silenteagle1051@mail.ru
DarkShark1052,60866,False,darkshark1052@outlook.com
ShadowDragon1053,84429,False,shadowdragon1053@yahoo.com
IronShark1054,44295,False,ironshark1054@hotmail.com
CoolViper1055,48140,False,coolviper1055@yahoo.com
SwiftDragon1056,2307,False,swiftdragon1056@yahoo.com
MightyEagle1057,11163,False,mightyeagle1057@yahoo.com
GoldenHawk1058,7714,True,goldenhawk1058@outlook.com
EpicShark1059,43207,False,epicshark1059@hotmail.com
CoolTiger1060,91237,False,cooltiger1060@hotmail.com
FireShark1061,56,False,fireshark1061@outlook.com
CoolDragon1062,54596,True,cooldragon1062@mail.ru
FireFox1063,87979,True,firefox1063@hotmail.com
GoldenHawk1064,89840,False,goldenhawk1064@gmail.com
EpicViper1065,52323,False,epicviper1065@hotmail.com
IronHawk1066,59241,False,ironhawk1066@yahoo.com
CoolViper1067,1881,False,coolviper1067@outlook.com
DarkShark1068,3711,False,darkshark1068@outlook.com
MightyViper1069,94037,False,mightyviper1069@yahoo.com
CoolTiger1070,97299,False,cooltiger1070@outlook.com
SwiftFox1071,37304,False,swiftfox1071@gmail.com
SilentViper1072,70809,False,silentviper1072@outlook.com
DarkLion1073,79573,False,darklion1073@yahoo.com
FireBear1074,654,False,firebear1074@hotmail.com
FireHawk1075,97904,False,firehawk1075@gmail.com
FireBear1076,92865,False,firebear1076@gmail.com
FireEagle1077,13336,False,fireeagle1077@gmail.com
SwiftLion1078,41901,False,swiftlion1078@hotmail.com
EpicLion1079,40519,False,epiclion1079@gmail.com
SwiftTiger1080,78701,True,swifttiger1080@outlook.com
SilentLion1081,72545,False,silentlion1081@hotmail.com
CoolWolf1082,39146,False,coolwolf1082@yahoo.com
ShadowWolf1083,75407,True,shadowwolf1083@mail.ru
DarkViper1084,26573,False,darkviper1084@gmail.com
MightyFox1085,65078,False,mightyfox1085@gmail.com
EpicHawk1086,83079,True,epichawk1086@gmail.com
DarkHawk1087,36617,False,darkhawk1087@yahoo.com
GoldenLion1088,39639,True,goldenlion1088@outlook.com
CoolWolf1089,68799,True,coolwolf1089@gmail.com
DarkFox1090,6717,False,darkfox1090@gmail.com
DarkFox1091,58534,False,darkfox1091@gmail.com
DarkTiger1092,40386,False,darktiger1092@mail.ru
SilentViper1093,24490,False,silentviper1093@outlook.com
ShadowWolf1094,94271,False,shadowwolf1094@gmail.com
MightyLion1095,65490,True,mightylion1095@outlook.com
DarkLion1096,69643,False,darklion1096@gmail.com
EpicEagle1097,78676,False,epiceagle1097@hotmail.com
MightyTiger1098,9802,False,mightytiger1098@hotmail.com
FireEagle1099,64411,False,fireeagle1099@outlook.com
ShadowWolf1100,94696,False,shadowwolf1100@hotmail.com
IronLion1101,16383,False,ironlion1101@gmail.com
IronLion1102,6052,False,ironlion1102@mail.ru
DarkWolf1103,23902,False,darkwolf1103@mail.ru
SilentBear1104,62853,False,silentbear1104@yahoo.com
FireFox1105,51928,False,firefox1105@yahoo.com
MightyDragon1106,82094,True,mightydragon1106@hotmail.com
DarkHawk1107,3747,True,darkhawk1107@mail.ru
SilentWolf1108,48704,False,silentwolf1108@outlook.com
SilentShark1109,92493,True,silentshark1109@outlook.com
MightyHawk1110,3462,False,mightyhawk1110@yahoo.com
MightyTiger1111,35963,False,mightytiger1111@outlook.com
IronEagle1112,18602,False,ironeagle1112@outlook.com
CoolFox1113,65648,False,coolfox1113@yahoo.com
ShadowWolf1114,53534,False,shadowwolf1114@outlook.com
EpicBear1115,38610,False,epicbear1115@yahoo.com
GoldenHawk1116,6805,True,goldenhawk1116@gmail.com
CoolLion1117,53271,False,coollion1117@yahoo.com
SwiftTiger1118,48643,False,swifttiger1118@gmail.com
FireViper1119,30981,True,fireviper1119@yahoo.com
CoolFox1120,49147,False,coolfox1120@mail.ru
SwiftEagle1121,17402,False,swifteagle1121@hotmail.com
GoldenShark1122,35762,True,goldenshark1122@yahoo.com
ShadowFox1123,93981,False,shadowfox1123@gmail.com
IronBear1124,67402,False,ironbear1124@mail.ru
ShadowEagle1125,50731,False,shadoweagle1125@outlook.com
SwiftShark1126,28708,False,swiftshark1126@outlook.com
MightyEagle1127,14605,True,mightyeagle1127@gmail.com
EpicBear1128,70317,False,epicbear1128@outlook.com
IronBear1129,18083,False,ironbear1129@yahoo.com
SwiftHawk1130,77137,True,swifthawk1130@gmail.com
IronViper1131,82102,True,ironviper1131@yahoo.com
SwiftShark1132,5597,False,swiftshark1132@gmail.com
EpicViper1133,83190,False,epicviper1133@hotmail.com
IronHawk1134,5709,False,ironhawk1134@hotmail.com
DarkTiger1135,13682,False,darktiger1135@yahoo.com
SwiftBear1136,42754,False,swiftbear1136@gmail.com
SilentEagle1137,17069,True,silenteagle1137@gmail.com
DarkWolf1138,59459,False,darkwolf1138@gmail.com
GoldenShark1139,16605,False,goldenshark1139@mail.ru
EpicBear1140,32976,True,epicbear1140@hotmail.com
MightyBear1141,19208,False,mightybear1141@mail.ru
DarkWolf1142,3057,False,darkwolf1142@outlook.com
FireTiger1143,99699,True,firetiger1143@mail.ru
MightyEagle1144,73486,False,mightyeagle1144@hotmail.com
SwiftDragon1145,92396,False,swiftdragon1145@gmail.com
SwiftViper1146,33058,False,swiftviper1146@hotmail.com
IronBear1147,51834,False,ironbear1147@gmail.com
IronWolf1148,89728,False,ironwolf1148@yahoo.com
ShadowEagle1149,51161,False,shadoweagle1149@yahoo.com
DarkBear1150,11343,False,darkbear1150@gmail.com
ShadowHawk1151,44179,False,shadowhawk1151@yahoo.com
FireWolf1152,17254,False,firewolf1152@outlook.com
GoldenWolf1153,40416,False,goldenwolf1153@yahoo.com
EpicViper1154,95258,False,epicviper1154@outlook.com
DarkShark1155,43252,False,darkshark1155@gmail.com
IronWolf1156,78223,False,ironwolf1156@hotmail.com
EpicLion1157,10434,False,epiclion1157@outlook.com
SilentHawk1158,36525,False,silenthawk1158@yahoo.com
IronLion1159,87344,False,ironlion1159@mail.ru
IronViper1160,34661,False,ironviper1160@yahoo.com
CoolFox1161,30349,False,coolfox1161@mail.ru
EpicShark1162,60750,False,epicshark1162@yahoo.com
MightyBear1163,52866,True,mightybear1163@mail.ru
IronDragon1164,57213,False,irondragon1164@gmail.com
CoolShark1165,91913,False,coolshark1165@gmail.com
SilentLion1166,48455,True,silentlion1166@gmail.com
SilentWolf1167,71101,True,silentwolf1167@outlook.com
FireFox1168,12905,False,firefox1168@gmail.com
SwiftHawk1169,79814,False,swifthawk1169@outlook.com
MightyEagle1170,11473,True,mightyeagle1170@yahoo.com
GoldenEagle1171,25514,False,goldeneagle1171@yahoo.com
ShadowFox1172,63035,False,shadowfox1172@gmail.com
SwiftEagle1173,57510,True,swifteagle1173@yahoo.com
ShadowTiger1174,71459,False,shadowtiger1174@yahoo.com
GoldenDragon1175,20908,False,goldendragon1175@mail.ru
GoldenHawk1176,59067,False,goldenhawk1176@hotmail.com
MightyViper1177,26334,False,mightyviper1177@mail.ru
CoolViper1178,40505,False,coolviper1178@gmail.com
MightyFox1179,72289,False,mightyfox1179@gmail.com
ShadowBear1180,77335,False,shadowbear1180@outlook.com
EpicDragon1181,51610,False,epicdragon1181@gmail.com
IronHawk1182,11520,True,ironhawk1182@yahoo.com
ShadowViper1183,19344,False,shadowviper1183@yahoo.com
DarkWolf1184,89617,False,darkwolf1184@mail.ru
GoldenViper1185,74222,False,goldenviper1185@gmail.com
ShadowEagle1186,1477,False,shadoweagle1186@hotmail.com
CoolEagle1187,31363,False,cooleagle1187@outlook.com
MightyShark1188,1243,False,mightyshark1188@yahoo.com
MightyTiger1189,35746,True,mightytiger1189@hotmail.com
ShadowFox1190,96953,True,shadowfox1190@hotmail.com
IronWolf1191,85961,False,ironwolf1191@outlook.com
SwiftViper1192,70573,True,swiftviper1192@gmail.com
EpicLion1193,54053,False,epiclion1193@outlook.com
SilentEagle1194,50200,False,silenteagle1194@mail.ru
ShadowTiger1195,38301,False,shadowtiger1195@mail.ru
ShadowViper1196,15811,False,shadowviper1196@yahoo.com
SwiftWolf1197,42711,False,swiftwolf1197@outlook.com
SwiftHawk1198,9158,True,swifthawk1198@yahoo.com
EpicHawk1199,2841,False,epichawk1199@hotmail.com
MightyShark1200,79422,False,mightyshark1200@mail.ru
MightyShark1201,65136,False,mightyshark1201@mail.ru
GoldenBear1202,20716,False,goldenbear1202@hotmail.com
CoolEagle1203,13787,False,cooleagle1203@gmail.com
DarkWolf1204,48764,False,darkwolf1204@mail.ru
IronBear1205,93831,False,ironbear1205@gmail.com
EpicEagle1206,84683,False,epiceagle1206@yahoo.com
GoldenHawk1207,54010,False,goldenhawk1207@outlook.com
MightyEagle1208,3275,False,mightyeagle1208@yahoo.com
CoolShark1209,31390,False,coolshark1209@yahoo.com
GoldenShark1210,96023,False,goldenshark1210@hotmail.com
CoolBear1211,57945,True,coolbear1211@hotmail.com
ShadowLion1212,30008,False,shadowlion1212@hotmail.com
CoolHawk1213,68546,False,coolhawk1213@hotmail.com
MightyViper1214,18581,False,mightyviper1214@gmail.com
EpicHawk1215,26180,False,epichawk1215@mail.ru
ShadowShark1216,79334,False,shadowshark1216@gmail.com
SilentFox1217,67173,False,silentfox1217@yahoo.com
GoldenTiger1218,34365,False,goldentiger1218@hotmail.com
MightyTiger1219,80447,False,mightytiger1219@gmail.com
EpicEagle1220,55181,False,epiceagle1220@outlook.com
SilentEagle1221,56213,False,silenteagle1221@hotmail.com
GoldenEagle1222,57059,False,goldeneagle1222@yahoo.com
CoolLion1223,36922,True,coollion1223@yahoo.com
SilentDragon1224,77340,False,silentdragon1224@mail.ru
FireShark1225,57697,False,fireshark1225@outlook.com
DarkTiger1226,94564,False,darktiger1226@yahoo.com
ShadowShark1227,6910,False,shadowshark1227@outlook.com
IronFox1228,54635,False,ironfox1228@outlook.com
FireLion1229,23181,False,firelion1229@outlook.com
IronEagle1230,86284,True,ironeagle1230@hotmail.com
SilentViper1231,35563,False,silentviper1231@gmail.com
SilentDragon1232,16409,False,silentdragon1232@hotmail.com
DarkShark1233,2003,True,darkshark1233@gmail.com
ShadowWolf1234,-804,False,shadowwolf1234@hotmail.com
SilentViper1235,39179,False,silentviper1235@hotmail.com
FireDragon1236,17635,False,firedragon1236@outlook.com
DarkViper1237,56865,False,darkviper1237@outlook.com
CoolDragon1238,19892,False,cooldragon1238@gmail.com
EpicTiger1239,19958,True,epictiger1239@gmail.com
FireLion1240,57186,False,firelion1240@gmail.com
SwiftEagle1241,1256,False,swifteagle1241@gmail.com
GoldenTiger1242,83584,False,goldentiger1242@yahoo.com
ShadowBear1243,78817,False,shadowbear1243@outlook.com
ShadowHawk1244,33170,True,shadowhawk1244@outlook.com
MightyFox1245,52730,True,mightyfox1245@hotmail.com
ShadowFox1246,87540,False,shadowfox1246@hotmail.com
SwiftShark1247,68556,False,swiftshark1247@gmail.com
SwiftHawk1248,34717,False,swifthawk1248@hotmail.com
CoolEagle1249,59805,False,cooleagle1249@yahoo.com
CoolLion1250,21199,False,coollion1250@gmail.com
IronBear1251,34196,True,ironbear1251@hotmail.com
EpicHawk1252,37503,False,epichawk1252@gmail.com
EpicFox1253,1826,True,epicfox1253@yahoo.com
GoldenLion1254,51332,False,goldenlion1254@gmail.com
MightyFox1255,98242,False,mightyfox1255@hotmail.com
DarkViper1256,67488,False,darkviper1256@outlook.com
SilentViper1257,6561,True,silentviper1257@hotmail.com
GoldenViper1258,20402,True,goldenviper1258@hotmail.com
EpicWolf1259,70419,True,epicwolf1259@outlook.com
SilentTiger1260,21145,False,silenttiger1260@outlook.com
IronEagle1261,14029,False,ironeagle1261@mail.ru
GoldenEagle1262,27428,False,goldeneagle1262@mail.ru
DarkFox1263,3144,False,darkfox1263@outlook.com
EpicDragon1264,88965,False,epicdragon1264@hotmail.com
MightyEagle1265,91792,False,mightyeagle1265@yahoo.com
ShadowTiger1266,67601,False,shadowtiger1266@outlook.com
MightyShark1267,50462,False,mightyshark1267@outlook.com
FireTiger1268,40743,True,firetiger1268@yahoo.com
DarkFox1269,50539,True,darkfox1269@gmail.com
EpicHawk1270,49828,False,epichawk1270@hotmail.com
SilentHawk1271,74417,False,silenthawk1271@hotmail.com
SilentWolf1272,83826,True,silentwolf1272@gmail.com
CoolTiger1273,94354,False,cooltiger1273@yahoo.com
ShadowDragon1274,70704,False,shadowdragon1274@mail.ru
FireTiger1275,61989,False,firetiger1275@hotmail.com
MightyEagle1276,53442,False,mightyeagle1276@mail.ru
CoolLion1277,86241,False,coollion1277@mail.ru
SwiftTiger1278,35019,False,swifttiger1278@yahoo.com
EpicWolf1279,25785,False,epicwolf1279@mail.ru
GoldenEagle1280,91695,False,goldeneagle1280@yahoo.com
DarkLion1281,62585,False,darklion1281@outlook.com
GoldenTiger1282,2039,False,goldentiger1282@hotmail.com
MightyHawk1283,27530,False,mightyhawk1283@mail.ru
EpicBear1284,36267,False,epicbear1284@outlook.com
ShadowLion1285,47470,False,shadowlion1285@yahoo.com
EpicTiger1286,27597,False,epictiger1286@mail.ru
ShadowViper1287,80171,False,shadowviper1287@outlook.com
SilentHawk1288,93204,False,silenthawk1288@outlook.com
FireTiger1289,60250,False,firetiger1289@hotmail.com
ShadowWolf1290,81034,False,shadowwolf1290@yahoo.com
FireViper1291,39410,True,fireviper1291@outlook.com
DarkLion1292,73865,False,darklion1292@gmail.com
FireBear1293,85501,False,firebear1293@outlook.com
IronShark1294,52169,False,ironshark1294@yahoo.com
DarkDragon1295,9509,True,darkdragon1295@mail.ru
DarkTiger1296,37412,False,darktiger1296@gmail.com
ShadowFox1297,25688,True,shadowfox1297@mail.ru
DarkEagle1298,3983,True,darkeagle1298@outlook.com
ShadowWolf1299,27121,True,shadowwolf1299@hotmail.com
FireShark1300,84403,False,fireshark1300@outlook.com
MightyShark1301,94011,False,mightyshark1301@yahoo.com
SilentDragon1302,63084,False,silentdragon1302@hotmail.com
MightyWolf1303,7016,True,mightywolf1303@hotmail.com
GoldenLion1304,66525,False,goldenlion1304@yahoo.com
GoldenTiger1305,551,False,goldentiger1305@mail.ru
SilentTiger1306,3118,False,silenttiger1306@hotmail.com
SwiftHawk1307,59792,True,swifthawk1307@yahoo.com
SilentEagle1308,64469,True,silenteagle1308@outlook.com
MightyShark1309,15544,True,mightyshark1309@yahoo.com
MightyFox1310,62672,False,mightyfox1310@yahoo.com
GoldenTiger1311,34249,False,goldentiger1311@gmail.com
GoldenLion1312,93431,True,goldenlion1312@yahoo.com
EpicEagle1313,87685,True,epiceagle1313@outlook.com
MightyFox1314,23954,True,mightyfox1314@mail.ru
GoldenEagle1315,27498,True,goldeneagle1315@mail.ru
CoolDragon1316,14620,False,cooldragon1316@hotmail.com
SwiftDragon1317,53617,False,swiftdragon1317@hotmail.com
SilentLion1318,11964,False,silentlion1318@hotmail.com
SilentFox1319,79881,False,silentfox1319@mail.ru
EpicHawk1320,73877,False,epichawk1320@outlook.com
ShadowHawk1321,86989,False,shadowhawk1321@yahoo.com
IronViper1322,12398,False,ironviper1322@gmail.com
SwiftViper1323,20610,False,swiftviper1323@gmail.com
SwiftViper1324,68988,False,swiftviper1324@outlook.com
DarkDragon1325,79153,False,darkdragon1325@outlook.com
SwiftHawk1326,83714,False,swifthawk1326@outlook.com
IronDragon1327,76498,False,irondragon1327@outlook.com
SilentDragon1328,58280,False,silentdragon1328@hotmail.com
SwiftShark1329,25460,False,swiftshark1329@outlook.com
MightyFox1330,19035,True,mightyfox1330@hotmail.com
EpicViper1331,12583,False,epicviper1331@hotmail.com
FireShark1332,53796,False,fireshark1332@gmail.com
SwiftHawk1333,16051,False,swifthawk1333@outlook.com
FireDragon1334,13041,False,firedragon1334@yahoo.com
DarkDragon1335,45175,False,darkdragon1335@gmail.com
SwiftBear1336,52793,False,swiftbear1336@mail.ru
FireHawk1337,9893,False,firehawk1337@outlook.com
CoolFox1338,36871,False,coolfox1338@mail.ru
CoolHawk1339,8464,False,coolhawk1339@yahoo.com
EpicWolf1340,91379,False,epicwolf1340@outlook.com
GoldenWolf1341,36234,False,goldenwolf1341@outlook.com
IronBear1342,80607,False,ironbear1342@gmail.com
EpicWolf1343,96131,False,epicwolf1343@hotmail.com
MightyWolf1344,84743,False,mightywolf1344@outlook.com
EpicBear1345,3857,False,epicbear1345@gmail.com
CoolWolf1346,44785,False,coolwolf1346@yahoo.com
SwiftShark1347,44034,False,swiftshark1347@yahoo.com
GoldenBear1348,90019,True,goldenbear1348@gmail.com
IronLion1349,36996,False,ironlion1349@gmail.com
GoldenHawk1350,40464,False,goldenhawk1350@mail.ru
GoldenWolf1351,2009,False,goldenwolf1351@outlook.com
SwiftEagle1352,31084,False,swifteagle1352@gmail.com
SilentTiger1353,89692,False,silenttiger1353@hotmail.com
ShadowViper1354,35530,False,shadowviper1354@mail.ru
MightyHawk1355,80418,False,mightyhawk1355@yahoo.com
GoldenViper1356,75077,False,goldenviper1356@mail.ru
SwiftFox1357,30031,False,swiftfox1357@mail.ru
GoldenDragon1358,24547,False,goldendragon1358@hotmail.com
FireViper1359,61752,False,fireviper1359@hotmail.com
DarkWolf1360,16462,False,darkwolf1360@mail.ru
MightyBear1361,28776,False,mightybear1361@gmail.com
ShadowDragon1362,24522,False,shadowdragon1362@gmail.com
GoldenBear1363,75903,False,goldenbear1363@hotmail.com
FireHawk1364,3072,False,firehawk1364@hotmail.com
IronFox1365,4910,False,ironfox1365@yahoo.com
FireWolf1366,21207,True,firewolf1366@hotmail.com
CoolEagle1367,24520,False,cooleagle1367@outlook.com
FireTiger1368,81343,True,firetiger1368@gmail.com
SilentEagle1369,23615,True,silenteagle1369@mail.ru
ShadowTiger1370,4657,False,shadowtiger1370@outlook.com
SwiftWolf1371,40402,False,swiftwolf1371@outlook.com
DarkHawk1372,64863,False,darkhawk1372@gmail.com
MightyFox1373,14911,False,mightyfox1373@gmail.com
SwiftEagle1374,65626,True,swifteagle1374@outlook.com
SilentBear1375,88945,False,silentbear1375@hotmail.com
FireDragon1376,19459,False,firedragon1376@gmail.com
IronLion1377,51560,False,ironlion1377@yahoo.com
CoolViper1378,34617,False,coolviper1378@outlook.com
EpicWolf1379,80190,True,epicwolf1379@hotmail.com
CoolHawk1380,56410,True,coolhawk1380@outlook.com
MightyFox1381,89563,True,mightyfox1381@hotmail.com
SilentHawk1382,27617,False,silenthawk1382@mail.ru
CoolTiger1383,50892,True,cooltiger1383@yahoo.com
SilentFox1384,6588,False,silentfox1384@hotmail.com
EpicEagle1385,86818,False,epiceagle1385@hotmail.com
SwiftLion1386,91960,False,swiftlion1386@gmail.com
ShadowEagle1387,19251,False,shadoweagle1387@mail.ru
ShadowWolf1388,90801,False,shadowwolf1388@gmail.com
GoldenBear1389,6026,False,goldenbear1389@gmail.com
DarkEagle1390,98805,False,darkeagle1390@mail.ru
ShadowLion1391,92536,False,shadowlion1391@gmail.com
SwiftHawk1392,38950,False,swifthawk1392@outlook.com
CoolDragon1393,84164,True,cooldragon1393@yahoo.com
GoldenLion1394,40251,True,goldenlion1394@yahoo.com
ShadowLion1395,54749,False,shadowlion1395@hotmail.com
SwiftShark1396,58314,False,swiftshark1396@gmail.com
ShadowDragon1397,26784,False,shadowdragon1397@hotmail.com
MightyBear1398,35806,False,mightybear1398@mail.ru
GoldenEagle1399,42927,False,goldeneagle1399@yahoo.com
EpicEagle1400,71527,True,epiceagle1400@outlook.com
EpicViper1401,88245,True,epicviper1401@outlook.com
CoolViper1402,99372,False,coolviper1402@mail.ru
ShadowFox1403,70494,False,shadowfox1403@mail.ru
MightyDragon1404,27136,False,mightydragon1404@outlook.com
GoldenHawk1405,65503,False,goldenhawk1405@gmail.com
ShadowDragon1406,71527,True,shadowdragon1406@gmail.com
EpicBear1407,87183,False,epicbear1407@yahoo.com
EpicBear1408,96471,False,epicbear1408@outlook.com
GoldenDragon1409,37926,False,goldendragon1409@outlook.com
DarkShark1410,73465,False,darkshark1410@hotmail.com
CoolShark1411,70236,False,coolshark1411@mail.ru
EpicTiger1412,70217,True,epictiger1412@yahoo.com
ShadowViper1413,39723,False,shadowviper1413@outlook.com
MightyEagle1414,32020,False,mightyeagle1414@gmail.com
MightyViper1415,73968,False,mightyviper1415@hotmail.com
MightyViper1416,28502,False,mightyviper1416@outlook.com
DarkFox1417,36112,False,darkfox1417@yahoo.com
ShadowDragon1418,63893,False,shadowdragon1418@mail.ru
DarkHawk1419,12054,False,darkhawk1419@mail.ru
MightyShark1420,86630,False,mightyshark1420@hotmail.com
DarkLion1421,4107,True,darklion1421@hotmail.com
ShadowWolf1422,83120,False,shadowwolf1422@hotmail.com
MightyShark1423,-674,False,mightyshark1423@hotmail.com
GoldenViper1424,26945,True,goldenviper1424@gmail.com
CoolWolf1425,5293,False,coolwolf1425@hotmail.com
SilentLion1426,41197,True,silentlion1426@yahoo.com
SwiftWolf1427,89554,False,swiftwolf1427@gmail.com
MightyBear1428,23959,True,mightybear1428@outlook.com
EpicBear1429,45192,True,epicbear1429@gmail.com
DarkEagle1430,4260,False,darkeagle1430@outlook.com
SwiftViper1431,92852,False,swiftviper1431@gmail.com
SilentWolf1432,95301,False,silentwolf1432@gmail.com
SilentFox1433,28657,False,silentfox1433@hotmail.com
DarkHawk1434,40186,False,darkhawk1434@hotmail.com
IronLion1435,4284,False,ironlion1435@outlook.com
MightyHawk1436,34218,False,mightyhawk1436@mail.ru
FireFox1437,78391,False,firefox1437@outlook.com
IronLion1438,93158,False,ironlion1438@hotmail.com
SwiftEagle1439,87250,True,swifteagle1439@yahoo.com
FireWolf1440,63045,False,firewolf1440@hotmail.com
EpicLion1441,24691,False,epiclion1441@hotmail.com
GoldenDragon1442,53302,True,goldendragon1442@mail.ru
GoldenHawk1443,56724,False,goldenhawk1443@outlook.com
SilentBear1444,86391,False,silentbear1444@gmail.com
ShadowBear1445,64463,True,shadowbear1445@outlook.com
DarkHawk1446,77481,False,darkhawk1446@gmail.com
GoldenViper1447,11204,False,goldenviper1447@mail.ru
EpicViper1448,83018,False,epicviper1448@gmail.com
MightyDragon1449,60784,False,mightydragon1449@gmail.com
MightyFox1450,18051,False,mightyfox1450@outlook.com
FireTiger1451,13426,False,firetiger1451@mail.ru
SwiftLion1452,97076,False,swiftlion1452@hotmail.com
FireLion1453,35356,False,firelion1453@outlook.com
MightyShark1454,34364,False,mightyshark1454@mail.ru
FireTiger1455,64560,False,firetiger1455@yahoo.com
CoolWolf1456,72635,False,coolwolf1456@mail.ru
IronShark1457,17714,False,ironshark1457@hotmail.com
DarkShark1458,87476,False,darkshark1458@outlook.com
DarkEagle1459,41014,True,darkeagle1459@mail.ru
SilentFox1460,33722,True,silentfox1460@mail.ru
SilentFox1461,14573,False,silentfox1461@mail.ru
CoolTiger1462,71517,False,cooltiger1462@outlook.com
FireDragon1463,91681,False,firedragon1463@mail.ru
DarkHawk1464,14516,False,darkhawk1464@gmail.com
EpicLion1465,49321,True,epiclion1465@mail.ru
FireViper1466,80642,True,fireviper1466@mail.ru
CoolHawk1467,55541,False,coolhawk1467@yahoo.com
FireWolf1468,36615,False,firewolf1468@mail.ru
SilentBear1469,15331,False,silentbear1469@gmail.com
ShadowViper1470,24932,False,shadowviper1470@outlook.com
ShadowShark1471,51972,False,shadowshark1471@mail.ru
GoldenViper1472,86480,False,goldenviper1472@outlook.com
DarkWolf1473,96842,False,darkwolf1473@outlook.com
MightyLion1474,36910,False,mightylion1474@hotmail.com
ShadowShark1475,11547,False,shadowshark1475@hotmail.com
EpicFox1476,64347,False,epicfox1476@outlook.com
SwiftBear1477,86027,False,swiftbear1477@mail.ru
MightyTiger1478,54370,False,mightytiger1478@hotmail.com
SilentShark1479,14122,False,silentshark1479@gmail.com
MightyTiger1480,27641,True,mightytiger1480@yahoo.com
ShadowLion1481,1885,True,shadowlion1481@outlook.com
IronBear1482,17827,False,ironbear1482@outlook.com
FireEagle1483,26546,False,fireeagle1483@gmail.com
SilentBear1484,26644,False,silentbear1484@yahoo.com
DarkWolf1485,2700,True,darkwolf1485@hotmail.com
MightyFox1486,16327,False,mightyfox1486@mail.ru
CoolDragon1487,79913,False,cooldragon1487@yahoo.com
IronShark1488,87015,False,ironshark1488@outlook.com
DarkEagle1489,61763,False,darkeagle1489@yahoo.com
DarkTiger1490,94807,False,darktiger1490@outlook.com
GoldenLion1491,68839,False,goldenlion1491@gmail.com
SilentViper1492,35964,False,silentviper1492@gmail.com
CoolLion1493,59824,False,coollion1493@outlook.com
SwiftEagle1494,1274,False,swifteagle1494@yahoo.com
DarkEagle1495,4701,True,darkeagle1495@gmail.com
SwiftFox1496,84935,False,swiftfox1496@outlook.com
IronBear1497,35232,False,ironbear1497@mail.ru
SwiftTiger1498,43339,False,swifttiger1498@outlook.com
FireHawk1499,95217,False,firehawk1499@outlook.com
SilentFox1500,33036,False,silentfox1500@hotmail.com
SilentShark1501,49036,False,silentshark1501@gmail.com
IronEagle1502,97879,False,ironeagle1502@yahoo.com
GoldenTiger1503,35988,False,goldentiger1503@gmail.com
CoolHawk1504,34075,False,coolhawk1504@gmail.com
GoldenShark1505,97549,False,goldenshark1505@hotmail.com
EpicTiger1506,81085,True,epictiger1506@gmail.com
EpicViper1507,4653,False,epicviper1507@gmail.com
FireHawk1508,96298,False,firehawk1508@mail.ru
DarkBear1509,22922,False,darkbear1509@gmail.com
SilentTiger1510,6046,True,silenttiger1510@outlook.com
IronWolf1511,76656,False,ironwolf1511@yahoo.com
SwiftEagle1512,72233,False,swifteagle1512@yahoo.com
GoldenShark1513,94884,False,goldenshark1513@outlook.com
GoldenLion1514,1449,True,goldenlion1514@outlook.com
SilentBear1515,25200,True,silentbear1515@gmail.com
IronShark1516,5278,False,ironshark1516@outlook.com
IronDragon1517,93489,True,irondragon1517@yahoo.com
FireShark1518,39314,False,fireshark1518@hotmail.com
MightyViper1519,13434,False,mightyviper1519@outlook.com
ShadowWolf1520,67972,True,shadowwolf1520@yahoo.com
EpicTiger1521,31265,False,epictiger1521@hotmail.com
GoldenDragon1522,8839,False,goldendragon1522@outlook.com
EpicBear1523,56543,False,epicbear1523@outlook.com
CoolShark1524,79230,True,coolshark1524@mail.ru
ShadowLion1525,2940,False,shadowlion1525@mail.ru
ShadowHawk1526,64864,False,shadowhawk1526@yahoo.com
SilentLion1527,36582,False,silentlion1527@mail.ru
SilentViper1528,93037,False,silentviper1528@gmail.com
GoldenDragon1529,315,False,goldendragon1529@gmail.com
ShadowShark1530,85801,True,shadowshark1530@mail.ru
DarkShark1531,9641,False,darkshark1531@outlook.com
SwiftEagle1532,59936,True,swifteagle1532@yahoo.com
FireEagle1533,4188,False,fireeagle1533@yahoo.com
EpicViper1534,71065,True,epicviper1534@gmail.com
FireViper1535,41540,False,fireviper1535@yahoo.com
ShadowTiger1536,28290,True,shadowtiger1536@yahoo.com
SwiftShark1537,32012,False,swiftshark1537@yahoo.com
SwiftShark1538,70800,False,swiftshark1538@yahoo.com
CoolViper1539,99203,False,coolviper1539@yahoo.com
IronShark1540,39161,False,ironshark1540@hotmail.com
MightyHawk1541,9992,False,mightyhawk1541@outlook.com
GoldenBear1542,33408,False,goldenbear1542@yahoo.com
MightyBear1543,89209,False,mightybear1543@hotmail.com
CoolFox1544,76584,False,coolfox1544@mail.ru
IronHawk1545,88797,False,ironhawk1545@outlook.com
GoldenShark1546,61963,True,goldenshark1546@mail.ru
CoolEagle1547,31978,True,cooleagle1547@gmail.com
IronDragon1548,72493,False,irondragon1548@outlook.com
DarkFox1549,59035,True,darkfox1549@mail.ru
SilentBear1550,1031,True,silentbear1550@hotmail.com
DarkDragon1551,96894,False,darkdragon1551@hotmail.com
IronTiger1552,26453,False,irontiger1552@gmail.com
SwiftFox1553,12027,False,swiftfox1553@mail.ru
SilentDragon1554,61044,False,silentdragon1554@outlook.com
SilentBear1555,23538,False,silentbear1555@hotmail.com
ShadowBear1556,55352,False,shadowbear1556@yahoo.com
EpicShark1557,82259,False,epicshark1557@mail.ru
EpicHawk1558,96205,False,epichawk1558@yahoo.com
MightyEagle1559,66431,False,mightyeagle1559@yahoo.com
GoldenBear1560,10158,False,goldenbear1560@yahoo.com
IronViper1561,56705,False,ironviper1561@outlook.com
MightyWolf1562,9325,False,mightywolf1562@gmail.com
DarkWolf1563,54828,False,darkwolf1563@yahoo.com
MightyEagle1564,44383,True,mightyeagle1564@gmail.com
MightyLion1565,49724,False,mightylion1565@yahoo.com
EpicLion1566,28905,False,epiclion1566@yahoo.com
GoldenHawk1567,72875,False,goldenhawk1567@yahoo.com
DarkBear1568,60627,False,darkbear1568@outlook.com
CoolFox1569,37266,False,coolfox1569@hotmail.com
ShadowLion1570,95497,True,shadowlion1570@hotmail.com
FireDragon1571,377,False,firedragon1571@outlook.com
SilentHawk1572,56950,False,silenthawk1572@yahoo.com
SwiftDragon1573,82080,True,swiftdragon1573@hotmail.com
IronViper1574,98662,False,ironviper1574@outlook.com
ShadowEagle1575,22458,True,shadoweagle1575@gmail.com
CoolFox1576,2810,True,coolfox1576@hotmail.com
FireTiger1577,58367,False,firetiger1577@gmail.com
SilentHawk1578,12601,True,silenthawk1578@outlook.com
ShadowBear1579,51549,False,shadowbear1579@gmail.com
MightyBear1580,21724,False,mightybear1580@gmail.com
DarkShark1581,30494,False,darkshark1581@outlook.com
DarkBear1582,58993,False,darkbear1582@mail.ru
IronViper1583,54474,True,ironviper1583@mail.ru
DarkViper1584,29551,True,darkviper1584@outlook.com
FireWolf1585,4676,True,firewolf1585@hotmail.com
DarkLion1586,99806,False,darklion1586@hotmail.com
SwiftWolf1587,21569,False,swiftwolf1587@yahoo.com
SwiftEagle1588,17814,True,swifteagle1588@hotmail.com
DarkDragon1589,78101,False,darkdragon1589@yahoo.com
GoldenWolf1590,72442,False,goldenwolf1590@outlook.com
IronWolf1591,42201,False,ironwolf1591@gmail.com
SwiftTiger1592,369,False,swifttiger1592@mail.ru
CoolDragon1593,58358,False,cooldragon1593@outlook.com
MightyTiger1594,96727,False,mightytiger1594@outlook.com
GoldenTiger1595,88186,False,goldentiger1595@outlook.com
SilentHawk1596,66595,False,silenthawk1596@outlook.com
ShadowHawk1597,64956,False,shadowhawk1597@gmail.com
ShadowEagle1598,13842,True,shadoweagle1598@gmail.com
FireTiger1599,29650,True,firetiger1599@yahoo.com
ShadowDragon1600,97339,False,shadowdragon1600@gmail.com
FireDragon1601,31387,False,firedragon1601@mail.ru
IronHawk1602,44004,True,ironhawk1602@yahoo.com
GoldenLion1603,50695,False,goldenlion1603@hotmail.com
IronViper1604,48719,False,ironviper1604@yahoo.com
MightyTiger1605,52347,False,mightytiger1605@yahoo.com
DarkFox1606,87055,False,darkfox1606@hotmail.com
CoolFox1607,14184,False,coolfox1607@outlook.com
CoolEagle1608,25934,False,cooleagle1608@hotmail.com
DarkHawk1609,2802,False,darkhawk1609@mail.ru
DarkWolf1610,24226,True,darkwolf1610@outlook.com
EpicHawk1611,55006,False,epichawk1611@outlook.com
GoldenBear1612,48594,False,goldenbear1612@gmail.com
GoldenLion1613,8656,False,goldenlion1613@gmail.com
FireShark1614,58406,True,fireshark1614@gmail.com
DarkWolf1615,77900,False,darkwolf1615@outlook.com
FireLion1616,77933,False,firelion1616@mail.ru
GoldenHawk1617,15067,False,goldenhawk1617@hotmail.com
CoolEagle1618,42777,False,cooleagle1618@outlook.com
SwiftTiger1619,99538,False,swifttiger1619@yahoo.com
EpicLion1620,45257,False,epiclion1620@outlook.com
MightyLion1621,3688,False,mightylion1621@outlook.com
ShadowEagle1622,96029,False,shadoweagle1622@hotmail.com
CoolWolf1623,38143,False,coolwolf1623@outlook.com
EpicDragon1624,77834,False,epicdragon1624@mail.ru
IronEagle1625,43251,False,ironeagle1625@outlook.com
CoolShark1626,54872,False,coolshark1626@yahoo.com
SwiftDragon1627,43995,False,swiftdragon1627@mail.ru
EpicLion1628,93686,False,epiclion1628@hotmail.com
IronFox1629,65361,False,ironfox1629@yahoo.com
IronTiger1630,52620,False,irontiger1630@mail.ru
FireLion1631,64305,False,firelion1631@hotmail.com
GoldenEagle1632,99073,True,goldeneagle1632@gmail.com
SwiftFox1633,7651,True,swiftfox1633@yahoo.com
IronWolf1634,87719,False,ironwolf1634@yahoo.com
FireHawk1635,36511,False,firehawk1635@hotmail.com
GoldenShark1636,26622,False,goldenshark1636@hotmail.com
IronEagle1637,52226,False,ironeagle1637@outlook.com
EpicLion1638,62920,False,epiclion1638@gmail.com
SwiftFox1639,7792,False,swiftfox1639@mail.ru
SilentHawk1640,22827,False,silenthawk1640@yahoo.com
DarkBear1641,89797,False,darkbear1641@mail.ru
EpicTiger1642,27975,False,epictiger1642@yahoo.com
DarkShark1643,34785,False,darkshark1643@mail.ru
SilentTiger1644,31856,False,silenttiger1644@yahoo.com
EpicShark1645,40586,False,epicshark1645@gmail.com
FireViper1646,42545,False,fireviper1646@outlook.com
FireShark1647,18788,False,fireshark1647@outlook.com
CoolHawk1648,20272,False,coolhawk1648@yahoo.com
SilentHawk1649,77558,False,silenthawk1649@gmail.com
SwiftTiger1650,71951,True,swifttiger1650@gmail.com
FireEagle1651,3668,False,fireeagle1651@outlook.com
ShadowDragon1652,30054,False,shadowdragon1652@mail.ru
CoolWolf1653,22664,False,coolwolf1653@hotmail.com
DarkFox1654,62077,False,darkfox1654@mail.ru
ShadowBear1655,78962,False,shadowbear1655@hotmail.com
IronTiger1656,15560,False,irontiger1656@gmail.com
CoolEagle1657,27052,False,cooleagle1657@hotmail.com
MightyViper1658,45117,False,mightyviper1658@hotmail.com
DarkFox1659,62176,False,darkfox1659@gmail.com
SwiftDragon1660,35016,False,swiftdragon1660@yahoo.com
IronWolf1661,22799,False,ironwolf1661@outlook.com
IronLion1662,23366,True,ironlion1662@mail.ru
ShadowEagle1663,35267,True,shadoweagle1663@gmail.com
FireBear1664,59137,True,firebear1664@gmail.com
GoldenWolf1665,37271,False,goldenwolf1665@hotmail.com
GoldenLion1666,48701,True,goldenlion1666@mail.ru
EpicDragon1667,4982,True,epicdragon1667@outlook.com
MightyDragon1668,13556,False,mightydragon1668@yahoo.com
CoolBear1669,68193,False,coolbear1669@gmail.com
MightyTiger1670,98226,True,mightytiger1670@gmail.com
DarkBear1671,15963,False,darkbear1671@gmail.com
ShadowLion1672,98509,False,shadowlion1672@yahoo.com
CoolEagle1673,20255,False,cooleagle1673@outlook.com
DarkWolf1674,95853,True,darkwolf1674@hotmail.com
SilentEagle1675,34829,False,silenteagle1675@yahoo.com
CoolEagle1676,63023,False,cooleagle1676@hotmail.com
DarkLion1677,99109,False,darklion1677@mail.ru
GoldenShark1678,3422,False,goldenshark1678@hotmail.com
FireViper1679,86265,False,fireviper1679@mail.ru
ShadowWolf1680,25906,False,shadowwolf1680@outlook.com
FireWolf1681,15885,False,firewolf1681@outlook.com
SwiftBear1682,3178,False,swiftbear1682@gmail.com
ShadowLion1683,68147,False,shadowlion1683@outlook.com
SwiftDragon1684,57261,False,swiftdragon1684@hotmail.com
ShadowLion1685,98111,False,shadowlion1685@outlook.com
FireViper1686,32776,False,fireviper1686@yahoo.com
MightyLion1687,23229,False,mightylion1687@outlook.com
ShadowBear1688,99291,False,shadowbear1688@gmail.com
SilentViper1689,75095,True,silentviper1689@gmail.com
DarkWolf1690,84984,False,darkwolf1690@gmail.com
SilentHawk1691,26228,False,silenthawk1691@mail.ru
SwiftBear1692,21468,False,swiftbear1692@outlook.com
IronViper1693,85094,True,ironviper1693@outlook.com
ShadowFox1694,83713,False,shadowfox1694@mail.ru
IronWolf1695,27421,False,ironwolf1695@outlook.com
CoolShark1696,65877,False,coolshark1696@gmail.com
DarkFox1697,72740,False,darkfox1697@gmail.com
EpicShark1698,28701,False,epicshark1698@mail.ru
GoldenFox1699,4673,False,goldenfox1699@hotmail.com
ShadowBear1700,2711,False,shadowbear1700@outlook.com
SwiftViper1701,81354,True,swiftviper1701@gmail.com
CoolDragon1702,33753,False,cooldragon1702@mail.ru
SilentLion1703,27282,False,silentlion1703@hotmail.com
MightyDragon1704,42533,True,mightydragon1704@gmail.com
ShadowBear1705,82723,False,shadowbear1705@mail.ru
SwiftHawk1706,50081,False,swifthawk1706@yahoo.com
CoolViper1707,47319,False,coolviper1707@hotmail.com
MightyDragon1708,65423,True,mightydragon1708@outlook.com
ShadowTiger1709,23752,False,shadowtiger1709@hotmail.com
SilentFox1710,60820,True,silentfox1710@gmail.com
DarkEagle1711,11461,False,darkeagle1711@gmail.com
ShadowBear1712,49179,False,shadowbear1712@gmail.com
DarkBear1713,19678,True,darkbear1713@yahoo.com
ShadowDragon1714,26393,False,shadowdragon1714@outlook.com
SilentBear1715,3772,True,silentbear1715@mail.ru
FireShark1716,29766,False,fireshark1716@hotmail.com
MightyShark1717,44130,True,mightyshark1717@mail.ru
CoolLion1718,59463,False,coollion1718@outlook.com
SilentTiger1719,17181,False,silenttiger1719@gmail.com
SilentViper1720,21332,False,silentviper1720@outlook.com
MightyTiger1721,7231,False,mightytiger1721@yahoo.com
ShadowFox1722,69334,False,shadowfox1722@hotmail.com
MightyBear1723,13565,True,mightybear1723@gmail.com
SilentDragon1724,90927,False,silentdragon1724@outlook.com
EpicFox1725,95924,False,epicfox1725@gmail.com
GoldenFox1726,83641,True,goldenfox1726@yahoo.com
SilentBear1727,64040,False,silentbear1727@outlook.com
EpicEagle1728,32648,False,epiceagle1728@hotmail.com
SilentFox1729,66480,False,silentfox1729@outlook.com
SwiftShark1730,59924,False,swiftshark1730@hotmail.com
GoldenBear1731,72270,False,goldenbear1731@mail.ru
CoolFox1732,32798,False,coolfox1732@outlook.com
GoldenBear1733,2185,True,goldenbear1733@yahoo.com
FireEagle1734,67577,True,fireeagle1734@mail.ru
FireDragon1735,8602,True,firedragon1735@hotmail.com
DarkShark1736,32102,False,darkshark1736@gmail.com
MightyDragon1737,26756,False,mightydragon1737@mail.ru
SwiftBear1738,92107,True,swiftbear1738@yahoo.com
DarkBear1739,87988,False,darkbear1739@outlook.com
EpicBear1740,17971,False,epicbear1740@hotmail.com
MightyLion1741,72120,False,mightylion1741@mail.ru
IronLion1742,55198,False,ironlion1742@mail.ru
MightyViper1743,90273,True,mightyviper1743@hotmail.com
GoldenBear1744,27364,False,goldenbear1744@outlook.com
IronFox1745,87955,False,ironfox1745@hotmail.com
MightyHawk1746,98138,False,mightyhawk1746@outlook.com
FireWolf1747,72846,False,firewolf1747@outlook.com
SwiftHawk1748,42219,False,swifthawk1748@hotmail.com
DarkHawk1749,65202,True,darkhawk1749@gmail.com
GoldenLion1750,92982,False,goldenlion1750@hotmail.com
SwiftShark1751,14575,True,swiftshark1751@yahoo.com
DarkFox1752,86159,False,darkfox1752@gmail.com
SwiftLion1753,88403,True,swiftlion1753@outlook.com
FireDragon1754,92602,False,firedragon1754@hotmail.com
MightyShark1755,6530,True,mightyshark1755@mail.ru
GoldenLion1756,33978,False,goldenlion1756@yahoo.com
ShadowBear1757,48823,False,shadowbear1757@gmail.com
GoldenEagle1758,77973,False,goldeneagle1758@mail.ru
EpicTiger1759,19067,False,epictiger1759@yahoo.com
CoolViper1760,67016,False,coolviper1760@hotmail.com
SwiftEagle1761,20004,False,swifteagle1761@mail.ru
FireTiger1762,39692,False,firetiger1762@outlook.com
ShadowFox1763,65723,False,shadowfox1763@gmail.com
MightyTiger1764,11066,True,mightytiger1764@hotmail.com
SilentShark1765,87415,False,silentshark1765@outlook.com
IronHawk1766,96495,False,ironhawk1766@yahoo.com
DarkTiger1767,78439,False,darktiger1767@outlook.com
MightyEagle1768,54662,False,mightyeagle1768@outlook.com
ShadowViper1769,44396,False,shadowviper1769@yahoo.com
SilentFox1770,56756,False,silentfox1770@yahoo.com
ShadowViper1771,93632,False,shadowviper1771@yahoo.com
SwiftViper1772,48667,True,swiftviper1772@gmail.com
CoolLion1773,73010,False,coollion1773@yahoo.com
EpicShark1774,40552,False,epicshark1774@mail.ru
SwiftWolf1775,30965,False,swiftwolf1775@yahoo.com
SwiftTiger1776,37899,True,swifttiger1776@yahoo.com
FireLion1777,-868,False,firelion1777@outlook.com
CoolTiger1778,4664,False,cooltiger1778@gmail.com
DarkLion1779,85297,False,darklion1779@gmail.com
MightyViper1780,-630,False,mightyviper1780@outlook.com
MightyTiger1781,76966,True,mightytiger1781@outlook.com
SwiftDragon1782,7714,False,swiftdragon1782@outlook.com
EpicEagle1783,20211,False,epiceagle1783@outlook.com
GoldenHawk1784,65680,False,goldenhawk1784@yahoo.com
IronBear1785,83375,False,ironbear1785@outlook.com
EpicWolf1786,41499,False,epicwolf1786@hotmail.com
SwiftShark1787,74139,False,swiftshark1787@mail.ru
DarkEagle1788,30998,False,darkeagle1788@gmail.com
FireHawk1789,73628,True,firehawk1789@hotmail.com
GoldenDragon1790,81120,False,goldendragon1790@mail.ru
EpicShark1791,60189,False,epicshark1791@hotmail.com
FireLion1792,76911,False,firelion1792@outlook.com
SwiftHawk1793,99096,True,swifthawk1793@hotmail.com
IronWolf1794,29723,False,ironwolf1794@yahoo.com
EpicEagle1795,55274,False,epiceagle1795@gmail.com
DarkShark1796,59427,False,darkshark1796@gmail.com
MightyViper1797,1240,False,mightyviper1797@gmail.com
SilentEagle1798,55428,True,silenteagle1798@gmail.com
IronHawk1799,55717,False,ironhawk1799@hotmail.com
EpicFox1800,97233,False,epicfox1800@hotmail.com
EpicHawk1801,99862,True,epichawk1801@yahoo.com
SilentHawk1802,82013,False,silenthawk1802@mail.ru
SwiftWolf1803,33869,False,swiftwolf1803@gmail.com
EpicEagle1804,16391,False,epiceagle1804@yahoo.com
FireFox1805,2756,False,firefox1805@outlook.com
MightyWolf1806,99335,False,mightywolf1806@mail.ru
CoolHawk1807,51292,True,coolhawk1807@mail.ru
CoolHawk1808,70931,False,coolhawk1808@hotmail.com
EpicShark1809,33711,False,epicshark1809@mail.ru
MightyEagle1810,97988,False,mightyeagle1810@mail.ru
IronDragon1811,48419,True,irondragon1811@yahoo.com
SilentDragon1812,66169,False,silentdragon1812@hotmail.com
FireFox1813,48752,True,firefox1813@gmail.com
SwiftViper1814,84740,False,swiftviper1814@yahoo.com
SilentHawk1815,96782,False,silenthawk1815@mail.ru
MightyEagle1816,9784,True,mightyeagle1816@mail.ru
SilentLion1817,62074,False,silentlion1817@mail.ru
MightyTiger1818,18396,False,mightytiger1818@yahoo.com
FireFox1819,16626,False,firefox1819@hotmail.com
MightyHawk1820,30191,False,mightyhawk1820@hotmail.com
ShadowWolf1821,39228,False,shadowwolf1821@hotmail.com
IronShark1822,91618,True,ironshark1822@mail.ru
CoolFox1823,14392,True,coolfox1823@mail.ru
SwiftWolf1824,39938,False,swiftwolf1824@gmail.com
EpicLion1825,13626,False,epiclion1825@mail.ru
EpicLion1826,20120,True,epiclion1826@yahoo.com
CoolLion1827,31884,False,coollion1827@yahoo.com
EpicTiger1828,93823,False,epictiger1828@mail.ru
SilentDragon1829,67408,False,silentdragon1829@yahoo.com
GoldenDragon1830,62315,False,goldendragon1830@hotmail.com
CoolShark1831,77558,False,coolshark1831@outlook.com
EpicShark1832,12287,False,epicshark1832@mail.ru
ShadowBear1833,68921,False,shadowbear1833@gmail.com
MightyBear1834,57598,False,mightybear1834@gmail.com
FireLion1835,78423,False,firelion1835@hotmail.com
ShadowBear1836,72803,False,shadowbear1836@gmail.com
EpicDragon1837,33375,True,epicdragon1837@mail.ru
SilentEagle1838,56478,False,silenteagle1838@yahoo.com
SwiftFox1839,12880,True,swiftfox1839@hotmail.com
FireWolf1840,12832,True,firewolf1840@hotmail.com
ShadowEagle1841,88718,False,shadoweagle1841@mail.ru
GoldenBear1842,77067,False,goldenbear1842@outlook.com
GoldenEagle1843,13371,True,goldeneagle1843@hotmail.com
EpicDragon1844,12312,True,epicdragon1844@outlook.com
FireViper1845,11590,False,fireviper1845@yahoo.com
MightyFox1846,60353,True,mightyfox1846@gmail.com
DarkShark1847,81161,True,darkshark1847@yahoo.com
SwiftEagle1848,91390,False,swifteagle1848@outlook.com
SwiftHawk1849,95186,False,swifthawk1849@mail.ru
FireFox1850,74628,False,firefox1850@outlook.com
EpicViper1851,23016,False,epicviper1851@yahoo.com
SwiftBear1852,79219,True,swiftbear1852@outlook.com
MightyBear1853,87390,False,mightybear1853@outlook.com
GoldenBear1854,63776,False,goldenbear1854@gmail.com
ShadowDragon1855,56294,False,shadowdragon1855@yahoo.com
DarkBear1856,82330,True,darkbear1856@gmail.com
DarkTiger1857,72143,False,darktiger1857@outlook.com
IronBear1858,27947,False,ironbear1858@gmail.com
FireFox1859,57949,False,firefox1859@gmail.com
SilentShark1860,8547,False,silentshark1860@outlook.com
GoldenWolf1861,17587,False,goldenwolf1861@hotmail.com
DarkTiger1862,25677,False,darktiger1862@gmail.com
DarkWolf1863,7289,False,darkwolf1863@mail.ru
IronShark1864,14832,False,ironshark1864@mail.ru
EpicHawk1865,50804,False,epichawk1865@outlook.com
MightyTiger1866,65228,False,mightytiger1866@gmail.com
SwiftShark1867,99728,False,swiftshark1867@gmail.com
FireHawk1868,5564,False,firehawk1868@yahoo.com
IronDragon1869,36122,False,irondragon1869@mail.ru
MightyLion1870,43128,False,mightylion1870@yahoo.com
GoldenShark1871,1562,False,goldenshark1871@gmail.com
CoolHawk1872,14070,False,coolhawk1872@mail.ru
SwiftFox1873,65200,True,swiftfox1873@hotmail.com
FireFox1874,13816,False,firefox1874@outlook.com
SwiftHawk1875,22422,False,swifthawk1875@hotmail.com
CoolHawk1876,37035,False,coolhawk1876@yahoo.com
GoldenHawk1877,55826,False,goldenhawk1877@mail.ru
GoldenDragon1878,83638,False,goldendragon1878@yahoo.com
SilentTiger1879,41871,True,silenttiger1879@yahoo.com
SwiftDragon1880,80054,True,swiftdragon1880@gmail.com
CoolWolf1881,55187,False,coolwolf1881@gmail.com
DarkTiger1882,7389,False,darktiger1882@outlook.com
SwiftWolf1883,44779,False,swiftwolf1883@yahoo.com
EpicEagle1884,88504,False,epiceagle1884@gmail.com
ShadowViper1885,82952,True,shadowviper1885@outlook.com
MightyDragon1886,92992,False,mightydragon1886@mail.ru
DarkViper1887,36244,True,darkviper1887@mail.ru
ShadowTiger1888,71988,False,shadowtiger1888@outlook.com
DarkWolf1889,43034,False,darkwolf1889@yahoo.com
FireTiger1890,69151,False,firetiger1890@outlook.com
CoolLion1891,36439,False,coollion1891@hotmail.com
DarkViper1892,24908,False,darkviper1892@outlook.com
EpicBear1893,21672,False,epicbear1893@yahoo.com
ShadowHawk1894,30659,False,shadowhawk1894@hotmail.com
IronWolf1895,25197,False,ironwolf1895@outlook.com
CoolShark1896,10878,False,coolshark1896@hotmail.com
ShadowFox1897,89295,False,shadowfox1897@outlook.com
SilentHawk1898,90342,False,silenthawk1898@outlook.com
IronDragon1899,35704,True,irondragon1899@mail.ru
SwiftViper1900,12143,False,swiftviper1900@gmail.com
SwiftHawk1901,81362,False,swifthawk1901@gmail.com
MightyLion1902,61858,False,mightylion1902@gmail.com
IronFox1903,27844,False,ironfox1903@outlook.com
MightyShark1904,5656,False,mightyshark1904@gmail.com
ShadowTiger1905,53878,False,shadowtiger1905@yahoo.com
CoolHawk1906,50308,False,coolhawk1906@hotmail.com
IronBear1907,96259,False,ironbear1907@gmail.com
MightyEagle1908,66477,False,mightyeagle1908@gmail.com
GoldenShark1909,13319,False,goldenshark1909@hotmail.com
IronViper1910,44384,False,ironviper1910@yahoo.com
SwiftLion1911,91367,True,swiftlion1911@outlook.com
DarkViper1912,30417,False,darkviper1912@gmail.com
EpicFox1913,48107,False,epicfox1913@outlook.com
CoolViper1914,21393,False,coolviper1914@outlook.com
CoolHawk1915,17760,True,coolhawk1915@yahoo.com
EpicEagle1916,36139,False,epiceagle1916@mail.ru
GoldenLion1917,36736,False,goldenlion1917@hotmail.com
EpicDragon1918,98775,False,epicdragon1918@mail.ru
SilentBear1919,85051,True,silentbear1919@hotmail.com
DarkViper1920,14621,False,darkviper1920@mail.ru
SwiftTiger1921,54220,False,swifttiger1921@gmail.com
CoolWolf1922,9100,False,coolwolf1922@outlook.com
DarkBear1923,32026,True,darkbear1923@hotmail.com
SilentHawk1924,53300,False,silenthawk1924@mail.ru
DarkFox1925,41863,False,darkfox1925@outlook.com
ShadowWolf1926,23931,False,shadowwolf1926@gmail.com
SilentViper1927,70209,True,silentviper1927@hotmail.com
ShadowViper1928,87897,False,shadowviper1928@outlook.com
EpicViper1929,93925,False,epicviper1929@hotmail.com
FireDragon1930,36080,False,firedragon1930@mail.ru
GoldenWolf1931,3195,False,goldenwolf1931@outlook.com
GoldenShark1932,24382,False,goldenshark1932@gmail.com
SwiftHawk1933,93026,False,swifthawk1933@yahoo.com
GoldenEagle1934,12104,False,goldeneagle1934@mail.ru
CoolViper1935,87249,False,coolviper1935@hotmail.com
CoolShark1936,31215,False,coolshark1936@outlook.com
GoldenFox1937,69097,False,goldenfox1937@gmail.com
DarkViper1938,67855,False,darkviper1938@gmail.com
IronTiger1939,79257,False,irontiger1939@mail.ru
SwiftBear1940,18401,True,swiftbear1940@yahoo.com
FireViper1941,12047,False,fireviper1941@yahoo.com
ShadowBear1942,29184,True,shadowbear1942@yahoo.com
MightyShark1943,25433,False,mightyshark1943@yahoo.com
ShadowDragon1944,43326,True,shadowdragon1944@hotmail.com
GoldenFox1945,77605,True,goldenfox1945@mail.ru
ShadowWolf1946,66899,False,shadowwolf1946@gmail.com
SilentLion1947,50746,True,silentlion1947@yahoo.com
GoldenHawk1948,20794,False,goldenhawk1948@hotmail.com
SwiftViper1949,50640,False,swiftviper1949@hotmail.com
ShadowTiger1950,76901,False,shadowtiger1950@outlook.com
IronLion1951,95361,True,ironlion1951@outlook.com
GoldenEagle1952,66784,False,goldeneagle1952@yahoo.com
CoolEagle1953,96902,False,cooleagle1953@mail.ru
EpicEagle1954,40331,False,epiceagle1954@yahoo.com
SwiftWolf1955,41593,False,swiftwolf1955@outlook.com
DarkViper1956,87938,True,darkviper1956@hotmail.com
GoldenDragon1957,11417,False,goldendragon1957@hotmail.com
MightyShark1958,80192,False,mightyshark1958@hotmail.com
SwiftWolf1959,17343,False,swiftwolf1959@outlook.com
EpicEagle1960,69348,True,epiceagle1960@mail.ru
SilentLion1961,37081,False,silentlion1961@yahoo.com
GoldenFox1962,78847,False,goldenfox1962@outlook.com
FireTiger1963,39217,False,firetiger1963@yahoo.com
SwiftFox1964,80205,False,swiftfox1964@yahoo.com
EpicWolf1965,23178,True,epicwolf1965@gmail.com
MightyTiger1966,73953,False,mightytiger1966@mail.ru
GoldenTiger1967,57422,False,goldentiger1967@gmail.com
IronHawk1968,68715,False,ironhawk1968@gmail.com
ShadowHawk1969,38538,False,shadowhawk1969@yahoo.com
ShadowLion1970,60099,False,shadowlion1970@mail.ru
MightyFox1971,81568,False,mightyfox1971@yahoo.com
DarkDragon1972,32516,True,darkdragon1972@hotmail.com
CoolHawk1973,79838,False,coolhawk1973@yahoo.com
DarkDragon1974,65230,True,darkdragon1974@mail.ru
GoldenFox1975,15633,False,goldenfox1975@hotmail.com
FireShark1976,35296,False,fireshark1976@hotmail.com
MightyFox1977,58014,False,mightyfox1977@gmail.com
SilentFox1978,75161,False,silentfox1978@yahoo.com
MightyDragon1979,91013,False,mightydragon1979@gmail.com
ShadowLion1980,7160,False,shadowlion1980@gmail.com
CoolFox1981,20129,False,coolfox1981@gmail.com
EpicShark1982,53996,False,epicshark1982@hotmail.com
MightyWolf1983,95981,False,mightywolf1983@outlook.com
SilentShark1984,55814,False,silentshark1984@hotmail.com
ShadowBear1985,63630,False,shadowbear1985@gmail.com
MightyHawk1986,60065,False,mightyhawk1986@gmail.com
DarkBear1987,35524,False,darkbear1987@outlook.com
ShadowWolf1988,-812,True,shadowwolf1988@mail.ru
FireDragon1989,27930,False,firedragon1989@gmail.com
IronHawk1990,7387,False,ironhawk1990@outlook.com
DarkLion1991,63967,False,darklion1991@hotmail.com
ShadowShark1992,48524,False,shadowshark1992@yahoo.com
GoldenHawk1993,92216,False,goldenhawk1993@gmail.com
EpicViper1994,49249,False,epicviper1994@outlook.com
GoldenLion1995,27544,False,goldenlion1995@yahoo.com
FireFox1996,43610,False,firefox1996@yahoo.com
CoolEagle1997,70421,False,cooleagle1997@gmail.com
IronWolf1998,15272,False,ironwolf1998@outlook.com
MightyWolf1999,-661,False,mightywolf1999@yahoo.com
FireWolf2000,86692,False,firewolf2000@yahoo.com
IronFox2001,60176,False,ironfox2001@outlook.com
DarkHawk2002,50491,False,darkhawk2002@yahoo.com
SilentWolf2003,13457,False,silentwolf2003@gmail.com
ShadowWolf2004,75103,False,shadowwolf2004@gmail.com
ShadowViper2005,53629,False,shadowviper2005@hotmail.com
EpicWolf2006,19406,False,epicwolf2006@yahoo.com
ShadowWolf2007,76863,True,shadowwolf2007@hotmail.com
IronTiger2008,97827,False,irontiger2008@mail.ru
GoldenWolf2009,64489,False,goldenwolf2009@outlook.com
SilentBear2010,3870,False,silentbear2010@mail.ru
EpicLion2011,59739,False,epiclion2011@yahoo.com
SilentWolf2012,72730,False,silentwolf2012@hotmail.com
MightyBear2013,84951,False,mightybear2013@hotmail.com
CoolEagle2014,13667,False,cooleagle2014@yahoo.com
GoldenTiger2015,51654,False,goldentiger2015@mail.ru
CoolLion2016,66616,True,coollion2016@gmail.com
GoldenLion2017,921,False,goldenlion2017@hotmail.com
SilentWolf2018,30112,False,silentwolf2018@gmail.com
EpicHawk2019,70506,False,epichawk2019@gmail.com
FireHawk2020,56348,False,firehawk2020@mail.ru
MightyBear2021,75225,False,mightybear2021@gmail.com
DarkEagle2022,-138,True,darkeagle2022@yahoo.com
MightyEagle2023,78582,False,mightyeagle2023@gmail.com
GoldenShark2024,43332,False,goldenshark2024@mail.ru
EpicWolf2025,19994,False,epicwolf2025@outlook.com
EpicDragon2026,10001,False,epicdragon2026@gmail.com
ShadowLion2027,54452,True,shadowlion2027@outlook.com
ShadowTiger2028,69989,False,shadowtiger2028@hotmail.com
GoldenFox2029,40796,False,goldenfox2029@hotmail.com
FireDragon2030,36491,False,firedragon2030@hotmail.com
DarkLion2031,1497,False,darklion2031@outlook.com
ShadowTiger2032,18208,False,shadowtiger2032@hotmail.com
IronTiger2033,28741,False,irontiger2033@gmail.com
CoolFox2034,8372,False,coolfox2034@mail.ru
FireTiger2035,88911,False,firetiger2035@gmail.com
CoolFox2036,94842,False,coolfox2036@gmail.com
CoolLion2037,84274,False,coollion2037@hotmail.com
ShadowBear2038,542,True,shadowbear2038@yahoo.com
FireShark2039,27276,False,fireshark2039@mail.ru
ShadowBear2040,91329,False,shadowbear2040@mail.ru
EpicBear2041,43608,False,epicbear2041@yahoo.com
FireViper2042,36957,False,fireviper2042@gmail.com
SilentViper2043,5779,True,silentviper2043@outlook.com
FireHawk2044,45704,False,firehawk2044@gmail.com
CoolTiger2045,33762,False,cooltiger2045@yahoo.com
IronFox2046,46062,False,ironfox2046@yahoo.com
EpicFox2047,24802,True,epicfox2047@yahoo.com
IronHawk2048,87857,False,ironhawk2048@yahoo.com
EpicBear2049,94683,True,epicbear2049@outlook.com
GoldenViper2050,62353,False,goldenviper2050@mail.ru
DarkLion2051,82082,False,darklion2051@yahoo.com
IronEagle2052,43279,False,ironeagle2052@mail.ru
ShadowShark2053,39318,False,shadowshark2053@hotmail.com
MightyBear2054,3364,False,mightybear2054@outlook.com
MightyShark2055,26058,False,mightyshark2055@gmail.com
MightyWolf2056,43022,False,mightywolf2056@gmail.com
IronLion2057,99200,False,ironlion2057@hotmail.com
GoldenWolf2058,9845,True,goldenwolf2058@yahoo.com
CoolLion2059,72082,False,coollion2059@outlook.com
IronShark2060,42354,False,ironshark2060@gmail.com
FireFox2061,47100,False,firefox2061@gmail.com
SilentHawk2062,75594,False,silenthawk2062@outlook.com
DarkLion2063,23476,False,darklion2063@mail.ru
MightyShark2064,62211,False,mightyshark2064@mail.ru
EpicViper2065,69184,False,epicviper2065@gmail.com
DarkLion2066,53482,True,darklion2066@gmail.com
SilentViper2067,58209,False,silentviper2067@mail.ru
MightyWolf2068,54553,False,mightywolf2068@yahoo.com
SwiftViper2069,80517,False,swiftviper2069@outlook.com
FireShark2070,32519,False,fireshark2070@hotmail.com
IronLion2071,95564,True,ironlion2071@outlook.com
MightyHawk2072,74539,False,mightyhawk2072@mail.ru
ShadowLion2073,34279,False,shadowlion2073@mail.ru
GoldenWolf2074,86367,False,goldenwolf2074@hotmail.com
EpicDragon2075,53985,False,epicdragon2075@yahoo.com
CoolShark2076,15197,False,coolshark2076@gmail.com
DarkEagle2077,33419,False,darkeagle2077@mail.ru
IronDragon2078,15737,False,irondragon2078@gmail.com
EpicViper2079,3720,True,epicviper2079@gmail.com
EpicFox2080,10758,False,epicfox2080@yahoo.com
IronBear2081,27439,True,ironbear2081@outlook.com
FireLion2082,31733,False,firelion2082@gmail.com
GoldenViper2083,492,False,goldenviper2083@mail.ru
ShadowWolf2084,-994,False,shadowwolf2084@hotmail.com
FireBear2085,99670,False,firebear2085@outlook.com
SilentShark2086,99019,False,silentshark2086@yahoo.com
ShadowWolf2087,74260,False,shadowwolf2087@gmail.com
CoolShark2088,2784,False,coolshark2088@hotmail.com
DarkLion2089,27440,True,darklion2089@gmail.com
CoolDragon2090,7329,False,cooldragon2090@yahoo.com
IronDragon2091,25963,False,irondragon2091@mail.ru
EpicViper2092,93149,False,epicviper2092@outlook.com
GoldenHawk2093,1748,False,goldenhawk2093@outlook.com
CoolDragon2094,48328,False,cooldragon2094@yahoo.com
FireDragon2095,8239,False,firedragon2095@gmail.com
DarkTiger2096,88232,False,darktiger2096@yahoo.com
ShadowLion2097,-264,False,shadowlion2097@hotmail.com
SilentDragon2098,76839,False,silentdragon2098@mail.ru
ShadowEagle2099,66305,False,shadoweagle2099@outlook.com
ShadowShark2100,54345,False,shadowshark2100@yahoo.com
ShadowFox2101,16549,False,shadowfox2101@yahoo.com
CoolDragon2102,37357,False,cooldragon2102@mail.ru
SwiftFox2103,8306,False,swiftfox2103@hotmail.com
MightyBear2104,80495,False,mightybear2104@yahoo.com
GoldenLion2105,78890,False,goldenlion2105@gmail.com
DarkTiger2106,99721,False,darktiger2106@yahoo.com
DarkTiger2107,5969,True,darktiger2107@yahoo.com
SwiftDragon2108,83646,True,swiftdragon2108@mail.ru
EpicWolf2109,18492,False,epicwolf2109@outlook.com
SilentWolf2110,9875,True,silentwolf2110@hotmail.com
CoolEagle2111,38528,False,cooleagle2111@outlook.com
CoolDragon2112,58492,False,cooldragon2112@mail.ru
DarkEagle2113,46106,False,darkeagle2113@gmail.com
MightyTiger2114,34157,False,mightytiger2114@outlook.com
SwiftTiger2115,90470,False,swifttiger2115@gmail.com
IronFox2116,8258,False,ironfox2116@yahoo.com
ShadowLion2117,10114,False,shadowlion2117@gmail.com
FireViper2118,93830,False,fireviper2118@mail.ru
SilentFox2119,41066,False,silentfox2119@yahoo.com
EpicEagle2120,83881,False,epiceagle2120@yahoo.com
GoldenTiger2121,80488,False,goldentiger2121@gmail.com
GoldenShark2122,70479,False,goldenshark2122@yahoo.com
ShadowHawk2123,9500,False,shadowhawk2123@gmail.com
CoolTiger2124,56604,False,cooltiger2124@yahoo.com
IronViper2125,16030,False,ironviper2125@gmail.com
EpicFox2126,-755,False,epicfox2126@gmail.com
ShadowLion2127,73344,False,shadowlion2127@yahoo.com
GoldenShark2128,47806,False,goldenshark2128@outlook.com
DarkViper2129,61721,False,darkviper2129@mail.ru
SilentBear2130,18476,False,silentbear2130@hotmail.com
CoolDragon2131,18134,False,cooldragon2131@gmail.com
EpicBear2132,95447,False,epicbear2132@yahoo.com
CoolFox2133,24413,True,coolfox2133@hotmail.com
GoldenHawk2134,66744,True,goldenhawk2134@gmail.com
CoolWolf2135,6081,False,coolwolf2135@gmail.com
DarkEagle2136,26787,False,darkeagle2136@mail.ru
GoldenShark2137,26364,False,goldenshark2137@yahoo.com
IronLion2138,70417,False,ironlion2138@yahoo.com
IronWolf2139,57061,False,ironwolf2139@gmail.com
CoolFox2140,41031,False,coolfox2140@outlook.com
EpicEagle2141,87459,False,epiceagle2141@gmail.com
FireTiger2142,75654,True,firetiger2142@gmail.com
SwiftWolf2143,49819,False,swiftwolf2143@yahoo.com
EpicWolf2144,14026,False,epicwolf2144@yahoo.com
EpicViper2145,15992,False,epicviper2145@yahoo.com
EpicFox2146,44913,False,epicfox2146@hotmail.com
EpicLion2147,96019,False,epiclion2147@gmail.com
SwiftLion2148,47247,False,swiftlion2148@gmail.com
DarkFox2149,98464,True,darkfox2149@gmail.com
DarkBear2150,93101,False,darkbear2150@gmail.com
SilentWolf2151,3056,False,silentwolf2151@gmail.com
ShadowShark2152,3262,False,shadowshark2152@outlook.com
DarkTiger2153,50674,False,darktiger2153@hotmail.com
EpicFox2154,67619,False,epicfox2154@mail.ru
ShadowShark2155,26893,False,shadowshark2155@mail.ru
SilentTiger2156,22762,True,silenttiger2156@yahoo.com
FireEagle2157,80539,True,fireeagle2157@hotmail.com
SwiftBear2158,18994,False,swiftbear2158@outlook.com
EpicHawk2159,31106,False,epichawk2159@yahoo.com
CoolLion2160,7064,False,coollion2160@yahoo.com
MightyEagle2161,73313,False,mightyeagle2161@gmail.com
SilentEagle2162,18717,False,silenteagle2162@outlook.com
GoldenHawk2163,18342,False,goldenhawk2163@outlook.com
SilentShark2164,85198,True,silentshark2164@hotmail.com
SwiftLion2165,17680,False,swiftlion2165@hotmail.com
DarkBear2166,53978,True,darkbear2166@yahoo.com
GoldenWolf2167,79698,False,goldenwolf2167@hotmail.com
CoolTiger2168,50704,True,cooltiger2168@hotmail.com
EpicTiger2169,89175,False,epictiger2169@outlook.com
EpicFox2170,18452,False,epicfox2170@mail.ru
ShadowLion2171,64150,False,shadowlion2171@yahoo.com
CoolHawk2172,49266,True,coolhawk2172@gmail.com
ShadowEagle2173,1081,True,shadoweagle2173@mail.ru
IronFox2174,67855,False,ironfox2174@hotmail.com
ShadowHawk2175,51334,False,shadowhawk2175@hotmail.com
ShadowViper2176,24160,True,shadowviper2176@yahoo.com
DarkBear2177,15254,False,darkbear2177@outlook.com
GoldenWolf2178,62936,True,goldenwolf2178@hotmail.com
IronFox2179,11660,False,ironfox2179@mail.ru
IronEagle2180,67914,False,ironeagle2180@hotmail.com
DarkTiger2181,47042,False,darktiger2181@mail.ru
GoldenTiger2182,57028,False,goldentiger2182@hotmail.com
SwiftViper2183,30523,False,swiftviper2183@mail.ru
GoldenBear2184,-623,False,goldenbear2184@yahoo.com
ShadowEagle2185,56889,False,shadoweagle2185@hotmail.com
GoldenLion2186,36268,False,goldenlion2186@gmail.com
CoolViper2187,31600,True,coolviper2187@outlook.com
SwiftViper2188,58157,True,swiftviper2188@outlook.com
CoolHawk2189,45482,False,coolhawk2189@yahoo.com
EpicHawk2190,11069,False,epichawk2190@gmail.com
DarkShark2191,89153,False,darkshark2191@mail.ru
GoldenLion2192,49957,False,goldenlion2192@hotmail.com
CoolFox2193,55044,False,coolfox2193@mail.ru
IronWolf2194,34146,False,ironwolf2194@gmail.com
EpicBear2195,31584,False,epicbear2195@yahoo.com
SilentWolf2196,33621,False,silentwolf2196@hotmail.com
SwiftWolf2197,25865,False,swiftwolf2197@gmail.com
ShadowDragon2198,8376,True,shadowdragon2198@outlook.com
FireEagle2199,38710,True,fireeagle2199@hotmail.com
MightyLion2200,15800,False,mightylion2200@yahoo.com
SwiftTiger2201,24474,False,swifttiger2201@mail.ru
SilentBear2202,64112,False,silentbear2202@outlook.com
MightyLion2203,35523,False,mightylion2203@hotmail.com
DarkTiger2204,12110,False,darktiger2204@gmail.com
SwiftShark2205,99904,False,swiftshark2205@yahoo.com
EpicHawk2206,47330,False,epichawk2206@hotmail.com
GoldenFox2207,97523,False,goldenfox2207@yahoo.com
MightyLion2208,50521,False,mightylion2208@mail.ru
GoldenDragon2209,76382,False,goldendragon2209@mail.ru
CoolWolf2210,75051,True,coolwolf2210@outlook.com
DarkBear2211,57215,False,darkbear2211@mail.ru
ShadowBear2212,20824,False,shadowbear2212@gmail.com
EpicWolf2213,16891,True,epicwolf2213@mail.ru
DarkHawk2214,9469,False,darkhawk2214@yahoo.com
SwiftLion2215,52638,False,swiftlion2215@mail.ru
ShadowTiger2216,31416,False,shadowtiger2216@yahoo.com
IronWolf2217,94892,False,ironwolf2217@gmail.com
MightyTiger2218,57907,False,mightytiger2218@outlook.com
GoldenLion2219,52690,False,goldenlion2219@mail.ru
GoldenDragon2220,12879,False,goldendragon2220@yahoo.com
FireBear2221,23904,False,firebear2221@outlook.com
SilentWolf2222,53815,False,silentwolf2222@hotmail.com
SwiftDragon2223,21683,False,swiftdragon2223@gmail.com
SwiftLion2224,26764,False,swiftlion2224@yahoo.com
DarkTiger2225,40961,False,darktiger2225@gmail.com
DarkShark2226,97397,False,darkshark2226@yahoo.com
GoldenFox2227,42315,True,goldenfox2227@yahoo.com
CoolWolf2228,90453,False,coolwolf2228@gmail.com
IronBear2229,54478,False,ironbear2229@outlook.com
IronTiger2230,79900,True,irontiger2230@mail.ru
CoolFox2231,90624,True,coolfox2231@gmail.com
SilentTiger2232,6956,False,silenttiger2232@mail.ru
ShadowShark2233,3697,False,shadowshark2233@yahoo.com
EpicTiger2234,39455,False,epictiger2234@outlook.com
SwiftFox2235,16599,False,swiftfox2235@mail.ru
IronTiger2236,89687,False,irontiger2236@outlook.com
GoldenHawk2237,35588,True,goldenhawk2237@yahoo.com
IronShark2238,22836,True,ironshark2238@gmail.com
SilentViper2239,2432,False,silentviper2239@hotmail.com
MightyFox2240,39291,False,mightyfox2240@outlook.com
SilentViper2241,68247,False,silentviper2241@outlook.com
SwiftBear2242,26428,False,swiftbear2242@outlook.com
SwiftTiger2243,58358,False,swifttiger2243@yahoo.com
GoldenEagle2244,75071,True,goldeneagle2244@mail.ru
MightyShark2245,55527,False,mightyshark2245@gmail.com
SwiftEagle2246,62187,False,swifteagle2246@gmail.com
MightyLion2247,40928,False,mightylion2247@outlook.com
CoolBear2248,28151,False,coolbear2248@yahoo.com
SilentDragon2249,46502,False,silentdragon2249@hotmail.com
EpicViper2250,70457,False,epicviper2250@gmail.com
CoolShark2251,75131,True,coolshark2251@outlook.com
ShadowViper2252,32834,True,shadowviper2252@mail.ru
SilentViper2253,8402,False,silentviper2253@mail.ru
ShadowShark2254,15916,False,shadowshark2254@hotmail.com
IronHawk2255,6698,False,ironhawk2255@outlook.com
ShadowEagle2256,-567,False,shadoweagle2256@yahoo.com
MightyEagle2257,79356,False,mightyeagle2257@yahoo.com
SilentEagle2258,76369,False,silenteagle2258@yahoo.com
IronEagle2259,29296,False,ironeagle2259@mail.ru
SilentTiger2260,9824,True,silenttiger2260@yahoo.com
CoolEagle2261,3492,False,cooleagle2261@hotmail.com
ShadowBear2262,97146,False,shadowbear2262@mail.ru
SwiftLion2263,76796,False,swiftlion2263@outlook.com
DarkTiger2264,92392,False,darktiger2264@gmail.com
GoldenDragon2265,2007,True,goldendragon2265@mail.ru
GoldenViper2266,56008,False,goldenviper2266@gmail.com
ShadowShark2267,18577,False,shadowshark2267@hotmail.com
DarkTiger2268,70758,False,darktiger2268@mail.ru
IronHawk2269,4412,False,ironhawk2269@outlook.com
EpicEagle2270,53842,False,epiceagle2270@hotmail.com
CoolHawk2271,22840,False,coolhawk2271@mail.ru
CoolFox2272,20664,False,coolfox2272@gmail.com
EpicEagle2273,12939,False,epiceagle2273@gmail.com
IronDragon2274,65207,False,irondragon2274@gmail.com
IronHawk2275,34103,False,ironhawk2275@hotmail.com
EpicBear2276,36813,True,epicbear2276@yahoo.com
GoldenShark2277,73111,False,goldenshark2277@hotmail.com
EpicBear2278,84111,False,epicbear2278@outlook.com
CoolDragon2279,37299,True,cooldragon2279@hotmail.com
EpicDragon2280,34686,False,epicdragon2280@hotmail.com
SilentLion2281,47291,True,silentlion2281@hotmail.com
SwiftBear2282,37,False,swiftbear2282@yahoo.com
DarkWolf2283,91858,False,darkwolf2283@hotmail.com
DarkWolf2284,30553,False,darkwolf2284@mail.ru
SwiftBear2285,34999,False,swiftbear2285@hotmail.com
FireBear2286,39546,False,firebear2286@mail.ru
GoldenWolf2287,33943,False,goldenwolf2287@mail.ru
GoldenShark2288,91533,True,goldenshark2288@hotmail.com
SilentViper2289,4861,False,silentviper2289@yahoo.com
IronEagle2290,11082,False,ironeagle2290@mail.ru
GoldenLion2291,25877,False,goldenlion2291@outlook.com
DarkLion2292,78090,False,darklion2292@hotmail.com
EpicFox2293,70065,False,epicfox2293@yahoo.com
CoolHawk2294,60411,False,coolhawk2294@outlook.com
MightyBear2295,77904,True,mightybear2295@hotmail.com
GoldenTiger2296,86537,True,goldentiger2296@yahoo.com
GoldenEagle2297,55591,False,goldeneagle2297@yahoo.com
SwiftWolf2298,62098,True,swiftwolf2298@hotmail.com
CoolHawk2299,73352,True,coolhawk2299@gmail.com
MightyWolf2300,34723,False,mightywolf2300@outlook.com
MightyHawk2301,4367,True,mightyhawk2301@hotmail.com
EpicFox2302,59350,False,epicfox2302@hotmail.com
SwiftTiger2303,57957,False,swifttiger2303@mail.ru
ShadowEagle2304,27034,False,shadoweagle2304@hotmail.com
ShadowViper2305,60745,True,shadowviper2305@yahoo.com
CoolTiger2306,9571,True,cooltiger2306@yahoo.com
SilentWolf2307,63517,False,silentwolf2307@hotmail.com
SilentDragon2308,69713,False,silentdragon2308@mail.ru
DarkViper2309,41017,False,darkviper2309@gmail.com
SwiftViper2310,29562,False,swiftviper2310@hotmail.com
ShadowLion2311,87648,False,shadowlion2311@mail.ru
MightyLion2312,90144,False,mightylion2312@yahoo.com
EpicHawk2313,17132,False,epichawk2313@mail.ru
FireDragon2314,1850,False,firedragon2314@yahoo.com
SilentLion2315,87247,False,silentlion2315@mail.ru
SwiftBear2316,12043,True,swiftbear2316@yahoo.com
SilentViper2317,6403,False,silentviper2317@gmail.com
DarkDragon2318,19152,False,darkdragon2318@hotmail.com
MightyViper2319,44297,False,mightyviper2319@hotmail.com
MightyBear2320,61920,True,mightybear2320@outlook.com
ShadowLion2321,72418,False,shadowlion2321@mail.ru
FireWolf2322,23480,False,firewolf2322@gmail.com
SilentLion2323,82536,False,silentlion2323@hotmail.com
DarkLion2324,44764,False,darklion2324@gmail.com
FireLion2325,36057,False,firelion2325@hotmail.com
IronDragon2326,7455,True,irondragon2326@hotmail.com
FireHawk2327,37108,False,firehawk2327@mail.ru
EpicFox2328,38110,False,epicfox2328@yahoo.com
IronWolf2329,30155,False,ironwolf2329@outlook.com
FireLion2330,36519,True,firelion2330@hotmail.com
SwiftHawk2331,6299,True,swifthawk2331@mail.ru
CoolShark2332,34241,True,coolshark2332@gmail.com
MightyHawk2333,87596,False,mightyhawk2333@hotmail.com
GoldenTiger2334,28451,False,goldentiger2334@mail.ru
ShadowFox2335,40528,False,shadowfox2335@gmail.com
ShadowFox2336,90316,False,shadowfox2336@outlook.com
GoldenEagle2337,45979,True,goldeneagle2337@outlook.com
ShadowViper2338,86403,True,shadowviper2338@outlook.com
IronLion2339,28080,False,ironlion2339@hotmail.com
CoolFox2340,25917,True,coolfox2340@outlook.com
DarkViper2341,67951,False,darkviper2341@yahoo.com
IronViper2342,10599,False,ironviper2342@yahoo.com
MightyLion2343,52763,False,mightylion2343@outlook.com
IronHawk2344,98685,False,ironhawk2344@outlook.com
DarkShark2345,43802,False,darkshark2345@outlook.com
EpicTiger2346,36807,False,epictiger2346@gmail.com
SilentDragon2347,6516,False,silentdragon2347@yahoo.com
SilentWolf2348,46350,False,silentwolf2348@yahoo.com
EpicViper2349,80818,True,epicviper2349@gmail.com
GoldenWolf2350,55848,False,goldenwolf2350@yahoo.com
GoldenHawk2351,96767,False,goldenhawk2351@outlook.com
SwiftShark2352,32193,False,swiftshark2352@mail.ru
DarkShark2353,29302,True,darkshark2353@hotmail.com
GoldenTiger2354,1302,True,goldentiger2354@yahoo.com
MightyShark2355,41383,False,mightyshark2355@hotmail.com
GoldenHawk2356,71742,False,goldenhawk2356@outlook.com
SwiftBear2357,46312,False,swiftbear2357@hotmail.com
FireLion2358,7948,False,firelion2358@outlook.com
EpicLion2359,29366,False,epiclion2359@hotmail.com
ShadowTiger2360,22853,False,shadowtiger2360@gmail.com
ShadowEagle2361,19151,False,shadoweagle2361@mail.ru
GoldenBear2362,23955,False,goldenbear2362@hotmail.com
SwiftHawk2363,8845,False,swifthawk2363@hotmail.com
MightyBear2364,54103,False,mightybear2364@gmail.com
CoolWolf2365,12230,False,coolwolf2365@outlook.com
SilentLion2366,80556,False,silentlion2366@hotmail.com
EpicTiger2367,25991,True,epictiger2367@hotmail.com
SwiftDragon2368,8417,False,swiftdragon2368@yahoo.com
DarkLion2369,76823,False,darklion2369@outlook.com
SilentWolf2370,29011,False,silentwolf2370@gmail.com
SilentViper2371,16040,False,silentviper2371@hotmail.com
ShadowShark2372,61004,True,shadowshark2372@outlook.com
MightyHawk2373,96237,False,mightyhawk2373@yahoo.com
SilentHawk2374,87774,False,silenthawk2374@outlook.com
CoolDragon2375,25700,True,cooldragon2375@mail.ru
SwiftWolf2376,67587,False,swiftwolf2376@mail.ru
SilentFox2377,75323,False,silentfox2377@gmail.com
DarkBear2378,22454,False,darkbear2378@yahoo.com
ShadowLion2379,19415,False,shadowlion2379@gmail.com
GoldenDragon2380,8656,False,goldendragon2380@outlook.com
CoolLion2381,70631,True,coollion2381@mail.ru
FireEagle2382,6810,False,fireeagle2382@outlook.com
CoolTiger2383,60501,False,cooltiger2383@gmail.com
MightyEagle2384,68525,False,mightyeagle2384@yahoo.com
CoolEagle2385,75291,True,cooleagle2385@outlook.com
MightyDragon2386,4685,False,mightydragon2386@hotmail.com
IronWolf2387,20097,False,ironwolf2387@gmail.com
SwiftFox2388,36347,False,swiftfox2388@gmail.com
ShadowLion2389,46339,False,shadowlion2389@mail.ru
CoolDragon2390,18552,False,cooldragon2390@hotmail.com
MightyViper2391,16036,False,mightyviper2391@gmail.com
MightyWolf2392,37354,True,mightywolf2392@gmail.com
IronDragon2393,22573,False,irondragon2393@mail.ru
SwiftEagle2394,66191,False,swifteagle2394@outlook.com
SilentBear2395,51530,False,silentbear2395@gmail.com
MightyEagle2396,55495,False,mightyeagle2396@hotmail.com
MightyLion2397,65298,False,mightylion2397@yahoo.com
SwiftEagle2398,97638,False,swifteagle2398@outlook.com
ShadowLion2399,88791,False,shadowlion2399@yahoo.com
GoldenShark2400,14293,False,goldenshark2400@hotmail.com
EpicFox2401,46272,False,epicfox2401@mail.ru
IronLion2402,53878,False,ironlion2402@hotmail.com
DarkViper2403,94881,False,darkviper2403@yahoo.com
EpicLion2404,43971,False,epiclion2404@gmail.com
MightyDragon2405,51892,False,mightydragon2405@mail.ru
FireHawk2406,62103,False,firehawk2406@gmail.com
SilentHawk2407,35315,False,silenthawk2407@gmail.com
SilentShark2408,17934,True,silentshark2408@yahoo.com
MightyEagle2409,49801,False,mightyeagle2409@gmail.com
SwiftTiger2410,58634,False,swifttiger2410@outlook.com
DarkEagle2411,17148,True,darkeagle2411@gmail.com
SilentFox2412,36933,False,silentfox2412@outlook.com
ShadowHawk2413,41096,True,shadowhawk2413@gmail.com
MightyViper2414,20154,False,mightyviper2414@mail.ru
IronBear2415,28900,False,ironbear2415@gmail.com
IronLion2416,94162,False,ironlion2416@outlook.com
ShadowEagle2417,-372,False,shadoweagle2417@gmail.com
FireShark2418,47326,False,fireshark2418@hotmail.com
EpicBear2419,63288,False,epicbear2419@mail.ru
IronBear2420,54278,True,ironbear2420@mail.ru
ShadowBear2421,99024,False,shadowbear2421@mail.ru
CoolFox2422,20137,False,coolfox2422@yahoo.com
FireBear2423,97094,False,firebear2423@yahoo.com
SwiftFox2424,75466,True,swiftfox2424@hotmail.com
EpicTiger2425,80918,False,epictiger2425@yahoo.com
GoldenTiger2426,66694,False,goldentiger2426@hotmail.com
EpicShark2427,47455,False,epicshark2427@outlook.com
DarkLion2428,81787,True,darklion2428@yahoo.com
MightyShark2429,86868,False,mightyshark2429@hotmail.com
SwiftViper2430,80570,False,swiftviper2430@yahoo.com
IronEagle2431,48043,True,ironeagle2431@hotmail.com
SwiftLion2432,7588,False,swiftlion2432@hotmail.com
MightyFox2433,21962,False,mightyfox2433@gmail.com
IronLion2434,12100,False,ironlion2434@hotmail.com
SwiftTiger2435,61697,False,swifttiger2435@yahoo.com
DarkLion2436,17942,False,darklion2436@yahoo.com
CoolFox2437,65346,False,coolfox2437@yahoo.com
GoldenHawk2438,32937,True,goldenhawk2438@outlook.com
CoolTiger2439,97289,False,cooltiger2439@outlook.com
IronLion2440,88796,True,ironlion2440@yahoo.com
MightyWolf2441,50210,False,mightywolf2441@gmail.com
IronBear2442,58756,False,ironbear2442@outlook.com
FireLion2443,31407,False,firelion2443@mail.ru
FireViper2444,659,False,fireviper2444@hotmail.com
FireDragon2445,76809,True,firedragon2445@outlook.com
SwiftFox2446,38753,False,swiftfox2446@mail.ru
SilentDragon2447,69598,False,silentdragon2447@gmail.com
DarkShark2448,27634,False,darkshark2448@mail.ru
EpicWolf2449,73906,False,epicwolf2449@outlook.com
SilentFox2450,74916,True,silentfox2450@mail.ru
FireDragon2451,88746,False,firedragon2451@outlook.com
SilentDragon2452,15789,True,silentdragon2452@mail.ru
FireDragon2453,56197,False,firedragon2453@hotmail.com
ShadowTiger2454,34799,False,shadowtiger2454@hotmail.com
SilentViper2455,72797,False,silentviper2455@hotmail.com
FireHawk2456,49535,False,firehawk2456@outlook.com
SilentDragon2457,85790,True,silentdragon2457@hotmail.com
FireViper2458,42134,False,fireviper2458@yahoo.com
MightyTiger2459,50162,False,mightytiger2459@hotmail.com
FireBear2460,20812,False,firebear2460@outlook.com
MightyHawk2461,81736,False,mightyhawk2461@hotmail.com
MightyDragon2462,95471,True,mightydragon2462@outlook.com
SwiftLion2463,46765,False,swiftlion2463@gmail.com
EpicEagle2464,69222,False,epiceagle2464@hotmail.com
FireTiger2465,56742,False,firetiger2465@gmail.com
FireHawk2466,91388,False,firehawk2466@outlook.com
MightyFox2467,38494,False,mightyfox2467@hotmail.com
DarkEagle2468,1050,False,darkeagle2468@hotmail.com
MightyWolf2469,46022,False,mightywolf2469@hotmail.com
IronBear2470,77312,False,ironbear2470@gmail.com
DarkEagle2471,7467,False,darkeagle2471@yahoo.com
CoolWolf2472,58226,False,coolwolf2472@gmail.com
FireHawk2473,17460,False,firehawk2473@hotmail.com
GoldenWolf2474,88088,False,goldenwolf2474@mail.ru
SilentViper2475,57439,False,silentviper2475@mail.ru
EpicLion2476,55509,False,epiclion2476@yahoo.com
DarkLion2477,41950,False,darklion2477@yahoo.com
EpicWolf2478,35931,False,epicwolf2478@mail.ru
MightyViper2479,2932,False,mightyviper2479@gmail.com
ShadowEagle2480,75114,False,shadoweagle2480@yahoo.com
SwiftTiger2481,97552,False,swifttiger2481@mail.ru
EpicLion2482,97878,True,epiclion2482@gmail.com
SilentLion2483,1606,False,silentlion2483@mail.ru
DarkTiger2484,12542,False,darktiger2484@outlook.com
MightyHawk2485,5127,False,mightyhawk2485@gmail.com
FireTiger2486,61672,False,firetiger2486@hotmail.com
DarkBear2487,50227,False,darkbear2487@gmail.com
MightyHawk2488,57929,True,mightyhawk2488@outlook.com
ShadowTiger2489,32724,False,shadowtiger2489@hotmail.com
DarkViper2490,28286,True,darkviper2490@mail.ru
FireWolf2491,81215,False,firewolf2491@outlook.com
GoldenEagle2492,19323,False,goldeneagle2492@mail.ru
EpicFox2493,12735,False,epicfox2493@outlook.com
EpicEagle2494,38927,True,epiceagle2494@outlook.com
IronWolf2495,48275,False,ironwolf2495@gmail.com
SwiftFox2496,65122,True,swiftfox2496@gmail.com
ShadowDragon2497,34655,False,shadowdragon2497@yahoo.com
IronTiger2498,18619,False,irontiger2498@yahoo.com
FireTiger2499,19712,True,firetiger2499@mail.ru
IronShark2500,26752,False,ironshark2500@gmail.com
EpicShark2501,48830,False,epicshark2501@yahoo.com
CoolViper2502,32741,False,coolviper2502@hotmail.com
CoolTiger2503,25348,False,cooltiger2503@gmail.com
SilentWolf2504,23580,True,silentwolf2504@yahoo.com
CoolEagle2505,2419,False,cooleagle2505@outlook.com
SwiftDragon2506,85574,False,swiftdragon2506@mail.ru
SwiftShark2507,86249,False,swiftshark2507@hotmail.com
CoolHawk2508,67454,True,coolhawk2508@hotmail.com
CoolEagle2509,50939,False,cooleagle2509@yahoo.com
MightyHawk2510,9421,True,mightyhawk2510@gmail.com
FireWolf2511,3592,True,firewolf2511@outlook.com
IronWolf2512,57584,False,ironwolf2512@outlook.com
CoolBear2513,41790,True,coolbear2513@mail.ru
SwiftHawk2514,23159,True,swifthawk2514@gmail.com
EpicHawk2515,71445,False,epichawk2515@hotmail.com
IronShark2516,73357,False,ironshark2516@yahoo.com
IronDragon2517,17122,False,irondragon2517@outlook.com
SwiftBear2518,68074,False,swiftbear2518@hotmail.com
EpicTiger2519,56302,False,epictiger2519@yahoo.com
FireFox2520,20255,False,firefox2520@outlook.com
SilentDragon2521,13430,True,silentdragon2521@outlook.com
EpicFox2522,99546,False,epicfox2522@hotmail.com
GoldenFox2523,39648,False,goldenfox2523@yahoo.com
FireBear2524,35709,True,firebear2524@hotmail.com
EpicShark2525,52024,False,epicshark2525@hotmail.com
CoolWolf2526,19506,False,coolwolf2526@yahoo.com
ShadowTiger2527,27107,False,shadowtiger2527@gmail.com
IronHawk2528,16892,False,ironhawk2528@outlook.com
IronEagle2529,55252,False,ironeagle2529@hotmail.com
SilentEagle2530,90774,False,silenteagle2530@mail.ru
CoolHawk2531,53900,False,coolhawk2531@mail.ru
FireWolf2532,36613,False,firewolf2532@mail.ru
FireDragon2533,78890,False,firedragon2533@mail.ru
MightyLion2534,51428,True,mightylion2534@hotmail.com
EpicFox2535,847,False,epicfox2535@mail.ru
SilentWolf2536,74889,False,silentwolf2536@mail.ru
FireLion2537,43148,False,firelion2537@gmail.com
IronDragon2538,53623,False,irondragon2538@yahoo.com
GoldenLion2539,8294,False,goldenlion2539@outlook.com
FireFox2540,10992,False,firefox2540@outlook.com
SilentWolf2541,99379,False,silentwolf2541@yahoo.com
CoolWolf2542,51607,False,coolwolf2542@outlook.com
IronFox2543,76207,False,ironfox2543@yahoo.com
EpicEagle2544,97623,False,epiceagle2544@gmail.com
MightyDragon2545,50426,False,mightydragon2545@hotmail.com
FireDragon2546,61360,False,firedragon2546@mail.ru
MightyEagle2547,82233,False,mightyeagle2547@gmail.com
GoldenHawk2548,13954,False,goldenhawk2548@yahoo.com
SwiftShark2549,66118,False,swiftshark2549@mail.ru
IronViper2550,10459,False,ironviper2550@mail.ru
MightyEagle2551,4954,False,mightyeagle2551@yahoo.com
ShadowDragon2552,98944,False,shadowdragon2552@outlook.com
IronViper2553,1403,True,ironviper2553@yahoo.com
GoldenTiger2554,10134,False,goldentiger2554@yahoo.com
SilentWolf2555,27817,False,silentwolf2555@yahoo.com
DarkHawk2556,84737,False,darkhawk2556@hotmail.com
SwiftDragon2557,21066,False,swiftdragon2557@yahoo.com
CoolShark2558,46110,False,coolshark2558@gmail.com
FireHawk2559,38499,False,firehawk2559@outlook.com
GoldenDragon2560,66572,False,goldendragon2560@outlook.com
GoldenShark2561,60458,False,goldenshark2561@outlook.com
CoolLion2562,81873,False,coollion2562@outlook.com
IronHawk2563,25429,True,ironhawk2563@hotmail.com
GoldenTiger2564,81122,False,goldentiger2564@hotmail.com
MightyViper2565,72263,False,mightyviper2565@outlook.com
EpicDragon2566,47759,False,epicdragon2566@outlook.com
DarkShark2567,11280,False,darkshark2567@mail.ru
ShadowDragon2568,34055,False,shadowdragon2568@gmail.com
MightyLion2569,50633,False,mightylion2569@hotmail.com
IronLion2570,33537,False,ironlion2570@outlook.com
MightyEagle2571,83896,False,mightyeagle2571@gmail.com
SwiftBear2572,276,True,swiftbear2572@yahoo.com
SilentEagle2573,50477,False,silenteagle2573@hotmail.com
FireHawk2574,10149,False,firehawk2574@gmail.com
CoolShark2575,53553,False,coolshark2575@yahoo.com
ShadowTiger2576,43041,False,shadowtiger2576@yahoo.com
FireShark2577,37245,True,fireshark2577@yahoo.com
SwiftWolf2578,34332,False,swiftwolf2578@gmail.com
CoolDragon2579,82843,False,cooldragon2579@hotmail.com
CoolDragon2580,97904,False,cooldragon2580@yahoo.com
FireLion2581,90546,False,firelion2581@hotmail.com
SilentBear2582,5359,False,silentbear2582@mail.ru
IronHawk2583,69897,False,ironhawk2583@hotmail.com
MightyShark2584,60186,False,mightyshark2584@gmail.com
ShadowWolf2585,94167,True,shadowwolf2585@outlook.com
DarkHawk2586,65854,True,darkhawk2586@hotmail.com
SilentViper2587,73246,False,silentviper2587@yahoo.com
FireTiger2588,79638,False,firetiger2588@mail.ru
CoolViper2589,94547,False,coolviper2589@mail.ru
FireHawk2590,28791,False,firehawk2590@gmail.com
SwiftLion2591,7829,True,swiftlion2591@outlook.com
MightyViper2592,10376,False,mightyviper2592@mail.ru
SwiftViper2593,74577,False,swiftviper2593@mail.ru
SwiftShark2594,98539,False,swiftshark2594@mail.ru
ShadowBear2595,818,False,shadowbear2595@outlook.com
EpicWolf2596,27336,True,epicwolf2596@yahoo.com
CoolBear2597,79120,False,coolbear2597@yahoo.com
DarkLion2598,22619,False,darklion2598@yahoo.com
CoolLion2599,64978,False,coollion2599@mail.ru
FireEagle2600,33970,False,fireeagle2600@hotmail.com
SilentDragon2601,50551,False,silentdragon2601@outlook.com
IronLion2602,10058,False,ironlion2602@yahoo.com
GoldenHawk2603,5911,True,goldenhawk2603@hotmail.com
IronDragon2604,46185,False,irondragon2604@yahoo.com
DarkEagle2605,656,False,darkeagle2605@gmail.com
ShadowEagle2606,92889,False,shadoweagle2606@mail.ru
ShadowViper2607,99204,False,shadowviper2607@yahoo.com
MightyLion2608,48892,False,mightylion2608@outlook.com
SwiftDragon2609,23125,False,swiftdragon2609@hotmail.com
CoolWolf2610,71595,False,coolwolf2610@yahoo.com
DarkHawk2611,65169,False,darkhawk2611@yahoo.com
ShadowShark2612,77432,False,shadowshark2612@outlook.com
CoolHawk2613,27137,False,coolhawk2613@yahoo.com
ShadowFox2614,970,False,shadowfox2614@gmail.com
ShadowShark2615,96733,False,shadowshark2615@yahoo.com
SilentDragon2616,23656,True,silentdragon2616@hotmail.com
IronBear2617,78897,False,ironbear2617@yahoo.com
SilentShark2618,91868,False,silentshark2618@gmail.com
GoldenTiger2619,81325,False,goldentiger2619@gmail.com
CoolEagle2620,52696,False,cooleagle2620@mail.ru
SwiftHawk2621,17161,False,swifthawk2621@outlook.com
SilentViper2622,65135,False,silentviper2622@outlook.com
FireFox2623,99720,False,firefox2623@outlook.com
DarkDragon2624,14620,False,darkdragon2624@gmail.com
SilentHawk2625,73248,False,silenthawk2625@yahoo.com
FireWolf2626,93603,False,firewolf2626@gmail.com
GoldenTiger2627,97955,True,goldentiger2627@hotmail.com
CoolFox2628,97918,True,coolfox2628@outlook.com
EpicTiger2629,76538,True,epictiger2629@outlook.com
SwiftEagle2630,95893,False,swifteagle2630@gmail.com
GoldenDragon2631,30207,False,goldendragon2631@yahoo.com
EpicBear2632,12274,False,epicbear2632@yahoo.com
CoolEagle2633,2633,False,cooleagle2633@yahoo.com
CoolShark2634,18642,False,coolshark2634@hotmail.com
EpicBear2635,29671,False,epicbear2635@outlook.com
DarkDragon2636,67176,False,darkdragon2636@yahoo.com
SilentEagle2637,52546,False,silenteagle2637@outlook.com
FireShark2638,69979,False,fireshark2638@mail.ru
DarkDragon2639,98908,False,darkdragon2639@gmail.com
CoolDragon2640,7640,False,cooldragon2640@hotmail.com
FireLion2641,4943,False,firelion2641@outlook.com
SwiftHawk2642,39054,False,swifthawk2642@hotmail.com
IronLion2643,96959,True,ironlion2643@yahoo.com
FireTiger2644,5205,False,firetiger2644@yahoo.com
CoolShark2645,13125,False,coolshark2645@mail.ru
MightyEagle2646,82220,False,mightyeagle2646@gmail.com
SilentBear2647,48173,False,silentbear2647@gmail.com
IronBear2648,36191,False,ironbear2648@mail.ru
ShadowShark2649,18214,False,shadowshark2649@outlook.com
DarkBear2650,20925,True,darkbear2650@mail.ru
FireBear2651,42436,False,firebear2651@yahoo.com
GoldenShark2652,88673,False,goldenshark2652@mail.ru
EpicEagle2653,23263,False,epiceagle2653@gmail.com
EpicViper2654,7478,False,epicviper2654@hotmail.com
DarkDragon2655,72945,False,darkdragon2655@outlook.com
GoldenEagle2656,55123,False,goldeneagle2656@hotmail.com
SilentViper2657,87791,False,silentviper2657@mail.ru
CoolBear2658,76694,False,coolbear2658@hotmail.com
CoolTiger2659,5102,False,cooltiger2659@gmail.com
CoolLion2660,55527,False,coollion2660@outlook.com
CoolTiger2661,83539,True,cooltiger2661@outlook.com
SilentWolf2662,95358,False,silentwolf2662@mail.ru
MightyHawk2663,67352,False,mightyhawk2663@outlook.com
SwiftEagle2664,25423,False,swifteagle2664@gmail.com
IronFox2665,86158,False,ironfox2665@yahoo.com
EpicDragon2666,2153,False,epicdragon2666@mail.ru
GoldenBear2667,85439,False,goldenbear2667@mail.ru
SilentFox2668,58837,False,silentfox2668@yahoo.com
GoldenBear2669,46781,False,goldenbear2669@yahoo.com
CoolTiger2670,88854,False,cooltiger2670@yahoo.com
EpicTiger2671,57927,False,epictiger2671@gmail.com
FireHawk2672,74395,False,firehawk2672@yahoo.com
MightyDragon2673,42265,False,mightydragon2673@outlook.com
CoolShark2674,31494,False,coolshark2674@gmail.com
EpicWolf2675,26241,False,epicwolf2675@yahoo.com
DarkTiger2676,38603,False,darktiger2676@yahoo.com
SilentBear2677,9327,False,silentbear2677@hotmail.com
IronShark2678,62246,False,ironshark2678@outlook.com
SilentBear2679,97117,False,silentbear2679@outlook.com
EpicLion2680,65968,False,epiclion2680@mail.ru
ShadowDragon2681,18548,False,shadowdragon2681@yahoo.com
FireBear2682,97253,False,firebear2682@gmail.com
GoldenTiger2683,28641,False,goldentiger2683@hotmail.com
DarkShark2684,32651,False,darkshark2684@mail.ru
FireFox2685,12976,False,firefox2685@yahoo.com
DarkLion2686,37973,False,darklion2686@gmail.com
SwiftEagle2687,67713,False,swifteagle2687@gmail.com
SwiftDragon2688,34433,False,swiftdragon2688@mail.ru
IronEagle2689,30501,False,ironeagle2689@hotmail.com
CoolViper2690,13620,True,coolviper2690@gmail.com
SwiftShark2691,94229,False,swiftshark2691@gmail.com
MightyEagle2692,53969,False,mightyeagle2692@outlook.com
FireWolf2693,48976,False,firewolf2693@yahoo.com
EpicShark2694,2094,False,epicshark2694@gmail.com
MightyEagle2695,60107,True,mightyeagle2695@yahoo.com
CoolLion2696,27708,False,coollion2696@outlook.com
EpicFox2697,1150,False,epicfox2697@outlook.com
CoolShark2698,91317,False,coolshark2698@outlook.com
DarkBear2699,35661,False,darkbear2699@gmail.com
EpicHawk2700,74415,False,epichawk2700@yahoo.com
SilentFox2701,59376,False,silentfox2701@mail.ru
CoolShark2702,97219,False,coolshark2702@mail.ru
IronBear2703,81669,False,ironbear2703@hotmail.com
ShadowLion2704,87470,False,shadowlion2704@yahoo.com
SwiftWolf2705,68539,False,swiftwolf2705@yahoo.com
CoolViper2706,93503,False,coolviper2706@mail.ru
CoolBear2707,74102,False,coolbear2707@mail.ru
MightyLion2708,22980,False,mightylion2708@yahoo.com
CoolEagle2709,91457,False,cooleagle2709@outlook.com
MightyFox2710,35096,True,mightyfox2710@hotmail.com
EpicEagle2711,44482,False,epiceagle2711@yahoo.com
ShadowWolf2712,16697,False,shadowwolf2712@yahoo.com
FireHawk2713,59236,False,firehawk2713@mail.ru
ShadowEagle2714,86431,False,shadoweagle2714@outlook.com
SwiftTiger2715,20760,False,swifttiger2715@yahoo.com
ShadowWolf2716,30576,False,shadowwolf2716@yahoo.com
SilentViper2717,84296,False,silentviper2717@mail.ru
SilentEagle2718,29969,False,silenteagle2718@yahoo.com
MightyWolf2719,9744,False,mightywolf2719@mail.ru
IronViper2720,56191,True,ironviper2720@yahoo.com
SilentWolf2721,7651,False,silentwolf2721@hotmail.com
SilentDragon2722,54070,False,silentdragon2722@yahoo.com
DarkTiger2723,37423,False,darktiger2723@hotmail.com
MightyEagle2724,2718,False,mightyeagle2724@hotmail.com
SilentWolf2725,68706,False,silentwolf2725@gmail.com
FireEagle2726,4281,False,fireeagle2726@hotmail.com
MightyEagle2727,62837,True,mightyeagle2727@hotmail.com
CoolEagle2728,21375,False,cooleagle2728@mail.ru
SilentHawk2729,1898,True,silenthawk2729@outlook.com
CoolTiger2730,37994,False,cooltiger2730@gmail.com
CoolBear2731,9920,False,coolbear2731@mail.ru
SwiftLion2732,87146,False,swiftlion2732@hotmail.com
SwiftWolf2733,42849,False,swiftwolf2733@mail.ru
FireLion2734,43168,False,firelion2734@outlook.com
CoolEagle2735,95834,False,cooleagle2735@hotmail.com
ShadowTiger2736,82144,False,shadowtiger2736@outlook.com
EpicDragon2737,21004,False,epicdragon2737@gmail.com
FireDragon2738,24178,False,firedragon2738@outlook.com
SwiftHawk2739,54403,False,swifthawk2739@mail.ru
ShadowWolf2740,54288,False,shadowwolf2740@gmail.com
SwiftEagle2741,99295,False,swifteagle2741@gmail.com
FireFox2742,21269,False,firefox2742@mail.ru
SilentDragon2743,38268,False,silentdragon2743@outlook.com
SilentHawk2744,60123,False,silenthawk2744@yahoo.com
FireLion2745,65732,True,firelion2745@yahoo.com
FireTiger2746,53420,True,firetiger2746@outlook.com
EpicEagle2747,80779,False,epiceagle2747@outlook.com
FireHawk2748,62283,False,firehawk2748@outlook.com
IronShark2749,76439,False,ironshark2749@yahoo.com
GoldenWolf2750,2250,False,goldenwolf2750@mail.ru
SilentShark2751,92222,False,silentshark2751@yahoo.com
CoolWolf2752,44476,False,coolwolf2752@gmail.com
EpicViper2753,20483,False,epicviper2753@gmail.com
MightyFox2754,33197,False,mightyfox2754@hotmail.com
ShadowFox2755,10216,True,shadowfox2755@gmail.com
IronTiger2756,76326,False,irontiger2756@outlook.com
FireViper2757,18557,False,fireviper2757@gmail.com
FireViper2758,15470,False,fireviper2758@outlook.com
SwiftViper2759,70597,False,swiftviper2759@hotmail.com
SilentBear2760,62872,False,silentbear2760@yahoo.com
EpicViper2761,75400,False,epicviper2761@outlook.com
EpicHawk2762,19303,False,epichawk2762@mail.ru
FireViper2763,92818,False,fireviper2763@outlook.com
EpicTiger2764,16222,True,epictiger2764@gmail.com
SilentDragon2765,18198,False,silentdragon2765@gmail.com
IronWolf2766,97316,False,ironwolf2766@yahoo.com
CoolViper2767,95424,False,coolviper2767@hotmail.com
SilentShark2768,31140,True,silentshark2768@hotmail.com
IronBear2769,50310,False,ironbear2769@yahoo.com
EpicLion2770,84226,False,epiclion2770@mail.ru
IronShark2771,12983,True,ironshark2771@yahoo.com
CoolLion2772,8415,False,coollion2772@yahoo.com
CoolShark2773,54855,False,coolshark2773@mail.ru
SilentViper2774,66458,False,silentviper2774@outlook.com
SilentShark2775,76467,False,silentshark2775@gmail.com
MightyShark2776,24074,True,mightyshark2776@yahoo.com
DarkBear2777,82489,False,darkbear2777@outlook.com
IronLion2778,46625,False,ironlion2778@outlook.com
SwiftFox2779,83594,True,swiftfox2779@gmail.com
CoolViper2780,98803,True,coolviper2780@gmail.com
EpicFox2781,96841,False,epicfox2781@gmail.com
GoldenBear2782,46647,False,goldenbear2782@gmail.com
DarkWolf2783,63288,False,darkwolf2783@mail.ru
ShadowDragon2784,17770,False,shadowdragon2784@gmail.com
CoolHawk2785,87057,False,coolhawk2785@yahoo.com
ShadowBear2786,91832,False,shadowbear2786@gmail.com
SilentViper2787,25360,False,silentviper2787@yahoo.com
SwiftBear2788,13832,False,swiftbear2788@hotmail.com
CoolBear2789,79868,False,coolbear2789@mail.ru
CoolFox2790,1730,False,coolfox2790@mail.ru
IronEagle2791,81326,True,ironeagle2791@hotmail.com
SwiftHawk2792,49455,False,swifthawk2792@outlook.com
DarkViper2793,45293,False,darkviper2793@hotmail.com
SwiftDragon2794,89070,True,swiftdragon2794@yahoo.com
ShadowWolf2795,17077,False,shadowwolf2795@mail.ru
CoolShark2796,8593,False,coolshark2796@yahoo.com
EpicTiger2797,16483,True,epictiger2797@mail.ru
ShadowFox2798,2467,False,shadowfox2798@hotmail.com
MightyTiger2799,34215,False,mightytiger2799@outlook.com
CoolShark2800,28351,False,coolshark2800@outlook.com
CoolEagle2801,9043,False,cooleagle2801@mail.ru
IronEagle2802,10817,False,ironeagle2802@mail.ru
CoolShark2803,75213,False,coolshark2803@mail.ru
CoolViper2804,42800,False,coolviper2804@outlook.com
DarkLion2805,1508,False,darklion2805@hotmail.com
MightyBear2806,367,False,mightybear2806@gmail.com
FireDragon2807,70111,False,firedragon2807@outlook.com
SwiftViper2808,29193,False,swiftviper2808@yahoo.com
MightyDragon2809,56384,False,mightydragon2809@gmail.com
GoldenShark2810,4371,False,goldenshark2810@yahoo.com
DarkTiger2811,41622,False,darktiger2811@yahoo.com
MightyShark2812,33898,False,mightyshark2812@yahoo.com
DarkTiger2813,30432,True,darktiger2813@mail.ru
ShadowTiger2814,41454,False,shadowtiger2814@yahoo.com
EpicWolf2815,73184,True,epicwolf2815@gmail.com
ShadowFox2816,28437,False,shadowfox2816@gmail.com
DarkViper2817,30949,False,darkviper2817@gmail.com
CoolHawk2818,16067,False,coolhawk2818@yahoo.com
MightyTiger2819,83546,False,mightytiger2819@mail.ru
CoolShark2820,97880,False,coolshark2820@gmail.com
ShadowLion2821,76807,False,shadowlion2821@gmail.com
SilentViper2822,-749,True,silentviper2822@gmail.com
MightyBear2823,70337,False,mightybear2823@yahoo.com
SwiftHawk2824,5354,True,swifthawk2824@gmail.com
GoldenBear2825,38538,False,goldenbear2825@yahoo.com
ShadowTiger2826,33326,False,shadowtiger2826@hotmail.com
SilentFox2827,25414,False,silentfox2827@outlook.com
GoldenHawk2828,41562,False,goldenhawk2828@outlook.com
ShadowWolf2829,6134,False,shadowwolf2829@outlook.com
EpicWolf2830,96938,False,epicwolf2830@hotmail.com
CoolWolf2831,23281,True,coolwolf2831@outlook.com
EpicTiger2832,51228,False,epictiger2832@hotmail.com
CoolLion2833,74765,False,coollion2833@yahoo.com
ShadowBear2834,6861,False,shadowbear2834@gmail.com
DarkDragon2835,61388,False,darkdragon2835@hotmail.com
GoldenWolf2836,45490,False,goldenwolf2836@yahoo.com
CoolFox2837,73489,False,coolfox2837@mail.ru
FireBear2838,89169,False,firebear2838@gmail.com
MightyLion2839,80937,False,mightylion2839@yahoo.com
ShadowTiger2840,72119,True,shadowtiger2840@outlook.com
SilentBear2841,86216,False,silentbear2841@hotmail.com
SwiftEagle2842,525,False,swifteagle2842@outlook.com
DarkDragon2843,53469,False,darkdragon2843@yahoo.com
MightyHawk2844,8498,False,mightyhawk2844@outlook.com
SilentShark2845,68727,False,silentshark2845@outlook.com
SwiftFox2846,28871,False,swiftfox2846@hotmail.com
FireTiger2847,76885,True,firetiger2847@outlook.com
DarkFox2848,98419,False,darkfox2848@hotmail.com
DarkBear2849,1984,False,darkbear2849@hotmail.com
FireEagle2850,60196,False,fireeagle2850@mail.ru
CoolDragon2851,52079,False,cooldragon2851@mail.ru
CoolDragon2852,40041,False,cooldragon2852@gmail.com
GoldenEagle2853,34414,False,goldeneagle2853@mail.ru
GoldenDragon2854,27870,False,goldendragon2854@mail.ru
FireTiger2855,40148,False,firetiger2855@hotmail.com
IronLion2856,23623,True,ironlion2856@yahoo.com
CoolHawk2857,222,False,coolhawk2857@mail.ru
FireBear2858,51325,True,firebear2858@yahoo.com
ShadowViper2859,52244,False,shadowviper2859@yahoo.com
MightyWolf2860,6540,False,mightywolf2860@yahoo.com
CoolDragon2861,1082,True,cooldragon2861@yahoo.com
SilentDragon2862,37633,False,silentdragon2862@hotmail.com
EpicWolf2863,49995,False,epicwolf2863@outlook.com
SwiftDragon2864,50328,False,swiftdragon2864@yahoo.com
SilentFox2865,30147,False,silentfox2865@outlook.com
FireHawk2866,27613,False,firehawk2866@mail.ru
ShadowLion2867,94442,False,shadowlion2867@yahoo.com
MightyFox2868,84879,False,mightyfox2868@gmail.com
FireShark2869,29051,False,fireshark2869@gmail.com
GoldenFox2870,41905,False,goldenfox2870@mail.ru
EpicDragon2871,72155,False,epicdragon2871@outlook.com
MightyWolf2872,94867,True,mightywolf2872@mail.ru
FireFox2873,43475,False,firefox2873@yahoo.com
ShadowViper2874,54086,True,shadowviper2874@hotmail.com
SwiftBear2875,95936,False,swiftbear2875@hotmail.com
IronBear2876,89360,True,ironbear2876@outlook.com
GoldenShark2877,8415,False,goldenshark2877@mail.ru
CoolShark2878,52662,False,coolshark2878@mail.ru
SilentDragon2879,13190,False,silentdragon2879@gmail.com
SilentViper2880,42483,True,silentviper2880@gmail.com
DarkWolf2881,10755,False,darkwolf2881@yahoo.com
SwiftBear2882,44521,False,swiftbear2882@yahoo.com
ShadowWolf2883,41456,True,shadowwolf2883@yahoo.com
DarkLion2884,95990,False,darklion2884@hotmail.com
IronFox2885,46867,False,ironfox2885@hotmail.com
ShadowShark2886,31265,False,shadowshark2886@mail.ru
DarkTiger2887,66290,False,darktiger2887@yahoo.com
SwiftLion2888,45123,False,swiftlion2888@yahoo.com
SilentTiger2889,85066,False,silenttiger2889@mail.ru
MightyLion2890,73558,True,mightylion2890@mail.ru
CoolViper2891,98691,True,coolviper2891@mail.ru
MightyShark2892,98700,False,mightyshark2892@mail.ru
ShadowFox2893,75337,False,shadowfox2893@mail.ru
SilentTiger2894,73842,True,silenttiger2894@mail.ru
MightyShark2895,97593,False,mightyshark2895@hotmail.com
ShadowDragon2896,15678,False,shadowdragon2896@outlook.com
IronEagle2897,74515,False,ironeagle2897@outlook.com
FireWolf2898,-710,False,firewolf2898@gmail.com
FireViper2899,92238,True,fireviper2899@outlook.com
EpicHawk2900,10066,True,epichawk2900@mail.ru
EpicWolf2901,33696,False,epicwolf2901@gmail.com
SwiftFox2902,29937,False,swiftfox2902@hotmail.com
ShadowHawk2903,15752,False,shadowhawk2903@yahoo.com
FireTiger2904,23339,False,firetiger2904@outlook.com
SwiftHawk2905,31304,False,swifthawk2905@mail.ru
CoolLion2906,95714,True,coollion2906@mail.ru
SwiftTiger2907,18178,False,swifttiger2907@yahoo.com
ShadowDragon2908,22963,False,shadowdragon2908@mail.ru
FireBear2909,47636,False,firebear2909@hotmail.com
FireHawk2910,44397,False,firehawk2910@gmail.com
GoldenBear2911,58289,True,goldenbear2911@yahoo.com
SilentBear2912,10865,False,silentbear2912@outlook.com
GoldenTiger2913,25798,False,goldentiger2913@mail.ru
GoldenLion2914,25248,False,goldenlion2914@hotmail.com
EpicTiger2915,97786,False,epictiger2915@gmail.com
ShadowHawk2916,19563,False,shadowhawk2916@hotmail.com
ShadowShark2917,49745,False,shadowshark2917@yahoo.com
GoldenShark2918,12403,False,goldenshark2918@outlook.com
FireShark2919,19128,False,fireshark2919@yahoo.com
GoldenTiger2920,43371,False,goldentiger2920@yahoo.com
SilentFox2921,60074,False,silentfox2921@mail.ru
IronViper2922,626,False,ironviper2922@yahoo.com
DarkTiger2923,77087,False,darktiger2923@mail.ru
MightyHawk2924,38137,False,mightyhawk2924@outlook.com
SwiftBear2925,5519,False,swiftbear2925@yahoo.com
GoldenBear2926,2070,False,goldenbear2926@gmail.com
MightyWolf2927,92287,False,mightywolf2927@yahoo.com
GoldenFox2928,49133,False,goldenfox2928@hotmail.com
FireEagle2929,95393,False,fireeagle2929@hotmail.com
CoolTiger2930,28698,False,cooltiger2930@yahoo.com
CoolBear2931,2805,False,coolbear2931@mail.ru
MightyLion2932,23465,False,mightylion2932@yahoo.com
SilentHawk2933,24237,False,silenthawk2933@mail.ru
MightyTiger2934,64770,False,mightytiger2934@yahoo.com
EpicHawk2935,82429,True,epichawk2935@outlook.com
FireLion2936,66401,False,firelion2936@yahoo.com
EpicLion2937,81063,False,epiclion2937@outlook.com
CoolViper2938,42306,True,coolviper2938@mail.ru
GoldenEagle2939,46844,False,goldeneagle2939@gmail.com
SwiftHawk2940,78358,False,swifthawk2940@mail.ru
SilentTiger2941,22968,False,silenttiger2941@yahoo.com
CoolEagle2942,40126,True,cooleagle2942@outlook.com
MightyShark2943,9702,False,mightyshark2943@outlook.com
IronWolf2944,31224,False,ironwolf2944@yahoo.com
ShadowWolf2945,52423,True,shadowwolf2945@gmail.com
EpicViper2946,57486,False,epicviper2946@yahoo.com
FireLion2947,95825,False,firelion2947@outlook.com
EpicEagle2948,24300,False,epiceagle2948@mail.ru
FireFox2949,94158,False,firefox2949@hotmail.com
ShadowShark2950,77951,False,shadowshark2950@outlook.com
EpicHawk2951,35201,False,epichawk2951@outlook.com
FireTiger2952,23170,False,firetiger2952@gmail.com
EpicViper2953,87376,True,epicviper2953@hotmail.com
EpicFox2954,8811,False,epicfox2954@hotmail.com
EpicLion2955,36153,False,epiclion2955@mail.ru
CoolDragon2956,65507,True,cooldragon2956@mail.ru
IronViper2957,48870,True,ironviper2957@yahoo.com
DarkBear2958,67357,False,darkbear2958@mail.ru
DarkEagle2959,57987,False,darkeagle2959@outlook.com
ShadowFox2960,87471,False,shadowfox2960@outlook.com
SwiftTiger2961,74783,False,swifttiger2961@gmail.com
MightyDragon2962,37499,False,mightydragon2962@outlook.com
GoldenViper2963,66058,False,goldenviper2963@gmail.com
GoldenTiger2964,4366,True,goldentiger2964@gmail.com
EpicBear2965,58945,False,epicbear2965@hotmail.com
SilentDragon2966,9087,False,silentdragon2966@mail.ru
IronBear2967,62314,False,ironbear2967@mail.ru
CoolFox2968,33993,False,coolfox2968@mail.ru
SilentWolf2969,34652,False,silentwolf2969@mail.ru
GoldenFox2970,43075,False,goldenfox2970@outlook.com
SilentViper2971,95810,False,silentviper2971@yahoo.com
EpicShark2972,5231,False,epicshark2972@mail.ru
SilentLion2973,42296,False,silentlion2973@hotmail.com
FireTiger2974,66294,False,firetiger2974@mail.ru
SwiftTiger2975,30653,False,swifttiger2975@hotmail.com
SwiftBear2976,98100,True,swiftbear2976@gmail.com
CoolEagle2977,1970,False,cooleagle2977@gmail.com
MightyEagle2978,76567,True,mightyeagle2978@outlook.com
SwiftEagle2979,71170,True,swifteagle2979@yahoo.com
ShadowHawk2980,53193,False,shadowhawk2980@yahoo.com
MightyTiger2981,71140,False,mightytiger2981@gmail.com
GoldenFox2982,-182,False,goldenfox2982@mail.ru
MightyShark2983,33654,False,mightyshark2983@hotmail.com
IronShark2984,23727,True,ironshark2984@outlook.com
FireFox2985,67318,False,firefox2985@yahoo.com
SwiftBear2986,7644,False,swiftbear2986@gmail.com
IronFox2987,69433,False,ironfox2987@yahoo.com
IronDragon2988,58290,False,irondragon2988@outlook.com
MightyWolf2989,25738,False,mightywolf2989@outlook.com
SwiftBear2990,25956,False,swiftbear2990@hotmail.com
CoolEagle2991,63436,False,cooleagle2991@outlook.com
SilentEagle2992,56248,False,silenteagle2992@outlook.com
ShadowLion2993,50043,False,shadowlion2993@yahoo.com
SilentLion2994,48339,False,silentlion2994@outlook.com
CoolViper2995,30024,False,coolviper2995@mail.ru
MightyDragon2996,74966,False,mightydragon2996@gmail.com
CoolFox2997,38113,False,coolfox2997@gmail.com
ShadowDragon2998,95187,False,shadowdragon2998@mail.ru
CoolBear2999,74373,False,coolbear2999@gmail.com
GoldenBear3000,20422,False,goldenbear3000@outlook.com
CoolHawk3001,99875,False,coolhawk3001@mail.ru
EpicDragon3002,68624,False,epicdragon3002@gmail.com
CoolEagle3003,39455,False,cooleagle3003@yahoo.com
MightyDragon3004,3452,False,mightydragon3004@mail.ru
MightyShark3005,83744,True,mightyshark3005@hotmail.com
IronHawk3006,98963,False,ironhawk3006@gmail.com
CoolLion3007,10234,True,coollion3007@hotmail.com
DarkWolf3008,73967,False,darkwolf3008@hotmail.com
SilentLion3009,24502,False,silentlion3009@outlook.com
MightyFox3010,25464,False,mightyfox3010@hotmail.com
SilentTiger3011,15380,False,silenttiger3011@outlook.com
EpicFox3012,49919,False,epicfox3012@hotmail.com
IronTiger3013,11451,False,irontiger3013@gmail.com
CoolLion3014,43181,False,coollion3014@outlook.com
ShadowViper3015,8846,False,shadowviper3015@yahoo.com
ShadowHawk3016,14945,False,shadowhawk3016@hotmail.com
SilentDragon3017,99928,False,silentdragon3017@gmail.com
CoolTiger3018,36747,True,cooltiger3018@hotmail.com
EpicTiger3019,82267,True,epictiger3019@mail.ru
IronHawk3020,29350,False,ironhawk3020@yahoo.com
FireWolf3021,92366,False,firewolf3021@gmail.com
MightyWolf3022,38465,False,mightywolf3022@mail.ru
DarkEagle3023,349,False,darkeagle3023@hotmail.com
SilentDragon3024,55,True,silentdragon3024@hotmail.com
MightyLion3025,-958,False,mightylion3025@mail.ru
EpicDragon3026,27638,False,epicdragon3026@outlook.com
FireViper3027,16598,True,fireviper3027@yahoo.com
CoolHawk3028,60386,False,coolhawk3028@mail.ru
CoolTiger3029,96360,False,cooltiger3029@mail.ru
ShadowShark3030,53702,False,shadowshark3030@mail.ru
SilentHawk3031,74561,False,silenthawk3031@outlook.com
IronFox3032,48225,False,ironfox3032@mail.ru
EpicShark3033,52871,False,epicshark3033@gmail.com
SilentBear3034,17177,False,silentbear3034@mail.ru
DarkViper3035,83000,False,darkviper3035@gmail.com
MightyBear3036,44607,True,mightybear3036@yahoo.com
DarkWolf3037,90297,False,darkwolf3037@yahoo.com
FireDragon3038,29272,False,firedragon3038@outlook.com
EpicLion3039,67345,False,epiclion3039@mail.ru
CoolLion3040,7987,False,coollion3040@yahoo.com
SwiftWolf3041,18604,False,swiftwolf3041@yahoo.com
DarkTiger3042,93204,False,darktiger3042@yahoo.com
FireWolf3043,52096,False,firewolf3043@gmail.com
CoolFox3044,39958,False,coolfox3044@gmail.com
EpicViper3045,52756,False,epicviper3045@gmail.com
FireTiger3046,76189,False,firetiger3046@outlook.com
IronDragon3047,37484,False,irondragon3047@yahoo.com
IronLion3048,83985,True,ironlion3048@mail.ru
DarkBear3049,19476,False,darkbear3049@mail.ru
DarkLion3050,97554,False,darklion3050@gmail.com
SilentShark3051,12742,False,silentshark3051@hotmail.com
SwiftBear3052,80616,False,swiftbear3052@gmail.com
GoldenShark3053,47745,True,goldenshark3053@gmail.com
IronFox3054,6949,False,ironfox3054@yahoo.com
CoolHawk3055,8112,False,coolhawk3055@hotmail.com
GoldenTiger3056,71351,False,goldentiger3056@hotmail.com
SwiftHawk3057,69885,False,swifthawk3057@yahoo.com
SilentLion3058,50947,False,silentlion3058@mail.ru
FireBear3059,52714,False,firebear3059@gmail.com
EpicDragon3060,33634,False,epicdragon3060@yahoo.com
SilentWolf3061,9129,False,silentwolf3061@outlook.com
DarkViper3062,99571,False,darkviper3062@gmail.com
MightyBear3063,95951,False,mightybear3063@outlook.com
ShadowViper3064,11295,False,shadowviper3064@yahoo.com
ShadowEagle3065,39166,False,shadoweagle3065@outlook.com
GoldenBear3066,70077,True,goldenbear3066@mail.ru
EpicHawk3067,67854,False,epichawk3067@gmail.com
MightyViper3068,51590,False,mightyviper3068@gmail.com
IronTiger3069,81054,False,irontiger3069@gmail.com
MightyEagle3070,80650,False,mightyeagle3070@hotmail.com
ShadowViper3071,24525,True,shadowviper3071@yahoo.com
IronDragon3072,71746,True,irondragon3072@mail.ru
EpicWolf3073,-847,False,epicwolf3073@hotmail.com
FireFox3074,60652,False,firefox3074@mail.ru
ShadowTiger3075,23110,True,shadowtiger3075@hotmail.com
CoolTiger3076,30601,True,cooltiger3076@mail.ru
MightyFox3077,5424,False,mightyfox3077@hotmail.com
GoldenFox3078,76363,False,goldenfox3078@gmail.com
EpicFox3079,87445,False,epicfox3079@gmail.com
SwiftShark3080,52729,True,swiftshark3080@gmail.com
SwiftBear3081,1566,False,swiftbear3081@outlook.com
IronHawk3082,41132,False,ironhawk3082@outlook.com
DarkTiger3083,18450,True,darktiger3083@outlook.com
CoolFox3084,74433,False,coolfox3084@mail.ru
SilentEagle3085,47873,False,silenteagle3085@hotmail.com
MightyTiger3086,52475,False,mightytiger3086@gmail.com
DarkWolf3087,84463,False,darkwolf3087@yahoo.com
CoolShark3088,54713,False,coolshark3088@hotmail.com
ShadowHawk3089,68659,True,shadowhawk3089@outlook.com
GoldenWolf3090,15619,False,goldenwolf3090@gmail.com
CoolLion3091,82957,False,coollion3091@gmail.com
FireEagle3092,52573,True,fireeagle3092@outlook.com
MightyViper3093,28645,False,mightyviper3093@yahoo.com
SwiftFox3094,77895,False,swiftfox3094@yahoo.com
SwiftFox3095,91800,True,swiftfox3095@yahoo.com
FireShark3096,30455,False,fireshark3096@outlook.com
CoolViper3097,80430,False,coolviper3097@hotmail.com
SilentHawk3098,9933,False,silenthawk3098@mail.ru
DarkDragon3099,12893,True,darkdragon3099@hotmail.com
CoolWolf3100,43035,False,coolwolf3100@mail.ru
DarkLion3101,96942,True,darklion3101@yahoo.com
EpicShark3102,806,False,epicshark3102@outlook.com
FireBear3103,98569,False,firebear3103@yahoo.com
SilentTiger3104,2544,True,silenttiger3104@mail.ru
DarkTiger3105,46567,False,darktiger3105@yahoo.com
ShadowFox3106,32942,False,shadowfox3106@outlook.com
CoolViper3107,47704,False,coolviper3107@mail.ru
DarkTiger3108,62902,True,darktiger3108@gmail.com
FireTiger3109,20554,True,firetiger3109@gmail.com
CoolBear3110,59474,False,coolbear3110@mail.ru
DarkShark3111,28831,True,darkshark3111@outlook.com
ShadowViper3112,16183,False,shadowviper3112@outlook.com
SwiftEagle3113,26946,False,swifteagle3113@hotmail.com
ShadowShark3114,5347,False,shadowshark3114@gmail.com
IronFox3115,90588,False,ironfox3115@hotmail.com
CoolViper3116,46699,False,coolviper3116@gmail.com
SwiftEagle3117,88774,False,swifteagle3117@hotmail.com
DarkHawk3118,33851,False,darkhawk3118@mail.ru
DarkLion3119,17838,False,darklion3119@hotmail.com
MightyHawk3120,12628,False,mightyhawk3120@outlook.com
SwiftEagle3121,-788,False,swifteagle3121@outlook.com
IronFox3122,73310,False,ironfox3122@outlook.com
CoolLion3123,65680,True,coollion3123@outlook.com
CoolEagle3124,17342,False,cooleagle3124@outlook.com
SilentLion3125,43885,False,silentlion3125@hotmail.com
EpicEagle3126,9625,False,epiceagle3126@yahoo.com
FireTiger3127,74611,False,firetiger3127@hotmail.com
MightyDragon3128,87530,True,mightydragon3128@gmail.com
SilentBear3129,64627,False,silentbear3129@gmail.com
EpicTiger3130,96712,False,epictiger3130@yahoo.com
ShadowFox3131,57248,False,shadowfox3131@yahoo.com
GoldenEagle3132,3454,False,goldeneagle3132@hotmail.com
SilentDragon3133,18975,False,silentdragon3133@mail.ru
SilentHawk3134,5059,False,silenthawk3134@gmail.com
GoldenBear3135,85207,False,goldenbear3135@yahoo.com
ShadowViper3136,50063,False,shadowviper3136@yahoo.com
CoolViper3137,25641,False,coolviper3137@gmail.com
FireShark3138,49000,False,fireshark3138@yahoo.com
GoldenTiger3139,43422,False,goldentiger3139@mail.ru
DarkDragon3140,90110,False,darkdragon3140@hotmail.com
FireEagle3141,18812,False,fireeagle3141@hotmail.com
ShadowEagle3142,38748,False,shadoweagle3142@hotmail.com
DarkHawk3143,26897,False,darkhawk3143@outlook.com
GoldenHawk3144,62632,False,goldenhawk3144@yahoo.com
ShadowFox3145,-31,True,shadowfox3145@yahoo.com
DarkDragon3146,88971,False,darkdragon3146@outlook.com
EpicEagle3147,-668,False,epiceagle3147@outlook.com
SilentShark3148,15513,True,silentshark3148@gmail.com
SilentViper3149,59879,False,silentviper3149@hotmail.com
MightyEagle3150,51229,False,mightyeagle3150@gmail.com
FireShark3151,17487,False,fireshark3151@outlook.com
CoolBear3152,84382,True,coolbear3152@yahoo.com
GoldenFox3153,84343,False,goldenfox3153@outlook.com
SilentWolf3154,28687,False,silentwolf3154@outlook.com
EpicDragon3155,5715,True,epicdragon3155@outlook.com
FireBear3156,69051,False,firebear3156@gmail.com
DarkWolf3157,36813,False,darkwolf3157@yahoo.com
EpicShark3158,33653,False,epicshark3158@mail.ru
EpicEagle3159,32052,False,epiceagle3159@outlook.com
MightyViper3160,-456,False,mightyviper3160@yahoo.com
SilentDragon3161,18315,False,silentdragon3161@outlook.com
MightyDragon3162,35138,False,mightydragon3162@mail.ru
ShadowTiger3163,87461,False,shadowtiger3163@yahoo.com
SilentTiger3164,64509,False,silenttiger3164@gmail.com
IronShark3165,6829,False,ironshark3165@gmail.com
CoolBear3166,33917,False,coolbear3166@yahoo.com
EpicViper3167,7436,True,epicviper3167@hotmail.com
ShadowWolf3168,36985,False,shadowwolf3168@yahoo.com
IronFox3169,24473,False,ironfox3169@yahoo.com
GoldenWolf3170,49611,False,goldenwolf3170@outlook.com
GoldenViper3171,8880,False,goldenviper3171@hotmail.com
SwiftBear3172,59255,False,swiftbear3172@gmail.com
CoolViper3173,15257,False,coolviper3173@hotmail.com
IronDragon3174,5763,False,irondragon3174@mail.ru
IronHawk3175,91977,False,ironhawk3175@mail.ru
SilentHawk3176,71469,False,silenthawk3176@mail.ru
ShadowEagle3177,98245,False,shadoweagle3177@mail.ru
IronEagle3178,5175,False,ironeagle3178@mail.ru
DarkTiger3179,60632,False,darktiger3179@hotmail.com
FireEagle3180,78383,False,fireeagle3180@hotmail.com
FireWolf3181,16705,True,firewolf3181@yahoo.com
SilentShark3182,74708,True,silentshark3182@mail.ru
DarkViper3183,66084,False,darkviper3183@mail.ru
SilentViper3184,58558,False,silentviper3184@gmail.com
IronHawk3185,99120,False,ironhawk3185@gmail.com
DarkEagle3186,63092,True,darkeagle3186@mail.ru
DarkEagle3187,26578,False,darkeagle3187@hotmail.com
SilentFox3188,26299,False,silentfox3188@hotmail.com
DarkTiger3189,21285,True,darktiger3189@mail.ru
SilentWolf3190,24382,False,silentwolf3190@mail.ru
FireHawk3191,82922,False,firehawk3191@hotmail.com
IronFox3192,17617,False,ironfox3192@outlook.com
SwiftHawk3193,5884,False,swifthawk3193@hotmail.com
DarkLion3194,41395,False,darklion3194@outlook.com
EpicViper3195,81364,False,epicviper3195@outlook.com
SilentWolf3196,92819,False,silentwolf3196@yahoo.com
ShadowFox3197,29293,False,shadowfox3197@outlook.com
SilentShark3198,22481,False,silentshark3198@hotmail.com
SwiftEagle3199,4798,True,swifteagle3199@gmail.com
GoldenBear3200,21743,False,goldenbear3200@mail.ru
CoolTiger3201,51559,False,cooltiger3201@outlook.com
SilentEagle3202,13020,False,silenteagle3202@yahoo.com
CoolBear3203,87587,False,coolbear3203@mail.ru
ShadowDragon3204,33118,False,shadowdragon3204@yahoo.com
FireEagle3205,24298,False,fireeagle3205@outlook.com
IronFox3206,21914,False,ironfox3206@yahoo.com
ShadowViper3207,28035,False,shadowviper3207@mail.ru
SilentEagle3208,39285,True,silenteagle3208@mail.ru
EpicLion3209,63175,False,epiclion3209@yahoo.com
EpicLion3210,1484,False,epiclion3210@mail.ru
EpicShark3211,180,False,epicshark3211@yahoo.com
DarkEagle3212,21737,False,darkeagle3212@mail.ru
SilentBear3213,46075,False,silentbear3213@mail.ru
DarkWolf3214,23850,False,darkwolf3214@yahoo.com
GoldenBear3215,48611,False,goldenbear3215@yahoo.com
SilentTiger3216,75213,False,silenttiger3216@yahoo.com
ShadowViper3217,29916,False,shadowviper3217@yahoo.com
IronHawk3218,7242,True,ironhawk3218@gmail.com
SilentViper3219,22037,False,silentviper3219@gmail.com
EpicViper3220,68201,False,epicviper3220@mail.ru
EpicLion3221,22170,False,epiclion3221@outlook.com
EpicHawk3222,87888,False,epichawk3222@outlook.com
FireFox3223,94201,False,firefox3223@yahoo.com
FireShark3224,90550,False,fireshark3224@hotmail.com
SilentFox3225,96647,False,silentfox3225@gmail.com
IronHawk3226,30957,False,ironhawk3226@outlook.com
ShadowEagle3227,60193,True,shadoweagle3227@hotmail.com
MightyBear3228,96609,False,mightybear3228@mail.ru
ShadowWolf3229,83538,False,shadowwolf3229@gmail.com
FireShark3230,10489,False,fireshark3230@gmail.com
DarkWolf3231,41248,False,darkwolf3231@hotmail.com
SwiftBear3232,24628,False,swiftbear3232@gmail.com
SwiftLion3233,86018,False,swiftlion3233@gmail.com
SilentLion3234,86436,False,silentlion3234@yahoo.com
SwiftHawk3235,35083,False,swifthawk3235@yahoo.com
GoldenEagle3236,85602,False,goldeneagle3236@outlook.com
IronEagle3237,26189,True,ironeagle3237@yahoo.com
FireWolf3238,59900,False,firewolf3238@mail.ru
MightyLion3239,94220,False,mightylion3239@yahoo.com
EpicTiger3240,69779,False,epictiger3240@mail.ru
CoolWolf3241,-494,True,coolwolf3241@yahoo.com
MightyShark3242,71657,False,mightyshark3242@outlook.com
FireLion3243,4091,False,firelion3243@mail.ru
ShadowWolf3244,96473,False,shadowwolf3244@hotmail.com
GoldenLion3245,73951,True,goldenlion3245@hotmail.com
GoldenHawk3246,82720,False,goldenhawk3246@mail.ru
SwiftViper3247,14150,False,swiftviper3247@outlook.com
EpicDragon3248,41939,False,epicdragon3248@hotmail.com
CoolLion3249,63041,True,coollion3249@yahoo.com
SilentHawk3250,41083,False,silenthawk3250@yahoo.com
EpicEagle3251,31137,False,epiceagle3251@hotmail.com
CoolShark3252,94997,True,coolshark3252@yahoo.com
DarkFox3253,8763,False,darkfox3253@yahoo.com
CoolDragon3254,22254,False,cooldragon3254@mail.ru
SwiftFox3255,41397,False,swiftfox3255@mail.ru
CoolShark3256,29694,True,coolshark3256@mail.ru
FireDragon3257,9443,False,firedragon3257@mail.ru
EpicWolf3258,86935,True,epicwolf3258@mail.ru
MightyDragon3259,75787,False,mightydragon3259@outlook.com
ShadowShark3260,82546,False,shadowshark3260@outlook.com
CoolHawk3261,19837,True,coolhawk3261@yahoo.com
MightyBear3262,75147,False,mightybear3262@mail.ru
IronShark3263,34425,False,ironshark3263@hotmail.com
SilentTiger3264,21620,False,silenttiger3264@hotmail.com
FireHawk3265,83754,True,firehawk3265@yahoo.com
IronDragon3266,58962,False,irondragon3266@mail.ru
EpicFox3267,13111,False,epicfox3267@mail.ru
SilentHawk3268,60585,False,silenthawk3268@hotmail.com
DarkFox3269,26432,False,darkfox3269@mail.ru
FireDragon3270,51816,False,firedragon3270@mail.ru
MightyLion3271,1748,False,mightylion3271@mail.ru
MightyBear3272,18026,False,mightybear3272@outlook.com
EpicViper3273,88004,False,epicviper3273@outlook.com
EpicFox3274,69346,False,epicfox3274@mail.ru
SwiftLion3275,28255,False,swiftlion3275@outlook.com
MightyShark3276,73266,False,mightyshark3276@gmail.com
FireBear3277,7556,True,firebear3277@hotmail.com
EpicShark3278,11224,False,epicshark3278@outlook.com
FireDragon3279,35825,False,firedragon3279@hotmail.com
DarkEagle3280,61912,False,darkeagle3280@mail.ru
DarkDragon3281,73547,False,darkdragon3281@yahoo.com
FireTiger3282,58821,False,firetiger3282@outlook.com
ShadowTiger3283,49413,False,shadowtiger3283@outlook.com
SwiftDragon3284,42771,False,swiftdragon3284@gmail.com
SwiftFox3285,92022,False,swiftfox3285@yahoo.com
GoldenLion3286,87200,False,goldenlion3286@outlook.com
SilentDragon3287,38939,False,silentdragon3287@yahoo.com
MightyDragon3288,64586,True,mightydragon3288@gmail.com
GoldenTiger3289,45540,False,goldentiger3289@outlook.com
FireViper3290,64292,False,fireviper3290@mail.ru
IronHawk3291,4224,False,ironhawk3291@yahoo.com
SwiftHawk3292,81809,False,swifthawk3292@mail.ru
SilentBear3293,65483,False,silentbear3293@gmail.com
ShadowLion3294,67783,False,shadowlion3294@hotmail.com
SwiftHawk3295,31675,False,swifthawk3295@gmail.com
DarkEagle3296,59178,False,darkeagle3296@yahoo.com
SilentShark3297,11702,False,silentshark3297@yahoo.com
IronLion3298,31202,False,ironlion3298@yahoo.com
ShadowTiger3299,67304,True,shadowtiger3299@yahoo.com
CoolEagle3300,39645,True,cooleagle3300@outlook.com
EpicFox3301,50571,False,epicfox3301@yahoo.com
IronBear3302,13573,False,ironbear3302@hotmail.com
IronViper3303,52257,False,ironviper3303@gmail.com
GoldenWolf3304,16910,False,goldenwolf3304@hotmail.com
FireFox3305,64572,False,firefox3305@yahoo.com
IronDragon3306,87734,False,irondragon3306@hotmail.com
ShadowEagle3307,67424,False,shadoweagle3307@yahoo.com
FireWolf3308,74119,False,firewolf3308@gmail.com
GoldenLion3309,45534,False,goldenlion3309@mail.ru
MightyShark3310,44492,False,mightyshark3310@mail.ru
MightyDragon3311,21426,True,mightydragon3311@outlook.com
SilentWolf3312,8371,False,silentwolf3312@yahoo.com
SilentFox3313,5259,False,silentfox3313@hotmail.com
GoldenWolf3314,-343,True,goldenwolf3314@yahoo.com
ShadowLion3315,19781,False,shadowlion3315@outlook.com
GoldenViper3316,46270,False,goldenviper3316@mail.ru
SilentHawk3317,31361,True,silenthawk3317@outlook.com
IronBear3318,90552,False,ironbear3318@outlook.com
EpicHawk3319,3288,False,epichawk3319@mail.ru
FireWolf3320,32612,False,firewolf3320@hotmail.com
GoldenBear3321,98183,True,goldenbear3321@yahoo.com
GoldenBear3322,85015,False,goldenbear3322@yahoo.com
SilentDragon3323,48513,False,silentdragon3323@hotmail.com
SilentFox3324,14396,True,silentfox3324@mail.ru
MightyHawk3325,35476,False,mightyhawk3325@outlook.com
DarkHawk3326,12292,False,darkhawk3326@gmail.com
CoolEagle3327,38093,False,cooleagle3327@gmail.com
SwiftShark3328,3475,False,swiftshark3328@yahoo.com
FireBear3329,62529,False,firebear3329@outlook.com
EpicFox3330,25655,False,epicfox3330@hotmail.com
FireBear3331,28952,False,firebear3331@gmail.com
DarkHawk3332,62679,False,darkhawk3332@hotmail.com
CoolBear3333,11368,False,coolbear3333@gmail.com
DarkLion3334,96236,False,darklion3334@mail.ru
ShadowHawk3335,11854,False,shadowhawk3335@gmail.com
SwiftEagle3336,82918,True,swifteagle3336@mail.ru
ShadowEagle3337,72895,False,shadoweagle3337@mail.ru
FireLion3338,74697,True,firelion3338@hotmail.com
ShadowEagle3339,44234,False,shadoweagle3339@mail.ru
CoolTiger3340,53816,False,cooltiger3340@mail.ru
DarkWolf3341,65695,False,darkwolf3341@yahoo.com
IronWolf3342,19297,False,ironwolf3342@hotmail.com
EpicTiger3343,93816,False,epictiger3343@gmail.com
IronWolf3344,94800,False,ironwolf3344@mail.ru
ShadowTiger3345,58772,False,shadowtiger3345@outlook.com
MightyLion3346,92398,False,mightylion3346@mail.ru
CoolViper3347,80478,False,coolviper3347@outlook.com
DarkLion3348,24637,False,darklion3348@yahoo.com
SwiftViper3349,31774,False,swiftviper3349@outlook.com
MightyWolf3350,90208,False,mightywolf3350@outlook.com
EpicTiger3351,59010,False,epictiger3351@gmail.com
DarkEagle3352,66316,False,darkeagle3352@hotmail.com
ShadowDragon3353,68125,False,shadowdragon3353@outlook.com
SilentDragon3354,57305,False,silentdragon3354@outlook.com
SwiftEagle3355,1702,False,swifteagle3355@hotmail.com
ShadowFox3356,59298,False,shadowfox3356@mail.ru
SilentViper3357,47292,False,silentviper3357@outlook.com
CoolShark3358,44093,False,coolshark3358@yahoo.com
CoolViper3359,38426,True,coolviper3359@mail.ru
SwiftViper3360,73500,False,swiftviper3360@gmail.com
GoldenHawk3361,49351,True,goldenhawk3361@hotmail.com
FireEagle3362,17819,False,fireeagle3362@mail.ru
MightyTiger3363,69591,True,mightytiger3363@hotmail.com
DarkWolf3364,6228,False,darkwolf3364@outlook.com
CoolFox3365,65000,True,coolfox3365@mail.ru
MightyLion3366,34752,False,mightylion3366@mail.ru
IronHawk3367,33703,False,ironhawk3367@yahoo.com
SilentTiger3368,19269,False,silenttiger3368@outlook.com
SwiftWolf3369,27852,False,swiftwolf3369@outlook.com
SilentTiger3370,82102,False,silenttiger3370@mail.ru
CoolEagle3371,12113,False,cooleagle3371@outlook.com
FireHawk3372,17116,False,firehawk3372@gmail.com
CoolDragon3373,11292,False,cooldragon3373@outlook.com
EpicEagle3374,30594,False,epiceagle3374@mail.ru
SilentFox3375,47277,False,silentfox3375@hotmail.com
FireWolf3376,71435,False,firewolf3376@gmail.com
MightyHawk3377,8350,True,mightyhawk3377@mail.ru
SwiftFox3378,85657,True,swiftfox3378@yahoo.com
SwiftHawk3379,61821,True,swifthawk3379@outlook.com
MightyFox3380,58656,False,mightyfox3380@gmail.com
SwiftHawk3381,14516,False,swifthawk3381@mail.ru
SwiftFox3382,26579,False,swiftfox3382@outlook.com
SilentWolf3383,67979,False,silentwolf3383@mail.ru
EpicBear3384,81109,False,epicbear3384@gmail.com
CoolFox3385,74947,False,coolfox3385@hotmail.com
FireTiger3386,94344,False,firetiger3386@outlook.com
ShadowViper3387,53712,False,shadowviper3387@mail.ru
GoldenLion3388,5747,True,goldenlion3388@mail.ru
MightyDragon3389,98134,False,mightydragon3389@hotmail.com
SilentFox3390,49067,True,silentfox3390@gmail.com
ShadowBear3391,76409,False,shadowbear3391@mail.ru
GoldenTiger3392,38183,False,goldentiger3392@gmail.com
EpicEagle3393,-853,False,epiceagle3393@mail.ru
EpicDragon3394,16927,False,epicdragon3394@gmail.com
SilentTiger3395,39269,False,silenttiger3395@yahoo.com
ShadowHawk3396,34313,False,shadowhawk3396@hotmail.com
DarkWolf3397,90296,False,darkwolf3397@outlook.com
MightyFox3398,7204,False,mightyfox3398@gmail.com
IronViper3399,52486,False,ironviper3399@hotmail.com
MightyLion3400,-704,True,mightylion3400@outlook.com
DarkHawk3401,95765,False,darkhawk3401@outlook.com
IronLion3402,8159,False,ironlion3402@outlook.com
IronHawk3403,89971,True,ironhawk3403@mail.ru
EpicBear3404,46183,False,epicbear3404@yahoo.com
ShadowFox3405,48569,False,shadowfox3405@mail.ru
DarkHawk3406,86192,False,darkhawk3406@gmail.com
ShadowShark3407,77389,False,shadowshark3407@hotmail.com
ShadowLion3408,42557,True,shadowlion3408@hotmail.com
GoldenHawk3409,18325,False,goldenhawk3409@outlook.com
EpicWolf3410,11681,False,epicwolf3410@mail.ru
FireWolf3411,75141,False,firewolf3411@mail.ru
GoldenLion3412,22110,True,goldenlion3412@yahoo.com
GoldenLion3413,78757,True,goldenlion3413@hotmail.com
EpicLion3414,61701,False,epiclion3414@mail.ru
IronLion3415,90207,False,ironlion3415@gmail.com
GoldenLion3416,60027,False,goldenlion3416@yahoo.com
IronWolf3417,10392,True,ironwolf3417@yahoo.com
ShadowLion3418,17682,True,shadowlion3418@hotmail.com
ShadowShark3419,54121,False,shadowshark3419@gmail.com
DarkViper3420,32063,False,darkviper3420@mail.ru
CoolEagle3421,4038,False,cooleagle3421@gmail.com
MightyFox3422,95895,True,mightyfox3422@gmail.com
CoolFox3423,58364,True,coolfox3423@yahoo.com
SwiftEagle3424,79590,False,swifteagle3424@yahoo.com
EpicShark3425,64772,False,epicshark3425@gmail.com
GoldenHawk3426,77337,False,goldenhawk3426@outlook.com
MightyShark3427,7464,False,mightyshark3427@yahoo.com
MightyViper3428,97358,False,mightyviper3428@outlook.com
SwiftWolf3429,16624,False,swiftwolf3429@outlook.com
SilentShark3430,55491,False,silentshark3430@yahoo.com
SwiftBear3431,29103,False,swiftbear3431@mail.ru
ShadowFox3432,87864,True,shadowfox3432@mail.ru
DarkFox3433,66994,False,darkfox3433@gmail.com
CoolDragon3434,70133,False,cooldragon3434@yahoo.com
SwiftTiger3435,-240,False,swifttiger3435@hotmail.com
ShadowHawk3436,82598,False,shadowhawk3436@outlook.com
MightyHawk3437,31518,False,mightyhawk3437@mail.ru
CoolLion3438,97472,False,coollion3438@outlook.com
ShadowDragon3439,61551,False,shadowdragon3439@outlook.com
CoolWolf3440,53701,False,coolwolf3440@yahoo.com
ShadowEagle3441,58974,True,shadoweagle3441@gmail.com
DarkBear3442,87500,False,darkbear3442@gmail.com
CoolWolf3443,50375,True,coolwolf3443@mail.ru
GoldenWolf3444,46878,True,goldenwolf3444@outlook.com
FireLion3445,38727,False,firelion3445@outlook.com
EpicDragon3446,27951,True,epicdragon3446@outlook.com
SilentEagle3447,46744,False,silenteagle3447@outlook.com
MightyTiger3448,10595,False,mightytiger3448@mail.ru
EpicTiger3449,51948,True,epictiger3449@gmail.com
SilentShark3450,74655,False,silentshark3450@yahoo.com
CoolFox3451,25952,False,coolfox3451@outlook.com
DarkShark3452,59218,False,darkshark3452@outlook.com
EpicDragon3453,54871,False,epicdragon3453@gmail.com
SilentBear3454,11947,True,silentbear3454@mail.ru
EpicViper3455,42581,False,epicviper3455@hotmail.com
SwiftWolf3456,75758,True,swiftwolf3456@gmail.com
DarkHawk3457,3647,False,darkhawk3457@mail.ru
EpicDragon3458,41721,False,epicdragon3458@gmail.com
IronShark3459,20610,True,ironshark3459@yahoo.com
IronEagle3460,52625,True,ironeagle3460@yahoo.com
IronShark3461,33644,False,ironshark3461@outlook.com
DarkEagle3462,9812,False,darkeagle3462@yahoo.com
SwiftBear3463,88253,False,swiftbear3463@gmail.com
IronViper3464,89565,False,ironviper3464@gmail.com
DarkLion3465,97804,False,darklion3465@mail.ru
SwiftTiger3466,42718,False,swifttiger3466@gmail.com
MightyHawk3467,28425,False,mightyhawk3467@hotmail.com
GoldenBear3468,49940,False,goldenbear3468@gmail.com
GoldenDragon3469,18064,False,goldendragon3469@mail.ru
SilentShark3470,55113,False,silentshark3470@mail.ru
SwiftDragon3471,69772,True,swiftdragon3471@outlook.com
FireLion3472,49195,False,firelion3472@mail.ru
FireHawk3473,85232,False,firehawk3473@outlook.com
SilentViper3474,43296,False,silentviper3474@hotmail.com
GoldenTiger3475,29819,False,goldentiger3475@outlook.com
SilentLion3476,58719,False,silentlion3476@gmail.com
MightyEagle3477,91861,False,mightyeagle3477@mail.ru
ShadowLion3478,40982,True,shadowlion3478@mail.ru
EpicFox3479,11804,False,epicfox3479@yahoo.com
SilentViper3480,98299,False,silentviper3480@hotmail.com
MightyTiger3481,79841,True,mightytiger3481@mail.ru
EpicDragon3482,57018,True,epicdragon3482@yahoo.com
FireDragon3483,7762,False,firedragon3483@yahoo.com
EpicHawk3484,86994,False,epichawk3484@outlook.com
CoolFox3485,97280,False,coolfox3485@gmail.com
CoolFox3486,96826,False,coolfox3486@hotmail.com
ShadowLion3487,37018,False,shadowlion3487@yahoo.com
IronLion3488,62861,False,ironlion3488@mail.ru
SwiftLion3489,16056,False,swiftlion3489@outlook.com
MightyHawk3490,2070,False,mightyhawk3490@yahoo.com
EpicViper3491,19496,True,epicviper3491@gmail.com
ShadowLion3492,96388,False,shadowlion3492@hotmail.com
SilentEagle3493,32528,False,silenteagle3493@mail.ru
FireViper3494,75251,False,fireviper3494@gmail.com
MightyTiger3495,27676,False,mightytiger3495@yahoo.com
CoolDragon3496,8466,False,cooldragon3496@outlook.com
CoolViper3497,89750,False,coolviper3497@outlook.com
ShadowLion3498,31278,False,shadowlion3498@yahoo.com
ShadowWolf3499,55150,False,shadowwolf3499@hotmail.com
GoldenDragon3500,73221,False,goldendragon3500@gmail.com
CoolShark3501,91981,False,coolshark3501@gmail.com
FireHawk3502,8727,False,firehawk3502@outlook.com
ShadowViper3503,16683,False,shadowviper3503@mail.ru
FireWolf3504,7550,False,firewolf3504@hotmail.com
GoldenEagle3505,38912,False,goldeneagle3505@yahoo.com
CoolLion3506,97736,False,coollion3506@mail.ru
ShadowViper3507,61639,False,shadowviper3507@hotmail.com
GoldenEagle3508,76210,False,goldeneagle3508@mail.ru
EpicViper3509,59981,False,epicviper3509@mail.ru
FireWolf3510,70304,True,firewolf3510@mail.ru
EpicShark3511,71115,False,epicshark3511@mail.ru
FireDragon3512,72544,False,firedragon3512@outlook.com
CoolFox3513,81073,False,coolfox3513@hotmail.com
IronBear3514,88360,True,ironbear3514@hotmail.com
EpicHawk3515,34113,False,epichawk3515@yahoo.com
MightyLion3516,28057,False,mightylion3516@yahoo.com
CoolHawk3517,75032,True,coolhawk3517@yahoo.com
EpicHawk3518,75478,False,epichawk3518@mail.ru
EpicViper3519,48648,False,epicviper3519@hotmail.com
FireBear3520,62434,False,firebear3520@hotmail.com
IronViper3521,48871,False,ironviper3521@hotmail.com
EpicTiger3522,71379,False,epictiger3522@mail.ru
CoolDragon3523,40197,False,cooldragon3523@gmail.com
EpicShark3524,43034,False,epicshark3524@outlook.com
MightyLion3525,7541,False,mightylion3525@mail.ru
SilentFox3526,69747,True,silentfox3526@yahoo.com
ShadowEagle3527,63559,False,shadoweagle3527@gmail.com
ShadowShark3528,5031,True,shadowshark3528@yahoo.com
ShadowWolf3529,37891,True,shadowwolf3529@mail.ru
SilentEagle3530,14129,False,silenteagle3530@outlook.com
EpicLion3531,25318,False,epiclion3531@mail.ru
SwiftFox3532,66264,False,swiftfox3532@mail.ru
CoolHawk3533,75403,False,coolhawk3533@hotmail.com
EpicFox3534,46685,False,epicfox3534@outlook.com
SilentBear3535,25504,False,silentbear3535@gmail.com
MightyHawk3536,57094,False,mightyhawk3536@yahoo.com
DarkEagle3537,88059,False,darkeagle3537@hotmail.com
SilentViper3538,31314,False,silentviper3538@hotmail.com
GoldenLion3539,26891,False,goldenlion3539@yahoo.com
FireShark3540,21599,False,fireshark3540@mail.ru
CoolBear3541,50908,True,coolbear3541@mail.ru
FireDragon3542,85350,False,firedragon3542@yahoo.com
FireFox3543,60145,False,firefox3543@gmail.com
GoldenWolf3544,90321,False,goldenwolf3544@hotmail.com
CoolLion3545,50045,False,coollion3545@mail.ru
DarkDragon3546,8233,False,darkdragon3546@mail.ru
ShadowShark3547,14740,False,shadowshark3547@mail.ru
DarkShark3548,68900,False,darkshark3548@gmail.com
ShadowLion3549,16121,False,shadowlion3549@mail.ru
FireFox3550,65867,False,firefox3550@yahoo.com
SilentFox3551,25507,False,silentfox3551@hotmail.com
MightyFox3552,59696,False,mightyfox3552@mail.ru
GoldenEagle3553,35312,True,goldeneagle3553@gmail.com
SilentBear3554,18827,False,silentbear3554@mail.ru
EpicTiger3555,14618,True,epictiger3555@yahoo.com
EpicLion3556,17740,False,epiclion3556@mail.ru
IronDragon3557,17074,False,irondragon3557@gmail.com
GoldenEagle3558,21085,False,goldeneagle3558@yahoo.com
FireFox3559,52517,False,firefox3559@gmail.com
ShadowShark3560,26721,False,shadowshark3560@outlook.com
SwiftLion3561,21324,True,swiftlion3561@gmail.com
SilentFox3562,25342,True,silentfox3562@gmail.com
CoolLion3563,70208,False,coollion3563@hotmail.com
MightyViper3564,58445,False,mightyviper3564@gmail.com
SwiftWolf3565,77683,False,swiftwolf3565@gmail.com
EpicShark3566,13906,False,epicshark3566@hotmail.com
ShadowViper3567,47973,False,shadowviper3567@hotmail.com
CoolHawk3568,46590,True,coolhawk3568@yahoo.com
DarkFox3569,5627,False,darkfox3569@hotmail.com
DarkFox3570,86778,False,darkfox3570@yahoo.com
ShadowShark3571,17317,False,shadowshark3571@hotmail.com
CoolTiger3572,52025,True,cooltiger3572@gmail.com
DarkShark3573,1635,False,darkshark3573@outlook.com
SwiftLion3574,31549,False,swiftlion3574@yahoo.com
EpicFox3575,21443,False,epicfox3575@outlook.com
MightyBear3576,87357,True,mightybear3576@hotmail.com
ShadowBear3577,61752,False,shadowbear3577@outlook.com
SwiftViper3578,76849,False,swiftviper3578@yahoo.com
GoldenViper3579,1683,False,goldenviper3579@yahoo.com
FireTiger3580,47100,False,firetiger3580@yahoo.com
IronHawk3581,11915,False,ironhawk3581@gmail.com
IronFox3582,73370,True,ironfox3582@outlook.com
DarkHawk3583,99684,False,darkhawk3583@gmail.com
EpicHawk3584,12267,True,epichawk3584@mail.ru
SilentViper3585,15331,True,silentviper3585@outlook.com
ShadowTiger3586,96455,False,shadowtiger3586@mail.ru
SwiftLion3587,99539,False,swiftlion3587@hotmail.com
SwiftLion3588,24587,False,swiftlion3588@mail.ru
SwiftShark3589,11969,False,swiftshark3589@mail.ru
ShadowBear3590,3852,False,shadowbear3590@hotmail.com
SwiftFox3591,80462,False,swiftfox3591@hotmail.com
EpicWolf3592,56106,False,epicwolf3592@outlook.com
SwiftShark3593,38052,False,swiftshark3593@mail.ru
EpicDragon3594,34532,False,epicdragon3594@gmail.com
IronFox3595,79278,True,ironfox3595@yahoo.com
EpicHawk3596,20148,False,epichawk3596@outlook.com
IronWolf3597,86345,False,ironwolf3597@gmail.com
IronHawk3598,89780,False,ironhawk3598@gmail.com
CoolEagle3599,94419,False,cooleagle3599@hotmail.com
IronViper3600,99161,False,ironviper3600@gmail.com
FireBear3601,94396,True,firebear3601@gmail.com
CoolHawk3602,934,False,coolhawk3602@gmail.com
MightyEagle3603,60838,False,mightyeagle3603@outlook.com
ShadowTiger3604,83870,True,shadowtiger3604@mail.ru
GoldenShark3605,95333,False,goldenshark3605@gmail.com
IronTiger3606,98010,False,irontiger3606@hotmail.com
EpicDragon3607,34527,False,epicdragon3607@outlook.com
CoolDragon3608,44235,False,cooldragon3608@yahoo.com
FireShark3609,64924,True,fireshark3609@gmail.com
DarkBear3610,60405,False,darkbear3610@mail.ru
EpicWolf3611,84844,False,epicwolf3611@outlook.com
ShadowDragon3612,78383,False,shadowdragon3612@yahoo.com
ShadowBear3613,58509,False,shadowbear3613@outlook.com
CoolWolf3614,93504,False,coolwolf3614@mail.ru
CoolEagle3615,74027,False,cooleagle3615@yahoo.com
GoldenHawk3616,31013,False,goldenhawk3616@hotmail.com
IronLion3617,14946,False,ironlion3617@hotmail.com
SilentTiger3618,51371,False,silenttiger3618@yahoo.com
SilentBear3619,3357,False,silentbear3619@outlook.com
SwiftWolf3620,77487,False,swiftwolf3620@outlook.com
SilentBear3621,42658,True,silentbear3621@hotmail.com
SilentDragon3622,63061,True,silentdragon3622@outlook.com
ShadowBear3623,53084,False,shadowbear3623@gmail.com
SilentWolf3624,72337,False,silentwolf3624@hotmail.com
GoldenLion3625,58363,False,goldenlion3625@gmail.com
CoolLion3626,17463,False,coollion3626@outlook.com
EpicFox3627,94479,False,epicfox3627@gmail.com
CoolTiger3628,47619,False,cooltiger3628@hotmail.com
EpicDragon3629,58895,True,epicdragon3629@gmail.com
GoldenFox3630,64174,False,goldenfox3630@outlook.com
MightyHawk3631,71216,False,mightyhawk3631@yahoo.com
SwiftDragon3632,3313,False,swiftdragon3632@mail.ru
ShadowWolf3633,87405,False,shadowwolf3633@outlook.com
ShadowShark3634,66089,True,shadowshark3634@outlook.com
FireWolf3635,67143,False,firewolf3635@mail.ru
SilentHawk3636,12253,True,silenthawk3636@hotmail.com
GoldenWolf3637,64738,False,goldenwolf3637@hotmail.com
FireDragon3638,3059,False,firedragon3638@gmail.com
SwiftEagle3639,16982,True,swifteagle3639@mail.ru
EpicEagle3640,4340,False,epiceagle3640@hotmail.com
FireFox3641,5845,False,firefox3641@hotmail.com
SilentHawk3642,62086,True,silenthawk3642@outlook.com
FireFox3643,956,False,firefox3643@gmail.com
DarkFox3644,19921,False,darkfox3644@hotmail.com
DarkShark3645,90555,False,darkshark3645@hotmail.com
FireBear3646,6094,False,firebear3646@hotmail.com
ShadowFox3647,49106,False,shadowfox3647@hotmail.com
SilentEagle3648,92664,False,silenteagle3648@hotmail.com
ShadowFox3649,32192,False,shadowfox3649@hotmail.com
CoolFox3650,62877,False,coolfox3650@gmail.com
DarkLion3651,99619,False,darklion3651@outlook.com
SwiftDragon3652,45177,False,swiftdragon3652@gmail.com
GoldenWolf3653,62305,True,goldenwolf3653@mail.ru
SilentWolf3654,21489,False,silentwolf3654@mail.ru
MightyEagle3655,426,False,mightyeagle3655@gmail.com
MightyLion3656,42715,False,mightylion3656@hotmail.com
MightyDragon3657,63945,True,mightydragon3657@gmail.com
IronWolf3658,8071,False,ironwolf3658@outlook.com
CoolShark3659,99168,False,coolshark3659@outlook.com
SwiftViper3660,58900,False,swiftviper3660@yahoo.com
MightyLion3661,47175,False,mightylion3661@outlook.com
MightyEagle3662,86291,False,mightyeagle3662@yahoo.com
SwiftBear3663,46226,False,swiftbear3663@mail.ru
SwiftFox3664,29094,False,swiftfox3664@hotmail.com
ShadowDragon3665,35523,True,shadowdragon3665@hotmail.com
SilentFox3666,51584,False,silentfox3666@outlook.com
DarkLion3667,50804,False,darklion3667@outlook.com
EpicShark3668,2202,False,epicshark3668@mail.ru
CoolViper3669,67635,False,coolviper3669@hotmail.com
GoldenViper3670,7741,False,goldenviper3670@outlook.com
EpicEagle3671,36506,False,epiceagle3671@yahoo.com
CoolFox3672,67165,False,coolfox3672@mail.ru
GoldenEagle3673,41244,False,goldeneagle3673@yahoo.com
CoolLion3674,90466,False,coollion3674@mail.ru
DarkEagle3675,86341,False,darkeagle3675@hotmail.com
SwiftLion3676,68918,False,swiftlion3676@gmail.com
ShadowWolf3677,20106,False,shadowwolf3677@hotmail.com
ShadowFox3678,41570,True,shadowfox3678@mail.ru
IronWolf3679,48773,False,ironwolf3679@outlook.com
GoldenFox3680,44155,False,goldenfox3680@mail.ru
SilentHawk3681,17696,False,silenthawk3681@gmail.com
SilentHawk3682,61917,False,silenthawk3682@gmail.com
DarkTiger3683,8055,False,darktiger3683@outlook.com
MightyDragon3684,967,False,mightydragon3684@mail.ru
EpicBear3685,63068,False,epicbear3685@gmail.com
GoldenShark3686,32081,False,goldenshark3686@hotmail.com
DarkFox3687,73990,False,darkfox3687@mail.ru
CoolHawk3688,-434,True,coolhawk3688@yahoo.com
DarkFox3689,92015,False,darkfox3689@hotmail.com
EpicViper3690,-785,True,epicviper3690@hotmail.com
SwiftEagle3691,77212,True,swifteagle3691@mail.ru
FireShark3692,35665,False,fireshark3692@gmail.com
IronHawk3693,41648,False,ironhawk3693@hotmail.com
DarkEagle3694,52106,False,darkeagle3694@gmail.com
ShadowEagle3695,23456,False,shadoweagle3695@yahoo.com
SilentFox3696,48710,True,silentfox3696@mail.ru
SilentWolf3697,28295,False,silentwolf3697@hotmail.com
FireViper3698,69181,False,fireviper3698@outlook.com
EpicShark3699,88178,False,epicshark3699@outlook.com
CoolShark3700,5757,False,coolshark3700@gmail.com
SwiftTiger3701,284,False,swifttiger3701@mail.ru
SwiftEagle3702,91632,False,swifteagle3702@outlook.com
EpicBear3703,64496,False,epicbear3703@outlook.com
FireViper3704,4554,False,fireviper3704@hotmail.com
EpicWolf3705,57402,False,epicwolf3705@gmail.com
CoolViper3706,74567,False,coolviper3706@gmail.com
SwiftFox3707,13915,False,swiftfox3707@outlook.com
FireDragon3708,63166,False,firedragon3708@yahoo.com
SilentShark3709,25001,False,silentshark3709@gmail.com
DarkEagle3710,13312,False,darkeagle3710@mail.ru
DarkFox3711,26009,False,darkfox3711@mail.ru
CoolHawk3712,47430,False,coolhawk3712@gmail.com
GoldenTiger3713,-881,False,goldentiger3713@yahoo.com
FireBear3714,37672,False,firebear3714@yahoo.com
MightyFox3715,82703,False,mightyfox3715@gmail.com
GoldenLion3716,36582,False,goldenlion3716@hotmail.com
SilentEagle3717,30716,False,silenteagle3717@mail.ru
IronDragon3718,82495,False,irondragon3718@yahoo.com
DarkBear3719,20720,False,darkbear3719@mail.ru
FireLion3720,37778,False,firelion3720@yahoo.com
GoldenEagle3721,67950,True,goldeneagle3721@yahoo.com
ShadowBear3722,44783,True,shadowbear3722@yahoo.com
MightyFox3723,97538,False,mightyfox3723@outlook.com
EpicLion3724,31638,False,epiclion3724@yahoo.com
IronEagle3725,98227,False,ironeagle3725@yahoo.com
EpicEagle3726,9405,False,epiceagle3726@hotmail.com
GoldenWolf3727,50710,False,goldenwolf3727@hotmail.com
EpicTiger3728,-271,False,epictiger3728@mail.ru
FireHawk3729,11614,False,firehawk3729@mail.ru
SilentViper3730,18646,False,silentviper3730@yahoo.com
EpicShark3731,81046,False,epicshark3731@outlook.com
CoolWolf3732,32156,False,coolwolf3732@outlook.com
DarkFox3733,-44,True,darkfox3733@outlook.com
ShadowWolf3734,75023,False,shadowwolf3734@outlook.com
ShadowFox3735,95948,False,shadowfox3735@gmail.com
ShadowHawk3736,83791,True,shadowhawk3736@gmail.com
DarkTiger3737,79956,False,darktiger3737@outlook.com
SilentShark3738,12614,False,silentshark3738@yahoo.com
DarkDragon3739,87320,False,darkdragon3739@mail.ru
FireBear3740,19711,False,firebear3740@mail.ru
MightyBear3741,20174,False,mightybear3741@outlook.com
GoldenEagle3742,11808,False,goldeneagle3742@outlook.com
ShadowFox3743,91102,False,shadowfox3743@yahoo.com
GoldenBear3744,52437,False,goldenbear3744@yahoo.com
DarkDragon3745,58043,False,darkdragon3745@yahoo.com
MightyShark3746,47663,False,mightyshark3746@hotmail.com
SilentWolf3747,56409,False,silentwolf3747@gmail.com
CoolViper3748,40997,False,coolviper3748@hotmail.com
CoolShark3749,83165,False,coolshark3749@outlook.com
SilentHawk3750,21334,False,silenthawk3750@hotmail.com
CoolBear3751,26754,False,coolbear3751@mail.ru
DarkLion3752,63288,False,darklion3752@gmail.com
GoldenShark3753,34835,False,goldenshark3753@mail.ru
SwiftHawk3754,20592,False,swifthawk3754@mail.ru
GoldenFox3755,54400,False,goldenfox3755@yahoo.com
EpicDragon3756,77586,False,epicdragon3756@gmail.com
MightyShark3757,1649,False,mightyshark3757@yahoo.com
CoolDragon3758,53019,False,cooldragon3758@mail.ru
SilentBear3759,24728,False,silentbear3759@yahoo.com
DarkWolf3760,63863,False,darkwolf3760@yahoo.com
IronTiger3761,70013,False,irontiger3761@hotmail.com
SwiftTiger3762,80223,False,swifttiger3762@gmail.com
SilentViper3763,79820,False,silentviper3763@mail.ru
SwiftBear3764,12925,False,swiftbear3764@mail.ru
GoldenHawk3765,54402,False,goldenhawk3765@outlook.com
DarkWolf3766,56409,False,darkwolf3766@mail.ru
SilentFox3767,65104,False,silentfox3767@outlook.com
SwiftWolf3768,62110,False,swiftwolf3768@outlook.com
CoolShark3769,29686,False,coolshark3769@outlook.com
IronHawk3770,52526,True,ironhawk3770@gmail.com
SilentShark3771,18157,False,silentshark3771@outlook.com
GoldenShark3772,2993,False,goldenshark3772@outlook.com
FireWolf3773,41175,False,firewolf3773@hotmail.com
SwiftHawk3774,49772,False,swifthawk3774@outlook.com
GoldenHawk3775,30692,False,goldenhawk3775@yahoo.com
DarkShark3776,12625,False,darkshark3776@outlook.com
EpicLion3777,99047,False,epiclion3777@yahoo.com
EpicEagle3778,25684,False,epiceagle3778@yahoo.com
SilentEagle3779,81010,False,silenteagle3779@gmail.com
EpicWolf3780,30,False,epicwolf3780@hotmail.com
CoolHawk3781,22577,False,coolhawk3781@gmail.com
SwiftLion3782,82484,True,swiftlion3782@yahoo.com
FireHawk3783,81592,False,firehawk3783@mail.ru
DarkBear3784,96349,False,darkbear3784@yahoo.com
GoldenShark3785,7157,False,goldenshark3785@outlook.com
ShadowShark3786,55152,False,shadowshark3786@hotmail.com
SilentViper3787,55291,False,silentviper3787@hotmail.com
MightyDragon3788,13407,True,mightydragon3788@gmail.com
CoolDragon3789,89085,False,cooldragon3789@gmail.com
SilentTiger3790,76600,True,silenttiger3790@outlook.com
EpicShark3791,97860,False,epicshark3791@outlook.com
SilentDragon3792,20643,True,silentdragon3792@outlook.com
SwiftWolf3793,11085,True,swiftwolf3793@hotmail.com
CoolTiger3794,68251,True,cooltiger3794@mail.ru
SwiftShark3795,47400,False,swiftshark3795@gmail.com
MightyTiger3796,66176,False,mightytiger3796@outlook.com
FireTiger3797,11568,False,firetiger3797@gmail.com
MightyEagle3798,71591,True,mightyeagle3798@hotmail.com
ShadowDragon3799,44944,False,shadowdragon3799@yahoo.com
MightyFox3800,5202,False,mightyfox3800@mail.ru
FireFox3801,86330,False,firefox3801@mail.ru
SilentLion3802,14106,False,silentlion3802@hotmail.com
MightyDragon3803,26757,False,mightydragon3803@yahoo.com
ShadowBear3804,56858,True,shadowbear3804@outlook.com
GoldenLion3805,67460,False,goldenlion3805@yahoo.com
IronDragon3806,87031,True,irondragon3806@yahoo.com
EpicViper3807,28171,False,epicviper3807@yahoo.com
GoldenLion3808,47575,True,goldenlion3808@mail.ru
SwiftDragon3809,40673,False,swiftdragon3809@mail.ru
MightyShark3810,64394,False,mightyshark3810@yahoo.com
IronDragon3811,9414,False,irondragon3811@mail.ru
FireDragon3812,60557,False,firedragon3812@yahoo.com
FireWolf3813,26730,False,firewolf3813@hotmail.com
SilentFox3814,26368,False,silentfox3814@hotmail.com
SilentDragon3815,33300,True,silentdragon3815@outlook.com
GoldenEagle3816,71143,False,goldeneagle3816@gmail.com
SilentFox3817,60869,True,silentfox3817@yahoo.com
SilentHawk3818,26933,False,silenthawk3818@mail.ru
IronShark3819,30066,False,ironshark3819@yahoo.com
SwiftLion3820,88593,False,swiftlion3820@outlook.com
DarkBear3821,10475,False,darkbear3821@yahoo.com
SwiftHawk3822,98437,False,swifthawk3822@hotmail.com
IronShark3823,96809,False,ironshark3823@mail.ru
EpicViper3824,21126,False,epicviper3824@hotmail.com
SilentShark3825,91552,False,silentshark3825@gmail.com
EpicShark3826,2936,False,epicshark3826@yahoo.com
FireEagle3827,58551,False,fireeagle3827@mail.ru
FireHawk3828,34905,False,firehawk3828@yahoo.com
CoolDragon3829,2926,False,cooldragon3829@hotmail.com
GoldenDragon3830,48223,True,goldendragon3830@outlook.com
ShadowTiger3831,17536,False,shadowtiger3831@gmail.com
MightyEagle3832,70779,True,mightyeagle3832@mail.ru
FireDragon3833,27782,False,firedragon3833@outlook.com
FireHawk3834,2801,False,firehawk3834@yahoo.com
MightyLion3835,87701,False,mightylion3835@mail.ru
SilentShark3836,28371,False,silentshark3836@hotmail.com
SilentEagle3837,51247,False,silenteagle3837@outlook.com
MightyLion3838,93484,True,mightylion3838@gmail.com
EpicViper3839,85998,False,epicviper3839@mail.ru
DarkBear3840,7268,False,darkbear3840@yahoo.com
ShadowEagle3841,87030,False,shadoweagle3841@gmail.com
EpicFox3842,98900,False,epicfox3842@mail.ru
EpicLion3843,43045,False,epiclion3843@hotmail.com
CoolHawk3844,92391,False,coolhawk3844@mail.ru
SilentBear3845,2211,False,silentbear3845@gmail.com
FireEagle3846,5781,False,fireeagle3846@gmail.com
CoolLion3847,61031,False,coollion3847@gmail.com
MightyDragon3848,11145,False,mightydragon3848@outlook.com
CoolDragon3849,68515,False,cooldragon3849@outlook.com
MightyWolf3850,67352,False,mightywolf3850@mail.ru
FireShark3851,39800,True,fireshark3851@hotmail.com
EpicTiger3852,50575,False,epictiger3852@yahoo.com
DarkViper3853,57715,False,darkviper3853@hotmail.com
IronShark3854,5866,False,ironshark3854@outlook.com
SilentLion3855,96013,True,silentlion3855@outlook.com
DarkShark3856,96108,False,darkshark3856@hotmail.com
SwiftShark3857,22557,True,swiftshark3857@outlook.com
EpicTiger3858,79247,False,epictiger3858@hotmail.com
CoolViper3859,59693,False,coolviper3859@hotmail.com
SwiftHawk3860,47182,False,swifthawk3860@outlook.com
MightyDragon3861,88920,False,mightydragon3861@hotmail.com
FireFox3862,83551,False,firefox3862@yahoo.com
GoldenViper3863,72680,False,goldenviper3863@yahoo.com
CoolViper3864,10474,True,coolviper3864@outlook.com
SilentFox3865,71344,False,silentfox3865@yahoo.com
EpicDragon3866,8110,False,epicdragon3866@yahoo.com
ShadowBear3867,43601,False,shadowbear3867@outlook.com
SwiftEagle3868,27645,False,swifteagle3868@gmail.com
SilentShark3869,26084,False,silentshark3869@yahoo.com
CoolBear3870,96276,False,coolbear3870@hotmail.com
ShadowFox3871,82513,False,shadowfox3871@yahoo.com
ShadowLion3872,76541,True,shadowlion3872@outlook.com
SwiftHawk3873,97904,False,swifthawk3873@yahoo.com
FireDragon3874,45224,True,firedragon3874@yahoo.com
MightyTiger3875,73328,False,mightytiger3875@gmail.com
GoldenViper3876,2223,True,goldenviper3876@yahoo.com
IronEagle3877,71208,False,ironeagle3877@outlook.com
CoolWolf3878,80244,False,coolwolf3878@yahoo.com
FireBear3879,99587,False,firebear3879@outlook.com
IronBear3880,11260,False,ironbear3880@hotmail.com
DarkBear3881,90720,False,darkbear3881@outlook.com
GoldenLion3882,13996,False,goldenlion3882@hotmail.com
DarkBear3883,60586,True,darkbear3883@outlook.com
SilentLion3884,19490,False,silentlion3884@outlook.com
DarkViper3885,39640,False,darkviper3885@gmail.com
FireBear3886,65557,False,firebear3886@yahoo.com
SwiftShark3887,6802,True,swiftshark3887@outlook.com
EpicViper3888,57111,False,epicviper3888@hotmail.com
DarkShark3889,67591,False,darkshark3889@outlook.com
SwiftFox3890,32259,False,swiftfox3890@yahoo.com
DarkTiger3891,46604,False,darktiger3891@yahoo.com
EpicHawk3892,1219,False,epichawk3892@hotmail.com
DarkFox3893,4201,False,darkfox3893@hotmail.com
GoldenDragon3894,41253,True,goldendragon3894@outlook.com
EpicDragon3895,87628,True,epicdragon3895@gmail.com
IronWolf3896,67016,False,ironwolf3896@mail.ru
SilentLion3897,89458,False,silentlion3897@mail.ru
IronEagle3898,35557,False,ironeagle3898@hotmail.com
SilentLion3899,68377,False,silentlion3899@gmail.com
DarkLion3900,10101,False,darklion3900@hotmail.com
MightyHawk3901,74297,False,mightyhawk3901@outlook.com
GoldenHawk3902,-167,True,goldenhawk3902@outlook.com
IronBear3903,12833,False,ironbear3903@gmail.com
SwiftLion3904,76136,True,swiftlion3904@mail.ru
EpicShark3905,78370,False,epicshark3905@mail.ru
MightyHawk3906,722,False,mightyhawk3906@outlook.com
MightyHawk3907,93777,True,mightyhawk3907@outlook.com
DarkLion3908,8323,False,darklion3908@mail.ru
MightyLion3909,11541,False,mightylion3909@mail.ru
ShadowWolf3910,82316,False,shadowwolf3910@mail.ru
CoolShark3911,87854,False,coolshark3911@mail.ru
SwiftLion3912,22404,False,swiftlion3912@outlook.com
SwiftWolf3913,95651,True,swiftwolf3913@outlook.com
SwiftEagle3914,63039,False,swifteagle3914@gmail.com
FireViper3915,93777,False,fireviper3915@yahoo.com
DarkBear3916,39852,False,darkbear3916@mail.ru
DarkEagle3917,36099,False,darkeagle3917@mail.ru
IronLion3918,19515,False,ironlion3918@mail.ru
SilentEagle3919,67999,False,silenteagle3919@hotmail.com
FireLion3920,98242,False,firelion3920@gmail.com
ShadowWolf3921,21153,False,shadowwolf3921@gmail.com
MightyViper3922,75538,False,mightyviper3922@yahoo.com
MightyBear3923,44813,False,mightybear3923@outlook.com
MightyDragon3924,66556,False,mightydragon3924@yahoo.com
SwiftBear3925,80727,False,swiftbear3925@yahoo.com
FireWolf3926,15438,True,firewolf3926@hotmail.com
FireLion3927,5130,False,firelion3927@mail.ru
DarkDragon3928,6855,True,darkdragon3928@hotmail.com
SilentLion3929,97356,False,silentlion3929@outlook.com
DarkWolf3930,71215,False,darkwolf3930@gmail.com
DarkDragon3931,39242,False,darkdragon3931@outlook.com
SwiftViper3932,19912,False,swiftviper3932@hotmail.com
MightyLion3933,55989,True,mightylion3933@mail.ru
SilentTiger3934,73480,False,silenttiger3934@yahoo.com
CoolTiger3935,92808,True,cooltiger3935@gmail.com
MightyTiger3936,42669,True,mightytiger3936@mail.ru
CoolLion3937,2565,False,coollion3937@gmail.com
GoldenEagle3938,89301,False,goldeneagle3938@outlook.com
MightyDragon3939,9067,False,mightydragon3939@hotmail.com
MightyTiger3940,87302,False,mightytiger3940@outlook.com
FireHawk3941,85394,False,firehawk3941@mail.ru
FireFox3942,53770,False,firefox3942@mail.ru
CoolShark3943,96593,False,coolshark3943@gmail.com
MightyLion3944,88100,False,mightylion3944@yahoo.com
FireDragon3945,33523,False,firedragon3945@gmail.com
FireLion3946,91298,False,firelion3946@yahoo.com
IronEagle3947,59635,False,ironeagle3947@outlook.com
MightyDragon3948,97412,False,mightydragon3948@hotmail.com
GoldenWolf3949,70726,False,goldenwolf3949@hotmail.com
DarkBear3950,62136,False,darkbear3950@outlook.com
MightyViper3951,34623,False,mightyviper3951@mail.ru
EpicTiger3952,86905,True,epictiger3952@hotmail.com
EpicFox3953,53794,False,epicfox3953@gmail.com
GoldenTiger3954,27033,False,goldentiger3954@mail.ru
DarkEagle3955,45998,False,darkeagle3955@gmail.com
FireViper3956,17147,False,fireviper3956@outlook.com
SwiftBear3957,9464,True,swiftbear3957@outlook.com
ShadowLion3958,49261,False,shadowlion3958@yahoo.com
MightyEagle3959,11630,False,mightyeagle3959@yahoo.com
SwiftTiger3960,65381,False,swifttiger3960@hotmail.com
IronEagle3961,3092,False,ironeagle3961@hotmail.com
IronLion3962,24044,False,ironlion3962@gmail.com
GoldenShark3963,62649,True,goldenshark3963@hotmail.com
SilentBear3964,21466,False,silentbear3964@hotmail.com
FireEagle3965,36061,False,fireeagle3965@hotmail.com
EpicHawk3966,16521,False,epichawk3966@yahoo.com
SwiftTiger3967,57086,False,swifttiger3967@yahoo.com
ShadowHawk3968,85591,False,shadowhawk3968@gmail.com
MightyEagle3969,82645,True,mightyeagle3969@outlook.com
SwiftWolf3970,58494,True,swiftwolf3970@outlook.com
FireBear3971,46363,False,firebear3971@hotmail.com
CoolEagle3972,81745,False,cooleagle3972@outlook.com
ShadowDragon3973,81070,False,shadowdragon3973@hotmail.com
IronShark3974,44923,False,ironshark3974@yahoo.com
GoldenViper3975,52545,False,goldenviper3975@gmail.com
CoolHawk3976,40835,True,coolhawk3976@mail.ru
SilentDragon3977,11709,True,silentdragon3977@mail.ru
GoldenWolf3978,85195,True,goldenwolf3978@yahoo.com
MightyHawk3979,52590,False,mightyhawk3979@yahoo.com
FireTiger3980,41284,False,firetiger3980@hotmail.com
CoolFox3981,12396,False,coolfox3981@mail.ru
ShadowBear3982,57095,False,shadowbear3982@hotmail.com
DarkShark3983,35519,True,darkshark3983@outlook.com
IronBear3984,42823,False,ironbear3984@gmail.com
SwiftBear3985,61597,False,swiftbear3985@gmail.com
EpicViper3986,55947,False,epicviper3986@mail.ru
CoolEagle3987,62332,False,cooleagle3987@outlook.com
IronLion3988,81149,False,ironlion3988@hotmail.com
IronTiger3989,35444,False,irontiger3989@mail.ru
SilentBear3990,94174,False,silentbear3990@mail.ru
EpicDragon3991,15118,False,epicdragon3991@mail.ru
IronLion3992,5543,False,ironlion3992@gmail.com
SwiftLion3993,7127,False,swiftlion3993@mail.ru
SilentWolf3994,20107,False,silentwolf3994@outlook.com
GoldenDragon3995,98628,True,goldendragon3995@outlook.com
IronFox3996,78009,False,ironfox3996@mail.ru
MightyShark3997,37604,True,mightyshark3997@yahoo.com
SwiftViper3998,69749,False,swiftviper3998@hotmail.com
IronFox3999,98702,False,ironfox3999@hotmail.com
GoldenLion4000,42771,False,goldenlion4000@hotmail.com
EpicTiger4001,68283,False,epictiger4001@yahoo.com
CoolDragon4002,74635,False,cooldragon4002@yahoo.com
EpicShark4003,8882,False,epicshark4003@yahoo.com
FireEagle4004,50370,False,fireeagle4004@yahoo.com
SilentShark4005,12367,False,silentshark4005@yahoo.com
DarkWolf4006,70599,False,darkwolf4006@hotmail.com
DarkWolf4007,15609,True,darkwolf4007@mail.ru
CoolViper4008,83843,False,coolviper4008@hotmail.com
SwiftViper4009,32811,False,swiftviper4009@mail.ru
SwiftDragon4010,69938,False,swiftdragon4010@mail.ru
EpicEagle4011,23439,False,epiceagle4011@yahoo.com
FireHawk4012,71448,True,firehawk4012@yahoo.com
FireFox4013,49613,False,firefox4013@hotmail.com
EpicFox4014,32483,False,epicfox4014@hotmail.com
ShadowBear4015,52702,False,shadowbear4015@gmail.com
MightyHawk4016,19981,False,mightyhawk4016@hotmail.com
DarkLion4017,86468,True,darklion4017@mail.ru
DarkFox4018,15730,False,darkfox4018@gmail.com
SwiftWolf4019,71832,True,swiftwolf4019@yahoo.com
FireDragon4020,48002,False,firedragon4020@mail.ru
DarkBear4021,81742,False,darkbear4021@gmail.com
SilentShark4022,17681,False,silentshark4022@hotmail.com
MightyViper4023,23682,True,mightyviper4023@mail.ru
GoldenEagle4024,56980,False,goldeneagle4024@yahoo.com
FireHawk4025,88381,False,firehawk4025@mail.ru
CoolEagle4026,26158,True,cooleagle4026@mail.ru
MightyDragon4027,37820,False,mightydragon4027@hotmail.com
SwiftEagle4028,53850,True,swifteagle4028@gmail.com
DarkEagle4029,91061,False,darkeagle4029@yahoo.com
ShadowBear4030,71983,False,shadowbear4030@outlook.com
DarkLion4031,57983,False,darklion4031@gmail.com
FireBear4032,63728,False,firebear4032@mail.ru
DarkTiger4033,14700,False,darktiger4033@outlook.com
CoolFox4034,47936,False,coolfox4034@hotmail.com
ShadowViper4035,90988,False,shadowviper4035@outlook.com
SilentShark4036,11053,True,silentshark4036@gmail.com
MightyHawk4037,45087,False,mightyhawk4037@hotmail.com
IronFox4038,74843,False,ironfox4038@yahoo.com
GoldenFox4039,79692,False,goldenfox4039@gmail.com
DarkLion4040,8514,False,darklion4040@outlook.com
DarkDragon4041,31166,False,darkdragon4041@gmail.com
GoldenLion4042,49669,False,goldenlion4042@outlook.com
DarkBear4043,8296,False,darkbear4043@yahoo.com
SwiftBear4044,88743,False,swiftbear4044@gmail.com
GoldenViper4045,57498,False,goldenviper4045@hotmail.com
GoldenFox4046,82950,False,goldenfox4046@yahoo.com
IronWolf4047,23595,True,ironwolf4047@yahoo.com
FireBear4048,10718,False,firebear4048@yahoo.com
CoolTiger4049,76095,False,cooltiger4049@mail.ru
GoldenViper4050,84780,False,goldenviper4050@outlook.com
ShadowFox4051,26557,False,shadowfox4051@hotmail.com
ShadowFox4052,23440,False,shadowfox4052@outlook.com
FireDragon4053,19007,False,firedragon4053@yahoo.com
SwiftEagle4054,49185,True,swifteagle4054@mail.ru
IronFox4055,28375,False,ironfox4055@hotmail.com
GoldenEagle4056,40985,False,goldeneagle4056@gmail.com
SwiftEagle4057,90443,False,swifteagle4057@outlook.com
CoolBear4058,48639,False,coolbear4058@gmail.com
CoolViper4059,24492,True,coolviper4059@gmail.com
CoolBear4060,48184,False,coolbear4060@outlook.com
IronHawk4061,20836,True,ironhawk4061@yahoo.com
MightyDragon4062,33791,False,mightydragon4062@hotmail.com
MightyFox4063,76139,True,mightyfox4063@mail.ru
CoolTiger4064,99149,False,cooltiger4064@hotmail.com
IronWolf4065,93219,True,ironwolf4065@gmail.com
SwiftHawk4066,81589,False,swifthawk4066@yahoo.com
ShadowEagle4067,4731,False,shadoweagle4067@outlook.com
DarkShark4068,45686,True,darkshark4068@gmail.com
MightyWolf4069,40136,True,mightywolf4069@mail.ru
GoldenViper4070,61235,True,goldenviper4070@hotmail.com
SwiftLion4071,54902,False,swiftlion4071@gmail.com
DarkDragon4072,19743,False,darkdragon4072@outlook.com
IronViper4073,9182,False,ironviper4073@mail.ru
DarkTiger4074,4075,True,darktiger4074@gmail.com
ShadowViper4075,59513,False,shadowviper4075@mail.ru
ShadowFox4076,9533,True,shadowfox4076@mail.ru
CoolViper4077,82445,False,coolviper4077@mail.ru
EpicShark4078,74511,False,epicshark4078@outlook.com
SwiftTiger4079,12667,True,swifttiger4079@yahoo.com
FireHawk4080,88190,True,firehawk4080@yahoo.com
GoldenDragon4081,59147,False,goldendragon4081@gmail.com
GoldenViper4082,25900,False,goldenviper4082@hotmail.com
FireShark4083,95339,False,fireshark4083@yahoo.com
EpicFox4084,63504,False,epicfox4084@gmail.com
CoolWolf4085,27199,False,coolwolf4085@mail.ru
MightyBear4086,63894,False,mightybear4086@yahoo.com
EpicShark4087,86293,False,epicshark4087@gmail.com
SwiftLion4088,56812,False,swiftlion4088@hotmail.com
IronLion4089,129,False,ironlion4089@yahoo.com
SwiftEagle4090,40958,True,swifteagle4090@outlook.com
IronDragon4091,36285,False,irondragon4091@outlook.com
DarkTiger4092,45958,False,darktiger4092@hotmail.com
EpicHawk4093,31718,False,epichawk4093@hotmail.com
CoolTiger4094,6795,False,cooltiger4094@mail.ru
GoldenWolf4095,37889,False,goldenwolf4095@hotmail.com
EpicFox4096,48018,False,epicfox4096@mail.ru
SilentWolf4097,24007,False,silentwolf4097@yahoo.com
EpicTiger4098,20655,False,epictiger4098@yahoo.com
FireBear4099,64578,True,firebear4099@outlook.com
ShadowLion4100,53779,False,shadowlion4100@mail.ru
SwiftEagle4101,58982,True,swifteagle4101@outlook.com
DarkTiger4102,62164,True,darktiger4102@mail.ru
SwiftLion4103,48124,True,swiftlion4103@hotmail.com
GoldenEagle4104,86498,False,goldeneagle4104@mail.ru
SwiftDragon4105,17847,False,swiftdragon4105@gmail.com
MightyBear4106,80020,False,mightybear4106@gmail.com
FireTiger4107,54264,False,firetiger4107@yahoo.com
EpicHawk4108,61649,False,epichawk4108@gmail.com
EpicDragon4109,16333,False,epicdragon4109@gmail.com
SilentShark4110,36212,True,silentshark4110@mail.ru
CoolViper4111,22755,False,coolviper4111@hotmail.com
MightyWolf4112,66545,False,mightywolf4112@mail.ru
FireWolf4113,4622,False,firewolf4113@hotmail.com
MightyDragon4114,69444,False,mightydragon4114@mail.ru
SwiftEagle4115,51467,True,swifteagle4115@hotmail.com
SwiftBear4116,26017,True,swiftbear4116@gmail.com
FireHawk4117,16121,False,firehawk4117@hotmail.com
ShadowWolf4118,88802,False,shadowwolf4118@hotmail.com
IronBear4119,68637,False,ironbear4119@mail.ru
ShadowHawk4120,81761,False,shadowhawk4120@hotmail.com
CoolBear4121,92883,False,coolbear4121@gmail.com
FireTiger4122,76926,False,firetiger4122@mail.ru
FireEagle4123,39820,True,fireeagle4123@gmail.com
SwiftViper4124,28575,False,swiftviper4124@gmail.com
SwiftFox4125,83623,False,swiftfox4125@yahoo.com
ShadowShark4126,92650,False,shadowshark4126@yahoo.com
MightyTiger4127,34003,False,mightytiger4127@hotmail.com
ShadowDragon4128,6065,False,shadowdragon4128@mail.ru
CoolBear4129,45816,True,coolbear4129@yahoo.com
GoldenShark4130,29481,False,goldenshark4130@yahoo.com
ShadowFox4131,25048,False,shadowfox4131@mail.ru
EpicTiger4132,83116,False,epictiger4132@hotmail.com
SwiftShark4133,63441,True,swiftshark4133@yahoo.com
SwiftHawk4134,3145,False,swifthawk4134@hotmail.com
DarkEagle4135,77452,False,darkeagle4135@mail.ru
DarkEagle4136,94943,False,darkeagle4136@hotmail.com
SilentDragon4137,-203,False,silentdragon4137@mail.ru
GoldenViper4138,13071,True,goldenviper4138@hotmail.com
ShadowLion4139,65860,False,shadowlion4139@hotmail.com
GoldenWolf4140,3843,True,goldenwolf4140@outlook.com
DarkTiger4141,5122,False,darktiger4141@outlook.com
ShadowFox4142,3945,True,shadowfox4142@hotmail.com
CoolWolf4143,36722,False,coolwolf4143@outlook.com
MightyWolf4144,85554,False,mightywolf4144@mail.ru
FireLion4145,52117,False,firelion4145@hotmail.com
EpicWolf4146,72743,False,epicwolf4146@outlook.com
ShadowHawk4147,20871,False,shadowhawk4147@hotmail.com
SwiftEagle4148,42935,False,swifteagle4148@yahoo.com
MightyHawk4149,24617,False,mightyhawk4149@mail.ru
CoolTiger4150,3328,False,cooltiger4150@outlook.com
SilentShark4151,12245,False,silentshark4151@yahoo.com
GoldenTiger4152,23444,False,goldentiger4152@outlook.com
MightyHawk4153,45414,False,mightyhawk4153@gmail.com
CoolLion4154,31863,False,coollion4154@yahoo.com
ShadowEagle4155,65346,False,shadoweagle4155@mail.ru
DarkLion4156,51201,False,darklion4156@yahoo.com
MightyShark4157,64772,False,mightyshark4157@yahoo.com
SilentDragon4158,79264,False,silentdragon4158@hotmail.com
EpicDragon4159,14415,False,epicdragon4159@gmail.com
SilentHawk4160,-448,False,silenthawk4160@yahoo.com
CoolFox4161,68818,False,coolfox4161@hotmail.com
DarkWolf4162,59315,False,darkwolf4162@gmail.com
GoldenWolf4163,36790,False,goldenwolf4163@mail.ru
CoolWolf4164,96983,False,coolwolf4164@mail.ru
EpicDragon4165,64094,False,epicdragon4165@mail.ru
GoldenWolf4166,23867,True,goldenwolf4166@gmail.com
MightyShark4167,36602,False,mightyshark4167@mail.ru
IronLion4168,81807,False,ironlion4168@mail.ru
IronBear4169,58333,False,ironbear4169@mail.ru
SilentHawk4170,16227,False,silenthawk4170@mail.ru
SilentEagle4171,35465,False,silenteagle4171@mail.ru
SilentWolf4172,99850,False,silentwolf4172@yahoo.com
SwiftDragon4173,52083,False,swiftdragon4173@mail.ru
SilentFox4174,47476,False,silentfox4174@hotmail.com
GoldenTiger4175,79813,False,goldentiger4175@outlook.com
SwiftShark4176,21177,False,swiftshark4176@gmail.com
SwiftBear4177,72385,True,swiftbear4177@gmail.com
FireHawk4178,90958,False,firehawk4178@mail.ru
ShadowBear4179,96285,True,shadowbear4179@mail.ru
CoolDragon4180,18679,False,cooldragon4180@gmail.com
SwiftEagle4181,79385,False,swifteagle4181@outlook.com
CoolFox4182,68664,False,coolfox4182@gmail.com
SilentLion4183,80399,False,silentlion4183@mail.ru
MightyEagle4184,69677,True,mightyeagle4184@mail.ru
ShadowDragon4185,56685,False,shadowdragon4185@yahoo.com
IronWolf4186,64533,False,ironwolf4186@gmail.com
DarkFox4187,6356,False,darkfox4187@mail.ru
ShadowShark4188,22673,False,shadowshark4188@mail.ru
FireDragon4189,53623,False,firedragon4189@mail.ru
CoolTiger4190,88440,False,cooltiger4190@outlook.com
DarkHawk4191,59756,False,darkhawk4191@outlook.com
GoldenDragon4192,43629,False,goldendragon4192@yahoo.com
EpicEagle4193,27932,False,epiceagle4193@mail.ru
GoldenHawk4194,39641,True,goldenhawk4194@hotmail.com
SwiftViper4195,54604,False,swiftviper4195@yahoo.com
FireDragon4196,26798,False,firedragon4196@mail.ru
MightyHawk4197,86296,False,mightyhawk4197@gmail.com
ShadowWolf4198,20660,False,shadowwolf4198@outlook.com
SilentHawk4199,7193,False,silenthawk4199@mail.ru
GoldenBear4200,2288,False,goldenbear4200@hotmail.com
EpicViper4201,14030,False,epicviper4201@outlook.com
ShadowHawk4202,16712,False,shadowhawk4202@gmail.com
MightyWolf4203,8477,False,mightywolf4203@gmail.com
FireViper4204,59731,False,fireviper4204@mail.ru
GoldenTiger4205,53318,False,goldentiger4205@yahoo.com
SwiftBear4206,-842,True,swiftbear4206@outlook.com
DarkLion4207,37243,False,darklion4207@hotmail.com
DarkShark4208,8962,False,darkshark4208@gmail.com
SilentBear4209,70398,True,silentbear4209@yahoo.com
GoldenViper4210,95942,False,goldenviper4210@yahoo.com
SilentViper4211,21921,False,silentviper4211@hotmail.com
GoldenWolf4212,9129,False,goldenwolf4212@hotmail.com
IronShark4213,50367,True,ironshark4213@mail.ru
IronViper4214,94293,False,ironviper4214@gmail.com
SilentTiger4215,88497,False,silenttiger4215@hotmail.com
EpicLion4216,53764,True,epiclion4216@hotmail.com
ShadowViper4217,7416,False,shadowviper4217@mail.ru
SilentViper4218,47423,False,silentviper4218@hotmail.com
FireFox4219,65058,False,firefox4219@outlook.com
SilentLion4220,68917,False,silentlion4220@hotmail.com
ShadowViper4221,26072,False,shadowviper4221@outlook.com
GoldenFox4222,81307,False,goldenfox4222@gmail.com
GoldenBear4223,63839,False,goldenbear4223@outlook.com
ShadowEagle4224,72345,False,shadoweagle4224@gmail.com
SilentBear4225,28080,False,silentbear4225@gmail.com
CoolEagle4226,26714,False,cooleagle4226@mail.ru
EpicTiger4227,4374,False,epictiger4227@yahoo.com
CoolDragon4228,30372,False,cooldragon4228@outlook.com
SilentFox4229,43450,False,silentfox4229@mail.ru
GoldenWolf4230,96682,False,goldenwolf4230@yahoo.com
SwiftShark4231,-486,False,swiftshark4231@yahoo.com
MightyViper4232,59494,False,mightyviper4232@yahoo.com
SwiftTiger4233,84578,False,swifttiger4233@mail.ru
SilentViper4234,1590,False,silentviper4234@mail.ru
CoolHawk4235,94300,False,coolhawk4235@mail.ru
SilentLion4236,94501,False,silentlion4236@yahoo.com
SwiftHawk4237,69687,False,swifthawk4237@gmail.com
DarkWolf4238,91763,False,darkwolf4238@outlook.com
DarkHawk4239,86589,False,darkhawk4239@yahoo.com
SilentEagle4240,22944,False,silenteagle4240@yahoo.com
MightyDragon4241,70344,False,mightydragon4241@mail.ru
FireShark4242,19424,False,fireshark4242@gmail.com
SwiftWolf4243,75636,False,swiftwolf4243@mail.ru
SilentDragon4244,65666,False,silentdragon4244@yahoo.com
GoldenHawk4245,34359,False,goldenhawk4245@hotmail.com
EpicDragon4246,12991,False,epicdragon4246@yahoo.com
MightyShark4247,45055,False,mightyshark4247@mail.ru
IronFox4248,6037,True,ironfox4248@gmail.com
SilentShark4249,85560,False,silentshark4249@hotmail.com
GoldenBear4250,93782,False,goldenbear4250@gmail.com
EpicShark4251,48977,False,epicshark4251@mail.ru
SwiftHawk4252,99687,False,swifthawk4252@hotmail.com
MightyBear4253,4750,False,mightybear4253@hotmail.com
EpicShark4254,45604,False,epicshark4254@hotmail.com
DarkBear4255,99431,False,darkbear4255@gmail.com
FireShark4256,77379,False,fireshark4256@gmail.com
GoldenBear4257,96485,True,goldenbear4257@gmail.com
MightyWolf4258,98844,False,mightywolf4258@hotmail.com
IronWolf4259,99542,False,ironwolf4259@hotmail.com
FireTiger4260,32427,False,firetiger4260@mail.ru
FireShark4261,85403,False,fireshark4261@yahoo.com
GoldenBear4262,1469,False,goldenbear4262@hotmail.com
SilentFox4263,12686,True,silentfox4263@yahoo.com
CoolWolf4264,46842,False,coolwolf4264@gmail.com
DarkBear4265,33329,False,darkbear4265@hotmail.com
GoldenWolf4266,96922,False,goldenwolf4266@hotmail.com
MightyEagle4267,1181,False,mightyeagle4267@gmail.com
FireBear4268,4798,False,firebear4268@hotmail.com
IronDragon4269,4327,True,irondragon4269@hotmail.com
EpicHawk4270,9003,False,epichawk4270@hotmail.com
ShadowTiger4271,7397,False,shadowtiger4271@outlook.com
IronFox4272,86307,False,ironfox4272@outlook.com
ShadowViper4273,8944,False,shadowviper4273@hotmail.com
FireBear4274,37720,False,firebear4274@outlook.com
SilentHawk4275,9557,False,silenthawk4275@outlook.com
ShadowTiger4276,58206,True,shadowtiger4276@gmail.com
MightyHawk4277,40993,False,mightyhawk4277@gmail.com
GoldenLion4278,50335,False,goldenlion4278@mail.ru
GoldenBear4279,4126,False,goldenbear4279@gmail.com
EpicLion4280,61790,True,epiclion4280@hotmail.com
SwiftShark4281,26416,False,swiftshark4281@outlook.com
SwiftEagle4282,98445,False,swifteagle4282@yahoo.com
DarkWolf4283,33550,False,darkwolf4283@mail.ru
IronWolf4284,45790,False,ironwolf4284@yahoo.com
SilentBear4285,40779,False,silentbear4285@gmail.com
ShadowShark4286,65050,False,shadowshark4286@yahoo.com
SilentTiger4287,89333,False,silenttiger4287@hotmail.com
EpicViper4288,25050,False,epicviper4288@hotmail.com
EpicWolf4289,73380,False,epicwolf4289@outlook.com
DarkLion4290,77915,False,darklion4290@hotmail.com
IronEagle4291,20476,False,ironeagle4291@mail.ru
MightyShark4292,65991,True,mightyshark4292@yahoo.com
SwiftShark4293,670,True,swiftshark4293@hotmail.com
DarkFox4294,59773,False,darkfox4294@outlook.com
CoolWolf4295,67534,False,coolwolf4295@mail.ru
MightyShark4296,94651,False,mightyshark4296@gmail.com
IronBear4297,43393,False,ironbear4297@mail.ru
EpicFox4298,69628,False,epicfox4298@hotmail.com
GoldenEagle4299,53875,False,goldeneagle4299@hotmail.com
CoolHawk4300,93754,False,coolhawk4300@hotmail.com
GoldenBear4301,19046,False,goldenbear4301@outlook.com
FireBear4302,91544,True,firebear4302@outlook.com
SwiftDragon4303,73721,True,swiftdragon4303@hotmail.com
SwiftViper4304,48652,False,swiftviper4304@yahoo.com
FireHawk4305,16939,True,firehawk4305@hotmail.com
CoolEagle4306,68331,False,cooleagle4306@hotmail.com
SwiftLion4307,40806,True,swiftlion4307@yahoo.com
FireDragon4308,97403,False,firedragon4308@mail.ru
MightyTiger4309,57213,False,mightytiger4309@outlook.com
CoolHawk4310,79066,False,coolhawk4310@yahoo.com
MightyWolf4311,16589,True,mightywolf4311@gmail.com
EpicTiger4312,27187,False,epictiger4312@outlook.com
IronTiger4313,94608,True,irontiger4313@yahoo.com
DarkLion4314,45793,False,darklion4314@mail.ru
SilentWolf4315,67904,False,silentwolf4315@outlook.com
CoolHawk4316,61730,False,coolhawk4316@hotmail.com
CoolLion4317,86508,False,coollion4317@outlook.com
CoolShark4318,12481,False,coolshark4318@mail.ru
IronFox4319,20256,False,ironfox4319@yahoo.com
DarkLion4320,84474,False,darklion4320@gmail.com
SwiftWolf4321,26154,True,swiftwolf4321@outlook.com
EpicWolf4322,78166,True,epicwolf4322@mail.ru
MightyFox4323,62437,False,mightyfox4323@hotmail.com
MightyDragon4324,40280,False,mightydragon4324@yahoo.com
GoldenDragon4325,29400,False,goldendragon4325@yahoo.com
EpicDragon4326,28517,False,epicdragon4326@mail.ru
GoldenWolf4327,12620,False,goldenwolf4327@yahoo.com
SilentFox4328,47754,False,silentfox4328@yahoo.com
GoldenTiger4329,96417,False,goldentiger4329@gmail.com
MightyDragon4330,31206,False,mightydragon4330@mail.ru
SilentWolf4331,26773,False,silentwolf4331@mail.ru
MightyBear4332,83206,True,mightybear4332@outlook.com
CoolViper4333,82292,False,coolviper4333@mail.ru
IronHawk4334,24450,False,ironhawk4334@outlook.com
SilentEagle4335,77422,False,silenteagle4335@mail.ru
GoldenShark4336,85734,False,goldenshark4336@yahoo.com
IronTiger4337,80060,False,irontiger4337@mail.ru
EpicWolf4338,74439,False,epicwolf4338@hotmail.com
DarkShark4339,23931,True,darkshark4339@hotmail.com
ShadowLion4340,58178,False,shadowlion4340@yahoo.com
IronHawk4341,52668,True,ironhawk4341@outlook.com
DarkDragon4342,11037,True,darkdragon4342@yahoo.com
FireTiger4343,70069,True,firetiger4343@outlook.com
DarkLion4344,80033,False,darklion4344@mail.ru
ShadowFox4345,56209,False,shadowfox4345@outlook.com
DarkLion4346,23783,True,darklion4346@yahoo.com
ShadowHawk4347,7824,False,shadowhawk4347@mail.ru
SwiftFox4348,96465,False,swiftfox4348@hotmail.com
MightyViper4349,44604,False,mightyviper4349@mail.ru
IronEagle4350,36671,False,ironeagle4350@gmail.com
SilentBear4351,25911,False,silentbear4351@gmail.com
EpicEagle4352,67185,False,epiceagle4352@hotmail.com
SwiftShark4353,6765,False,swiftshark4353@mail.ru
FireLion4354,20768,True,firelion4354@outlook.com
DarkFox4355,48698,True,darkfox4355@mail.ru
MightyHawk4356,27962,True,mightyhawk4356@hotmail.com
MightyViper4357,26600,False,mightyviper4357@yahoo.com
GoldenWolf4358,94112,True,goldenwolf4358@yahoo.com
DarkLion4359,74417,False,darklion4359@outlook.com
GoldenTiger4360,15601,False,goldentiger4360@yahoo.com
EpicBear4361,58381,False,epicbear4361@yahoo.com
CoolBear4362,55539,False,coolbear4362@mail.ru
GoldenDragon4363,93468,False,goldendragon4363@yahoo.com
CoolWolf4364,13202,False,coolwolf4364@gmail.com
SwiftShark4365,58574,True,swiftshark4365@gmail.com
FireBear4366,80449,False,firebear4366@yahoo.com
FireTiger4367,78489,False,firetiger4367@hotmail.com
FireEagle4368,68590,False,fireeagle4368@hotmail.com
SilentBear4369,89101,False,silentbear4369@gmail.com
ShadowShark4370,88155,False,shadowshark4370@hotmail.com
IronTiger4371,19970,False,irontiger4371@yahoo.com
DarkDragon4372,51132,False,darkdragon4372@mail.ru
ShadowFox4373,32475,False,shadowfox4373@outlook.com
MightyLion4374,91856,False,mightylion4374@yahoo.com
MightyViper4375,88707,False,mightyviper4375@yahoo.com
SilentWolf4376,70149,False,silentwolf4376@mail.ru
DarkDragon4377,25283,False,darkdragon4377@hotmail.com
CoolEagle4378,4079,False,cooleagle4378@yahoo.com
EpicHawk4379,68201,False,epichawk4379@hotmail.com
ShadowViper4380,87562,False,shadowviper4380@mail.ru
SwiftDragon4381,80516,False,swiftdragon4381@outlook.com
MightyTiger4382,82621,True,mightytiger4382@gmail.com
DarkTiger4383,16374,True,darktiger4383@outlook.com
EpicShark4384,77832,False,epicshark4384@yahoo.com
FireBear4385,72004,False,firebear4385@outlook.com
DarkEagle4386,10982,True,darkeagle4386@mail.ru
SwiftDragon4387,10110,False,swiftdragon4387@mail.ru
CoolHawk4388,35893,False,coolhawk4388@yahoo.com
CoolHawk4389,57034,True,coolhawk4389@outlook.com
FireViper4390,83998,False,fireviper4390@gmail.com
IronWolf4391,27395,False,ironwolf4391@outlook.com
SwiftLion4392,53566,True,swiftlion4392@mail.ru
SwiftBear4393,7418,False,swiftbear4393@mail.ru
SilentHawk4394,79096,False,silenthawk4394@yahoo.com
FireHawk4395,29167,False,firehawk4395@gmail.com
DarkFox4396,17336,False,darkfox4396@yahoo.com
MightyFox4397,1617,False,mightyfox4397@yahoo.com
IronViper4398,65727,False,ironviper4398@yahoo.com
IronTiger4399,74579,False,irontiger4399@mail.ru
CoolWolf4400,73446,False,coolwolf4400@hotmail.com
IronBear4401,84926,False,ironbear4401@gmail.com
EpicEagle4402,32659,False,epiceagle4402@outlook.com
FireBear4403,2759,False,firebear4403@gmail.com
SilentTiger4404,63420,True,silenttiger4404@mail.ru
FireShark4405,83232,True,fireshark4405@yahoo.com
ShadowFox4406,35678,False,shadowfox4406@mail.ru
ShadowShark4407,71458,False,shadowshark4407@outlook.com
GoldenWolf4408,8797,False,goldenwolf4408@outlook.com
MightyBear4409,57515,False,mightybear4409@yahoo.com
MightyHawk4410,13676,True,mightyhawk4410@gmail.com
GoldenEagle4411,64841,False,goldeneagle4411@mail.ru
EpicHawk4412,90772,False,epichawk4412@gmail.com
SilentBear4413,94318,False,silentbear4413@gmail.com
MightyEagle4414,47482,False,mightyeagle4414@mail.ru
SwiftBear4415,14049,True,swiftbear4415@gmail.com
ShadowDragon4416,95601,False,shadowdragon4416@yahoo.com
SwiftDragon4417,95501,False,swiftdragon4417@hotmail.com
EpicDragon4418,3803,False,epicdragon4418@hotmail.com
EpicDragon4419,2277,False,epicdragon4419@mail.ru
IronBear4420,52049,False,ironbear4420@hotmail.com
SwiftTiger4421,41892,False,swifttiger4421@yahoo.com
MightyHawk4422,96591,False,mightyhawk4422@gmail.com
GoldenEagle4423,13836,False,goldeneagle4423@yahoo.com
GoldenDragon4424,75681,False,goldendragon4424@outlook.com
SilentWolf4425,25867,False,silentwolf4425@outlook.com
EpicLion4426,17315,True,epiclion4426@mail.ru
MightyHawk4427,36162,True,mightyhawk4427@mail.ru
CoolDragon4428,28082,False,cooldragon4428@mail.ru
GoldenShark4429,43490,False,goldenshark4429@yahoo.com
FireWolf4430,97404,False,firewolf4430@yahoo.com
FireDragon4431,89621,False,firedragon4431@gmail.com
SilentLion4432,62501,False,silentlion4432@gmail.com
ShadowHawk4433,1243,True,shadowhawk4433@outlook.com
SwiftFox4434,49994,False,swiftfox4434@hotmail.com
GoldenHawk4435,97490,False,goldenhawk4435@mail.ru
SwiftTiger4436,35467,False,swifttiger4436@yahoo.com
DarkEagle4437,8358,False,darkeagle4437@outlook.com
FireFox4438,96037,False,firefox4438@gmail.com
SilentDragon4439,51301,False,silentdragon4439@mail.ru
ShadowBear4440,84241,True,shadowbear4440@yahoo.com
MightyTiger4441,69621,False,mightytiger4441@mail.ru
GoldenShark4442,71654,False,goldenshark4442@yahoo.com
DarkEagle4443,73763,False,darkeagle4443@outlook.com
IronShark4444,59754,False,ironshark4444@yahoo.com
SwiftHawk4445,91012,False,swifthawk4445@mail.ru
MightyFox4446,18598,False,mightyfox4446@hotmail.com
DarkHawk4447,8425,False,darkhawk4447@yahoo.com
ShadowWolf4448,77585,False,shadowwolf4448@outlook.com
EpicDragon4449,75292,False,epicdragon4449@gmail.com
EpicDragon4450,47059,False,epicdragon4450@gmail.com
DarkBear4451,54515,False,darkbear4451@mail.ru
SwiftViper4452,10756,False,swiftviper4452@yahoo.com
GoldenLion4453,95561,False,goldenlion4453@mail.ru
IronTiger4454,96651,False,irontiger4454@mail.ru
EpicTiger4455,89484,False,epictiger4455@outlook.com
GoldenLion4456,9958,False,goldenlion4456@yahoo.com
IronBear4457,15191,False,ironbear4457@yahoo.com
DarkWolf4458,31272,False,darkwolf4458@gmail.com
FireFox4459,88544,True,firefox4459@gmail.com
MightyEagle4460,60395,False,mightyeagle4460@hotmail.com
FireTiger4461,839,True,firetiger4461@yahoo.com
EpicHawk4462,9098,False,epichawk4462@outlook.com
CoolViper4463,25872,True,coolviper4463@outlook.com
CoolDragon4464,94681,True,cooldragon4464@gmail.com
IronDragon4465,25631,False,irondragon4465@hotmail.com
ShadowTiger4466,30603,False,shadowtiger4466@gmail.com
SilentTiger4467,78218,False,silenttiger4467@yahoo.com
MightyTiger4468,17423,False,mightytiger4468@yahoo.com
MightyViper4469,52801,False,mightyviper4469@hotmail.com
CoolViper4470,13865,False,coolviper4470@outlook.com
ShadowLion4471,81424,True,shadowlion4471@hotmail.com
DarkLion4472,27121,False,darklion4472@outlook.com
DarkHawk4473,22239,True,darkhawk4473@yahoo.com
GoldenBear4474,24149,False,goldenbear4474@gmail.com
DarkFox4475,61243,False,darkfox4475@hotmail.com
ShadowEagle4476,977,False,shadoweagle4476@gmail.com
DarkHawk4477,77256,True,darkhawk4477@outlook.com
CoolEagle4478,90388,False,cooleagle4478@outlook.com
MightyFox4479,53559,True,mightyfox4479@mail.ru
GoldenBear4480,36050,False,goldenbear4480@hotmail.com
FireLion4481,99442,False,firelion4481@outlook.com
DarkEagle4482,28865,False,darkeagle4482@outlook.com
IronHawk4483,5707,False,ironhawk4483@yahoo.com
MightyViper4484,59709,True,mightyviper4484@mail.ru
CoolBear4485,46644,False,coolbear4485@gmail.com
IronBear4486,50444,False,ironbear4486@mail.ru
GoldenLion4487,60922,False,goldenlion4487@gmail.com
GoldenEagle4488,50293,False,goldeneagle4488@hotmail.com
MightyViper4489,91008,False,mightyviper4489@mail.ru
ShadowEagle4490,37363,True,shadoweagle4490@gmail.com
SilentEagle4491,62839,False,silenteagle4491@mail.ru
EpicLion4492,49769,False,epiclion4492@hotmail.com
SwiftDragon4493,62848,True,swiftdragon4493@mail.ru
ShadowDragon4494,5436,False,shadowdragon4494@gmail.com
ShadowHawk4495,49358,False,shadowhawk4495@yahoo.com
ShadowLion4496,97685,False,shadowlion4496@yahoo.com
DarkDragon4497,24763,False,darkdragon4497@yahoo.com
IronHawk4498,52664,True,ironhawk4498@mail.ru
GoldenEagle4499,26502,True,goldeneagle4499@gmail.com
IronEagle4500,87102,True,ironeagle4500@hotmail.com
CoolFox4501,91690,True,coolfox4501@hotmail.com
DarkHawk4502,45861,False,darkhawk4502@gmail.com
MightyViper4503,-93,False,mightyviper4503@hotmail.com
EpicDragon4504,28828,False,epicdragon4504@mail.ru
IronFox4505,14989,False,ironfox4505@yahoo.com
ShadowBear4506,33265,False,shadowbear4506@mail.ru
EpicViper4507,82867,False,epicviper4507@outlook.com
CoolViper4508,84212,False,coolviper4508@yahoo.com
EpicLion4509,10508,False,epiclion4509@yahoo.com
SilentFox4510,16088,False,silentfox4510@yahoo.com
ShadowEagle4511,51854,False,shadoweagle4511@outlook.com
CoolWolf4512,73182,False,coolwolf4512@yahoo.com
ShadowFox4513,26637,False,shadowfox4513@mail.ru
EpicFox4514,96370,False,epicfox4514@mail.ru
IronWolf4515,55168,False,ironwolf4515@gmail.com
MightyShark4516,45419,False,mightyshark4516@hotmail.com
DarkEagle4517,8908,False,darkeagle4517@outlook.com
MightyHawk4518,50333,True,mightyhawk4518@hotmail.com
DarkLion4519,61233,False,darklion4519@outlook.com
GoldenShark4520,21653,False,goldenshark4520@hotmail.com
DarkShark4521,12012,False,darkshark4521@gmail.com
CoolHawk4522,66634,False,coolhawk4522@outlook.com
IronTiger4523,38878,True,irontiger4523@gmail.com
DarkShark4524,46075,False,darkshark4524@yahoo.com
IronEagle4525,45024,False,ironeagle4525@outlook.com
IronTiger4526,1821,False,irontiger4526@yahoo.com
DarkBear4527,64807,False,darkbear4527@hotmail.com
FireHawk4528,65399,False,firehawk4528@yahoo.com
SilentEagle4529,95522,False,silenteagle4529@mail.ru
IronBear4530,19247,False,ironbear4530@hotmail.com
DarkLion4531,8428,False,darklion4531@gmail.com
FireShark4532,-33,False,fireshark4532@yahoo.com
MightyBear4533,57679,False,mightybear4533@yahoo.com
FireHawk4534,97121,False,firehawk4534@hotmail.com
FireLion4535,37840,False,firelion4535@hotmail.com
DarkWolf4536,92082,False,darkwolf4536@outlook.com
SilentDragon4537,92381,False,silentdragon4537@gmail.com
SilentFox4538,44616,False,silentfox4538@mail.ru
IronDragon4539,33902,False,irondragon4539@gmail.com
EpicShark4540,62803,False,epicshark4540@mail.ru
IronLion4541,41450,False,ironlion4541@gmail.com
SwiftDragon4542,99428,False,swiftdragon4542@outlook.com
CoolHawk4543,30991,False,coolhawk4543@mail.ru
IronDragon4544,15493,False,irondragon4544@mail.ru
EpicViper4545,95986,False,epicviper4545@mail.ru
SwiftDragon4546,36316,True,swiftdragon4546@yahoo.com
GoldenEagle4547,51131,True,goldeneagle4547@mail.ru
SwiftBear4548,67171,False,swiftbear4548@mail.ru
GoldenShark4549,76518,True,goldenshark4549@outlook.com
EpicEagle4550,80784,False,epiceagle4550@yahoo.com
EpicDragon4551,22731,False,epicdragon4551@yahoo.com
SwiftDragon4552,88654,False,swiftdragon4552@hotmail.com
SilentDragon4553,96479,False,silentdragon4553@yahoo.com
EpicTiger4554,2741,False,epictiger4554@yahoo.com
EpicDragon4555,64004,True,epicdragon4555@mail.ru
CoolBear4556,78165,False,coolbear4556@gmail.com
EpicWolf4557,67529,True,epicwolf4557@mail.ru
GoldenDragon4558,86093,False,goldendragon4558@yahoo.com
DarkShark4559,67558,False,darkshark4559@mail.ru
SwiftWolf4560,82412,False,swiftwolf4560@hotmail.com
SilentBear4561,83000,True,silentbear4561@gmail.com
GoldenWolf4562,51157,False,goldenwolf4562@mail.ru
CoolWolf4563,92222,False,coolwolf4563@gmail.com
ShadowTiger4564,29534,False,shadowtiger4564@yahoo.com
GoldenTiger4565,1159,True,goldentiger4565@mail.ru
GoldenFox4566,75732,False,goldenfox4566@gmail.com
IronEagle4567,7519,False,ironeagle4567@hotmail.com
ShadowLion4568,34641,True,shadowlion4568@mail.ru
ShadowShark4569,29172,False,shadowshark4569@hotmail.com
DarkHawk4570,53448,True,darkhawk4570@hotmail.com
MightyShark4571,20699,True,mightyshark4571@gmail.com
FireFox4572,97465,False,firefox4572@gmail.com
MightyTiger4573,5885,False,mightytiger4573@outlook.com
GoldenBear4574,17207,True,goldenbear4574@outlook.com
EpicLion4575,11881,False,epiclion4575@gmail.com
SilentBear4576,43330,False,silentbear4576@outlook.com
EpicFox4577,26055,True,epicfox4577@yahoo.com
IronTiger4578,94068,False,irontiger4578@mail.ru
EpicLion4579,86843,True,epiclion4579@mail.ru
ShadowHawk4580,6964,False,shadowhawk4580@gmail.com
IronTiger4581,14371,False,irontiger4581@outlook.com
ShadowDragon4582,57588,False,shadowdragon4582@outlook.com
DarkWolf4583,73560,True,darkwolf4583@mail.ru
CoolHawk4584,48884,True,coolhawk4584@gmail.com
FireTiger4585,33161,False,firetiger4585@gmail.com
FireShark4586,99162,False,fireshark4586@mail.ru
IronTiger4587,36153,False,irontiger4587@outlook.com
EpicLion4588,46979,False,epiclion4588@gmail.com
FireFox4589,91859,False,firefox4589@yahoo.com
CoolDragon4590,25561,False,cooldragon4590@outlook.com
IronBear4591,38599,False,ironbear4591@gmail.com
ShadowLion4592,16768,False,shadowlion4592@gmail.com
CoolShark4593,99024,False,coolshark4593@mail.ru
SwiftHawk4594,79473,False,swifthawk4594@gmail.com
MightyWolf4595,4419,True,mightywolf4595@outlook.com
ShadowTiger4596,24559,False,shadowtiger4596@gmail.com
GoldenDragon4597,48802,False,goldendragon4597@yahoo.com
IronTiger4598,24676,False,irontiger4598@outlook.com
CoolViper4599,53981,True,coolviper4599@hotmail.com
FireBear4600,32221,False,firebear4600@outlook.com
SilentHawk4601,3786,False,silenthawk4601@hotmail.com
CoolDragon4602,42154,False,cooldragon4602@gmail.com
CoolTiger4603,25884,False,cooltiger4603@mail.ru
GoldenEagle4604,68192,True,goldeneagle4604@gmail.com
GoldenFox4605,51018,False,goldenfox4605@mail.ru
DarkViper4606,33653,False,darkviper4606@mail.ru
SilentHawk4607,9602,False,silenthawk4607@mail.ru
IronFox4608,64868,False,ironfox4608@hotmail.com
SwiftWolf4609,28217,False,swiftwolf4609@yahoo.com
IronHawk4610,7010,True,ironhawk4610@yahoo.com
ShadowHawk4611,48365,True,shadowhawk4611@hotmail.com
SwiftWolf4612,89461,False,swiftwolf4612@outlook.com
EpicShark4613,63431,False,epicshark4613@outlook.com
DarkEagle4614,51453,False,darkeagle4614@gmail.com
FireTiger4615,5543,False,firetiger4615@hotmail.com
EpicLion4616,9358,False,epiclion4616@gmail.com
SwiftTiger4617,12120,False,swifttiger4617@mail.ru
MightyLion4618,79969,False,mightylion4618@hotmail.com
GoldenShark4619,58510,False,goldenshark4619@gmail.com
MightyShark4620,92602,False,mightyshark4620@gmail.com
MightyEagle4621,5653,False,mightyeagle4621@yahoo.com
SilentDragon4622,41081,False,silentdragon4622@outlook.com
EpicTiger4623,74054,False,epictiger4623@outlook.com
GoldenViper4624,7238,False,goldenviper4624@hotmail.com
SwiftFox4625,40366,False,swiftfox4625@outlook.com
GoldenViper4626,46850,False,goldenviper4626@hotmail.com
CoolTiger4627,46730,False,cooltiger4627@gmail.com
IronHawk4628,80586,True,ironhawk4628@gmail.com
MightyShark4629,63565,False,mightyshark4629@outlook.com
SwiftTiger4630,-743,False,swifttiger4630@gmail.com
CoolFox4631,46406,False,coolfox4631@gmail.com
GoldenHawk4632,66154,False,goldenhawk4632@outlook.com
SilentLion4633,3389,True,silentlion4633@yahoo.com
DarkWolf4634,77074,True,darkwolf4634@hotmail.com
EpicHawk4635,76832,False,epichawk4635@hotmail.com
IronViper4636,44980,False,ironviper4636@yahoo.com
SwiftShark4637,12564,True,swiftshark4637@mail.ru
SilentHawk4638,72085,True,silenthawk4638@hotmail.com
SwiftEagle4639,11440,True,swifteagle4639@yahoo.com
GoldenFox4640,93506,False,goldenfox4640@outlook.com
IronFox4641,4322,False,ironfox4641@hotmail.com
IronWolf4642,42501,True,ironwolf4642@outlook.com
MightyFox4643,26631,True,mightyfox4643@hotmail.com
DarkDragon4644,8494,True,darkdragon4644@outlook.com
SilentFox4645,42149,True,silentfox4645@gmail.com
SilentDragon4646,87528,False,silentdragon4646@yahoo.com
MightyShark4647,34266,False,mightyshark4647@yahoo.com
GoldenWolf4648,3142,False,goldenwolf4648@gmail.com
IronHawk4649,40556,True,ironhawk4649@hotmail.com
FireBear4650,77704,True,firebear4650@hotmail.com
ShadowEagle4651,36047,False,shadoweagle4651@mail.ru
CoolBear4652,19819,False,coolbear4652@mail.ru
EpicDragon4653,23285,True,epicdragon4653@hotmail.com
GoldenHawk4654,90446,True,goldenhawk4654@mail.ru
DarkWolf4655,1372,True,darkwolf4655@hotmail.com
SwiftDragon4656,13121,False,swiftdragon4656@hotmail.com
IronDragon4657,86620,False,irondragon4657@mail.ru
FireHawk4658,26433,False,firehawk4658@hotmail.com
IronViper4659,77239,False,ironviper4659@hotmail.com
SwiftViper4660,61601,False,swiftviper4660@gmail.com
EpicHawk4661,13647,False,epichawk4661@outlook.com
MightyShark4662,49687,False,mightyshark4662@hotmail.com
MightyEagle4663,6510,False,mightyeagle4663@mail.ru
EpicBear4664,42650,False,epicbear4664@outlook.com
CoolViper4665,83480,False,coolviper4665@yahoo.com
SilentBear4666,62213,False,silentbear4666@gmail.com
GoldenViper4667,43128,False,goldenviper4667@gmail.com
GoldenDragon4668,77740,False,goldendragon4668@yahoo.com
MightyLion4669,5048,False,mightylion4669@mail.ru
EpicShark4670,884,False,epicshark4670@outlook.com
DarkViper4671,83416,False,darkviper4671@mail.ru
ShadowViper4672,53610,False,shadowviper4672@mail.ru
SilentFox4673,31224,False,silentfox4673@hotmail.com
DarkLion4674,28266,False,darklion4674@outlook.com
DarkHawk4675,23256,False,darkhawk4675@mail.ru
ShadowBear4676,1028,True,shadowbear4676@gmail.com
DarkBear4677,29785,False,darkbear4677@gmail.com
IronFox4678,38636,False,ironfox4678@mail.ru
MightyHawk4679,83390,False,mightyhawk4679@mail.ru
GoldenWolf4680,82422,False,goldenwolf4680@outlook.com
SwiftDragon4681,15342,False,swiftdragon4681@mail.ru
FireHawk4682,45393,False,firehawk4682@yahoo.com
MightyDragon4683,34849,False,mightydragon4683@outlook.com
SwiftHawk4684,37594,True,swifthawk4684@mail.ru
SilentHawk4685,10623,True,silenthawk4685@hotmail.com
IronDragon4686,73209,False,irondragon4686@outlook.com
EpicFox4687,9290,False,epicfox4687@hotmail.com
DarkWolf4688,11038,False,darkwolf4688@gmail.com
SwiftDragon4689,90333,False,swiftdragon4689@gmail.com
GoldenHawk4690,12271,True,goldenhawk4690@mail.ru
GoldenWolf4691,3953,False,goldenwolf4691@gmail.com
CoolTiger4692,18355,False,cooltiger4692@hotmail.com
FireLion4693,77795,False,firelion4693@gmail.com
ShadowWolf4694,16620,False,shadowwolf4694@mail.ru
MightyBear4695,49000,False,mightybear4695@yahoo.com
EpicEagle4696,95511,False,epiceagle4696@outlook.com
CoolEagle4697,67863,False,cooleagle4697@gmail.com
EpicWolf4698,80234,False,epicwolf4698@hotmail.com
IronEagle4699,62134,False,ironeagle4699@yahoo.com
IronFox4700,87512,False,ironfox4700@hotmail.com
MightyFox4701,80803,False,mightyfox4701@mail.ru
EpicHawk4702,79712,False,epichawk4702@hotmail.com
MightyHawk4703,82494,True,mightyhawk4703@mail.ru
FireEagle4704,20538,False,fireeagle4704@outlook.com
FireEagle4705,81852,True,fireeagle4705@mail.ru
MightyWolf4706,96868,False,mightywolf4706@hotmail.com
DarkWolf4707,81062,False,darkwolf4707@outlook.com
FireLion4708,73757,False,firelion4708@hotmail.com
EpicFox4709,96404,False,epicfox4709@gmail.com
EpicBear4710,32663,False,epicbear4710@mail.ru
IronEagle4711,90206,False,ironeagle4711@outlook.com
GoldenLion4712,57384,False,goldenlion4712@hotmail.com
CoolTiger4713,75783,False,cooltiger4713@mail.ru
EpicViper4714,25526,False,epicviper4714@outlook.com
SwiftLion4715,93056,False,swiftlion4715@gmail.com
GoldenWolf4716,70620,False,goldenwolf4716@mail.ru
SilentDragon4717,58166,False,silentdragon4717@mail.ru
ShadowBear4718,58496,False,shadowbear4718@mail.ru
GoldenHawk4719,43606,False,goldenhawk4719@outlook.com
SwiftViper4720,84741,False,swiftviper4720@gmail.com
ShadowHawk4721,96034,False,shadowhawk4721@yahoo.com
ShadowEagle4722,76310,False,shadoweagle4722@outlook.com
EpicTiger4723,82629,False,epictiger4723@gmail.com
EpicFox4724,7646,True,epicfox4724@hotmail.com
EpicEagle4725,50932,False,epiceagle4725@yahoo.com
IronHawk4726,72428,False,ironhawk4726@hotmail.com
SilentFox4727,2248,False,silentfox4727@mail.ru
DarkFox4728,75743,False,darkfox4728@yahoo.com
FireShark4729,28125,False,fireshark4729@gmail.com
FireShark4730,24301,False,fireshark4730@outlook.com
FireDragon4731,54749,False,firedragon4731@hotmail.com
EpicDragon4732,54362,False,epicdragon4732@yahoo.com
SwiftDragon4733,56131,True,swiftdragon4733@hotmail.com
SilentBear4734,3616,True,silentbear4734@mail.ru
SilentEagle4735,77635,False,silenteagle4735@yahoo.com
EpicTiger4736,49809,False,epictiger4736@hotmail.com
FireViper4737,34256,False,fireviper4737@mail.ru
MightyWolf4738,17719,False,mightywolf4738@yahoo.com
SilentShark4739,91147,False,silentshark4739@mail.ru
CoolFox4740,67464,False,coolfox4740@hotmail.com
GoldenShark4741,91542,False,goldenshark4741@outlook.com
EpicTiger4742,23595,False,epictiger4742@gmail.com
CoolWolf4743,43670,False,coolwolf4743@yahoo.com
EpicViper4744,32344,False,epicviper4744@gmail.com
FireShark4745,58373,False,fireshark4745@gmail.com
ShadowBear4746,12359,False,shadowbear4746@gmail.com
FireBear4747,41558,False,firebear4747@outlook.com
DarkFox4748,57231,False,darkfox4748@hotmail.com
SwiftLion4749,20405,False,swiftlion4749@mail.ru
FireHawk4750,48750,False,firehawk4750@outlook.com
EpicLion4751,86750,False,epiclion4751@mail.ru
MightyShark4752,49809,False,mightyshark4752@outlook.com
SwiftBear4753,37213,False,swiftbear4753@hotmail.com
SilentFox4754,21782,False,silentfox4754@gmail.com
FireViper4755,41162,False,fireviper4755@yahoo.com
CoolTiger4756,99574,False,cooltiger4756@mail.ru
CoolLion4757,98238,False,coollion4757@hotmail.com
FireTiger4758,79211,False,firetiger4758@outlook.com
IronShark4759,42319,False,ironshark4759@outlook.com
DarkDragon4760,23404,False,darkdragon4760@gmail.com
DarkViper4761,52186,True,darkviper4761@hotmail.com
GoldenLion4762,59807,False,goldenlion4762@mail.ru
SwiftDragon4763,80497,True,swiftdragon4763@yahoo.com
MightyWolf4764,98905,False,mightywolf4764@yahoo.com
IronBear4765,82777,False,ironbear4765@gmail.com
FireLion4766,41268,False,firelion4766@yahoo.com
ShadowBear4767,70975,False,shadowbear4767@yahoo.com
FireDragon4768,82795,False,firedragon4768@mail.ru
EpicBear4769,64163,False,epicbear4769@yahoo.com
DarkBear4770,56357,False,darkbear4770@gmail.com
IronHawk4771,55667,False,ironhawk4771@hotmail.com
FireLion4772,67180,False,firelion4772@hotmail.com
EpicViper4773,83270,True,epicviper4773@mail.ru
FireHawk4774,99215,False,firehawk4774@yahoo.com
GoldenViper4775,29386,False,goldenviper4775@outlook.com
SilentTiger4776,18101,False,silenttiger4776@outlook.com
CoolWolf4777,49317,False,coolwolf4777@yahoo.com
ShadowBear4778,35933,False,shadowbear4778@outlook.com
GoldenLion4779,20501,False,goldenlion4779@gmail.com
GoldenHawk4780,96763,True,goldenhawk4780@yahoo.com
DarkShark4781,68271,False,darkshark4781@gmail.com
SwiftBear4782,26736,False,swiftbear4782@mail.ru
GoldenWolf4783,70211,False,goldenwolf4783@hotmail.com
IronWolf4784,46432,False,ironwolf4784@outlook.com
CoolHawk4785,30263,True,coolhawk4785@yahoo.com
CoolEagle4786,91334,False,cooleagle4786@gmail.com
ShadowDragon4787,48781,False,shadowdragon4787@gmail.com
SwiftEagle4788,51645,False,swifteagle4788@yahoo.com
MightyViper4789,54142,False,mightyviper4789@mail.ru
CoolTiger4790,99549,False,cooltiger4790@yahoo.com
SwiftBear4791,99623,False,swiftbear4791@gmail.com
ShadowBear4792,8078,False,shadowbear4792@hotmail.com
GoldenEagle4793,21798,False,goldeneagle4793@gmail.com
CoolBear4794,40916,False,coolbear4794@yahoo.com
SilentFox4795,79202,False,silentfox4795@outlook.com
SwiftHawk4796,10200,False,swifthawk4796@gmail.com
ShadowViper4797,15504,True,shadowviper4797@yahoo.com
FireBear4798,61629,False,firebear4798@outlook.com
GoldenTiger4799,24615,False,goldentiger4799@gmail.com
ShadowHawk4800,32570,False,shadowhawk4800@yahoo.com
GoldenBear4801,44900,False,goldenbear4801@outlook.com
FireViper4802,24032,True,fireviper4802@mail.ru
FireTiger4803,93444,False,firetiger4803@gmail.com
CoolLion4804,63992,False,coollion4804@mail.ru
SilentFox4805,20409,False,silentfox4805@gmail.com
EpicEagle4806,15073,False,epiceagle4806@outlook.com
CoolViper4807,19090,False,coolviper4807@yahoo.com
FireWolf4808,45571,False,firewolf4808@outlook.com
SilentShark4809,31998,False,silentshark4809@gmail.com
IronDragon4810,59000,False,irondragon4810@yahoo.com
MightyDragon4811,90720,False,mightydragon4811@gmail.com
FireWolf4812,54666,False,firewolf4812@outlook.com
MightyLion4813,47907,False,mightylion4813@outlook.com
SwiftShark4814,34077,False,swiftshark4814@gmail.com
MightyViper4815,77527,False,mightyviper4815@yahoo.com
IronEagle4816,43642,False,ironeagle4816@yahoo.com
FireDragon4817,45820,False,firedragon4817@hotmail.com
EpicViper4818,33950,False,epicviper4818@outlook.com
MightyFox4819,62586,False,mightyfox4819@hotmail.com
MightyBear4820,29205,False,mightybear4820@hotmail.com
MightyLion4821,21103,False,mightylion4821@hotmail.com
GoldenShark4822,45362,False,goldenshark4822@outlook.com
EpicBear4823,21900,False,epicbear4823@yahoo.com
IronTiger4824,78465,False,irontiger4824@gmail.com
IronEagle4825,70681,False,ironeagle4825@mail.ru
FireHawk4826,79755,False,firehawk4826@hotmail.com
EpicDragon4827,29689,False,epicdragon4827@mail.ru
CoolViper4828,44848,False,coolviper4828@hotmail.com
IronWolf4829,96206,False,ironwolf4829@hotmail.com
DarkDragon4830,99973,False,darkdragon4830@outlook.com
SilentShark4831,64385,False,silentshark4831@hotmail.com
CoolViper4832,75217,False,coolviper4832@outlook.com
ShadowShark4833,31418,False,shadowshark4833@outlook.com
FireWolf4834,679,False,firewolf4834@outlook.com
SilentDragon4835,25294,False,silentdragon4835@mail.ru
DarkBear4836,85464,False,darkbear4836@outlook.com
FireBear4837,83410,True,firebear4837@gmail.com
CoolLion4838,10213,False,coollion4838@yahoo.com
CoolHawk4839,50317,False,coolhawk4839@gmail.com
FireShark4840,60630,False,fireshark4840@hotmail.com
SilentTiger4841,93715,False,silenttiger4841@hotmail.com
ShadowWolf4842,59470,False,shadowwolf4842@yahoo.com
CoolFox4843,29615,False,coolfox4843@hotmail.com
SwiftWolf4844,63752,False,swiftwolf4844@outlook.com
IronTiger4845,30689,False,irontiger4845@gmail.com
IronViper4846,73736,False,ironviper4846@mail.ru
EpicEagle4847,77195,False,epiceagle4847@mail.ru
MightyShark4848,57572,False,mightyshark4848@mail.ru
FireDragon4849,17208,False,firedragon4849@mail.ru
GoldenHawk4850,86469,False,goldenhawk4850@mail.ru
CoolEagle4851,96766,False,cooleagle4851@yahoo.com
GoldenTiger4852,16110,False,goldentiger4852@hotmail.com
FireLion4853,31886,False,firelion4853@outlook.com
CoolTiger4854,75174,False,cooltiger4854@gmail.com
FireFox4855,22361,False,firefox4855@gmail.com
SwiftTiger4856,81323,False,swifttiger4856@hotmail.com
ShadowShark4857,41054,False,shadowshark4857@hotmail.com
SwiftEagle4858,56813,False,swifteagle4858@gmail.com
ShadowWolf4859,46463,True,shadowwolf4859@outlook.com
CoolHawk4860,53431,False,coolhawk4860@yahoo.com
MightyDragon4861,66843,False,mightydragon4861@mail.ru
SilentWolf4862,63739,False,silentwolf4862@gmail.com
IronLion4863,28083,True,ironlion4863@yahoo.com
ShadowHawk4864,21618,False,shadowhawk4864@gmail.com
SilentBear4865,70568,True,silentbear4865@yahoo.com
GoldenFox4866,59080,True,goldenfox4866@outlook.com
GoldenViper4867,6182,False,goldenviper4867@yahoo.com
FireHawk4868,26607,False,firehawk4868@outlook.com
SwiftTiger4869,13859,False,swifttiger4869@mail.ru
SwiftHawk4870,13975,False,swifthawk4870@hotmail.com
MightyHawk4871,87957,True,mightyhawk4871@outlook.com
DarkDragon4872,96745,False,darkdragon4872@gmail.com
MightyLion4873,96900,False,mightylion4873@mail.ru
DarkFox4874,57645,True,darkfox4874@outlook.com
DarkDragon4875,18846,False,darkdragon4875@hotmail.com
FireTiger4876,49361,False,firetiger4876@mail.ru
SilentTiger4877,57210,True,silenttiger4877@outlook.com
DarkShark4878,14338,False,darkshark4878@gmail.com
SwiftShark4879,25869,False,swiftshark4879@outlook.com
ShadowHawk4880,40157,True,shadowhawk4880@mail.ru
ShadowShark4881,39585,False,shadowshark4881@hotmail.com
SilentTiger4882,42577,False,silenttiger4882@gmail.com
ShadowTiger4883,72909,True,shadowtiger4883@hotmail.com
SwiftBear4884,11717,False,swiftbear4884@hotmail.com
GoldenHawk4885,46341,False,goldenhawk4885@mail.ru
FireViper4886,15267,False,fireviper4886@gmail.com
SilentDragon4887,89306,False,silentdragon4887@yahoo.com
EpicViper4888,85473,False,epicviper4888@outlook.com
SwiftBear4889,49646,True,swiftbear4889@hotmail.com
GoldenLion4890,39263,False,goldenlion4890@gmail.com
SwiftEagle4891,25268,True,swifteagle4891@hotmail.com
EpicShark4892,693,True,epicshark4892@hotmail.com
ShadowHawk4893,66181,False,shadowhawk4893@yahoo.com
SwiftHawk4894,42511,False,swifthawk4894@mail.ru
CoolBear4895,86748,False,coolbear4895@outlook.com
GoldenViper4896,77841,False,goldenviper4896@outlook.com
EpicShark4897,45534,False,epicshark4897@outlook.com
ShadowBear4898,1035,False,shadowbear4898@mail.ru
CoolEagle4899,49044,False,cooleagle4899@yahoo.com
SilentFox4900,82978,False,silentfox4900@gmail.com
CoolHawk4901,97872,False,coolhawk4901@yahoo.com
IronHawk4902,18785,False,ironhawk4902@yahoo.com
FireDragon4903,72766,False,firedragon4903@gmail.com
ShadowBear4904,56484,False,shadowbear4904@outlook.com
EpicViper4905,97240,False,epicviper4905@mail.ru
GoldenEagle4906,10354,False,goldeneagle4906@hotmail.com
MightyWolf4907,32923,False,mightywolf4907@mail.ru
SilentDragon4908,28351,False,silentdragon4908@yahoo.com
EpicLion4909,57367,False,epiclion4909@gmail.com
GoldenLion4910,50313,True,goldenlion4910@gmail.com
FireWolf4911,69589,True,firewolf4911@mail.ru
CoolHawk4912,92057,False,coolhawk4912@gmail.com
DarkShark4913,90022,True,darkshark4913@mail.ru
EpicBear4914,35017,False,epicbear4914@yahoo.com
CoolBear4915,32280,False,coolbear4915@mail.ru
FireWolf4916,56653,False,firewolf4916@mail.ru
MightyBear4917,75842,False,mightybear4917@mail.ru
DarkTiger4918,78101,False,darktiger4918@mail.ru
ShadowBear4919,81029,False,shadowbear4919@mail.ru
DarkFox4920,94953,False,darkfox4920@gmail.com
MightyViper4921,20304,False,mightyviper4921@gmail.com
SwiftHawk4922,99726,False,swifthawk4922@mail.ru
IronLion4923,46400,False,ironlion4923@outlook.com
SilentViper4924,20205,False,silentviper4924@hotmail.com
DarkBear4925,53575,True,darkbear4925@hotmail.com
CoolTiger4926,92440,False,cooltiger4926@hotmail.com
IronDragon4927,16130,False,irondragon4927@yahoo.com
CoolEagle4928,74816,False,cooleagle4928@mail.ru
GoldenTiger4929,44190,False,goldentiger4929@outlook.com
CoolHawk4930,78542,False,coolhawk4930@hotmail.com
IronShark4931,65082,True,ironshark4931@outlook.com
GoldenTiger4932,11778,False,goldentiger4932@outlook.com
SilentDragon4933,91668,False,silentdragon4933@gmail.com
SilentWolf4934,38790,True,silentwolf4934@gmail.com
FireDragon4935,74701,False,firedragon4935@outlook.com
IronTiger4936,25185,False,irontiger4936@outlook.com
MightyEagle4937,96230,False,mightyeagle4937@outlook.com
GoldenViper4938,65447,False,goldenviper4938@hotmail.com
FireTiger4939,29091,False,firetiger4939@hotmail.com
CoolWolf4940,72504,False,coolwolf4940@hotmail.com
EpicLion4941,45500,False,epiclion4941@gmail.com
SwiftWolf4942,52048,False,swiftwolf4942@yahoo.com
CoolTiger4943,16578,False,cooltiger4943@mail.ru
MightyWolf4944,39310,False,mightywolf4944@hotmail.com
ShadowEagle4945,96285,False,shadoweagle4945@gmail.com
GoldenFox4946,79294,False,goldenfox4946@hotmail.com
SilentDragon4947,87509,False,silentdragon4947@yahoo.com
MightyDragon4948,47403,False,mightydragon4948@mail.ru
SwiftWolf4949,5017,False,swiftwolf4949@outlook.com
SwiftShark4950,84948,False,swiftshark4950@hotmail.com
EpicViper4951,27266,False,epicviper4951@outlook.com
EpicShark4952,18972,False,epicshark4952@gmail.com
DarkLion4953,95238,False,darklion4953@yahoo.com
IronEagle4954,46743,False,ironeagle4954@mail.ru
CoolEagle4955,64196,False,cooleagle4955@mail.ru
ShadowFox4956,23804,False,shadowfox4956@yahoo.com
IronViper4957,9847,False,ironviper4957@gmail.com
GoldenShark4958,30346,True,goldenshark4958@gmail.com
DarkBear4959,16855,False,darkbear4959@hotmail.com
SwiftDragon4960,98667,False,swiftdragon4960@outlook.com
IronFox4961,98570,True,ironfox4961@outlook.com
EpicWolf4962,6685,False,epicwolf4962@gmail.com
SilentLion4963,20778,False,silentlion4963@yahoo.com
EpicBear4964,33240,False,epicbear4964@hotmail.com
FireViper4965,69148,False,fireviper4965@gmail.com
IronWolf4966,48229,False,ironwolf4966@gmail.com
IronShark4967,21879,True,ironshark4967@hotmail.com
SwiftHawk4968,54679,False,swifthawk4968@outlook.com
SwiftDragon4969,46009,False,swiftdragon4969@outlook.com
EpicHawk4970,7142,False,epichawk4970@hotmail.com
CoolTiger4971,70208,False,cooltiger4971@hotmail.com
ShadowBear4972,29832,False,shadowbear4972@mail.ru
MightyEagle4973,85805,False,mightyeagle4973@yahoo.com
CoolBear4974,4973,True,coolbear4974@yahoo.com
GoldenViper4975,53024,False,goldenviper4975@yahoo.com
FireViper4976,49427,False,fireviper4976@gmail.com
MightyWolf4977,19861,False,mightywolf4977@yahoo.com
IronLion4978,58837,False,ironlion4978@yahoo.com
GoldenViper4979,75711,False,goldenviper4979@outlook.com
SilentFox4980,30900,False,silentfox4980@gmail.com
IronViper4981,19252,False,ironviper4981@yahoo.com
ShadowWolf4982,95282,False,shadowwolf4982@gmail.com
SilentBear4983,56512,False,silentbear4983@mail.ru
SilentShark4984,36882,False,silentshark4984@outlook.com
FireShark4985,30894,True,fireshark4985@gmail.com
EpicShark4986,72893,False,epicshark4986@yahoo.com
EpicHawk4987,36338,False,epichawk4987@yahoo.com
MightyTiger4988,-277,True,mightytiger4988@outlook.com
SwiftViper4989,46497,False,swiftviper4989@yahoo.com
MightyTiger4990,50459,True,mightytiger4990@outlook.com
ShadowDragon4991,18904,False,shadowdragon4991@yahoo.com
ShadowLion4992,76150,False,shadowlion4992@yahoo.com
IronLion4993,77748,False,ironlion4993@gmail.com
FireDragon4994,19412,False,firedragon4994@gmail.com
ShadowViper4995,70025,True,shadowviper4995@outlook.com
CoolDragon4996,56574,False,cooldragon4996@outlook.com
IronBear4997,23931,True,ironbear4997@mail.ru
FireLion4998,97016,False,firelion4998@gmail.com
SilentTiger4999,78579,True,silenttiger4999@yahoo.com
GoldenDragon5000,16363,False,goldendragon5000@yahoo.com
ShadowShark5001,15193,False,shadowshark5001@mail.ru
DarkShark5002,9263,False,darkshark5002@mail.ru
DarkEagle5003,25663,False,darkeagle5003@gmail.com
FireFox5004,95914,False,firefox5004@yahoo.com
IronBear5005,18031,False,ironbear5005@yahoo.com
CoolFox5006,18100,False,coolfox5006@yahoo.com
FireBear5007,16919,True,firebear5007@mail.ru
SwiftDragon5008,59125,False,swiftdragon5008@yahoo.com
DarkWolf5009,32174,True,darkwolf5009@hotmail.com
CoolHawk5010,59874,False,coolhawk5010@outlook.com
IronWolf5011,61058,False,ironwolf5011@hotmail.com
FireLion5012,86250,True,firelion5012@outlook.com
CoolFox5013,81542,True,coolfox5013@hotmail.com
SilentTiger5014,31278,False,silenttiger5014@mail.ru
MightyShark5015,76705,False,mightyshark5015@gmail.com
EpicShark5016,29196,False,epicshark5016@yahoo.com
ShadowHawk5017,43845,True,shadowhawk5017@mail.ru
SilentHawk5018,47346,True,silenthawk5018@mail.ru
DarkLion5019,48145,True,darklion5019@mail.ru
SwiftBear5020,55609,False,swiftbear5020@yahoo.com
FireBear5021,-578,False,firebear5021@hotmail.com
GoldenFox5022,10867,True,goldenfox5022@outlook.com
EpicViper5023,86715,False,epicviper5023@mail.ru
CoolFox5024,79398,False,coolfox5024@mail.ru
MightyShark5025,90486,True,mightyshark5025@hotmail.com
CoolHawk5026,54475,False,coolhawk5026@gmail.com
DarkDragon5027,19936,False,darkdragon5027@hotmail.com
IronHawk5028,87513,False,ironhawk5028@outlook.com
FireBear5029,83384,False,firebear5029@outlook.com
GoldenTiger5030,87318,False,goldentiger5030@hotmail.com
EpicFox5031,91652,True,epicfox5031@outlook.com
IronWolf5032,26412,False,ironwolf5032@yahoo.com
SilentTiger5033,72809,False,silenttiger5033@outlook.com
SwiftLion5034,41000,True,swiftlion5034@hotmail.com
ShadowWolf5035,1423,False,shadowwolf5035@mail.ru
GoldenBear5036,93352,False,goldenbear5036@mail.ru
DarkBear5037,2494,False,darkbear5037@mail.ru
FireShark5038,93181,False,fireshark5038@hotmail.com
EpicLion5039,39850,False,epiclion5039@hotmail.com
IronShark5040,20456,False,ironshark5040@gmail.com
DarkDragon5041,23028,True,darkdragon5041@yahoo.com
MightyFox5042,3819,False,mightyfox5042@outlook.com
FireShark5043,85216,False,fireshark5043@mail.ru
SwiftBear5044,16380,False,swiftbear5044@mail.ru
FireFox5045,8043,False,firefox5045@gmail.com
ShadowHawk5046,51823,True,shadowhawk5046@outlook.com
SwiftDragon5047,98845,False,swiftdragon5047@outlook.com
IronBear5048,23563,False,ironbear5048@mail.ru
IronViper5049,65094,False,ironviper5049@outlook.com
ShadowDragon5050,94244,False,shadowdragon5050@hotmail.com
GoldenTiger5051,27079,True,goldentiger5051@yahoo.com
GoldenViper5052,20268,False,goldenviper5052@mail.ru
IronTiger5053,17925,False,irontiger5053@gmail.com
EpicEagle5054,80519,False,epiceagle5054@hotmail.com
DarkLion5055,75871,False,darklion5055@outlook.com
ShadowLion5056,9765,False,shadowlion5056@hotmail.com
FireTiger5057,57517,False,firetiger5057@mail.ru
CoolBear5058,92779,False,coolbear5058@gmail.com
GoldenTiger5059,60982,False,goldentiger5059@outlook.com
FireWolf5060,75429,False,firewolf5060@outlook.com
MightyTiger5061,28114,False,mightytiger5061@yahoo.com
EpicTiger5062,99450,True,epictiger5062@outlook.com
DarkEagle5063,98599,False,darkeagle5063@gmail.com
CoolHawk5064,81305,False,coolhawk5064@outlook.com
SwiftLion5065,55354,True,swiftlion5065@yahoo.com
EpicWolf5066,22803,False,epicwolf5066@outlook.com
DarkFox5067,92950,False,darkfox5067@gmail.com
DarkWolf5068,72843,True,darkwolf5068@outlook.com
SwiftEagle5069,11874,False,swifteagle5069@mail.ru
GoldenDragon5070,41673,False,goldendragon5070@outlook.com
ShadowFox5071,62448,False,shadowfox5071@mail.ru
FireShark5072,915,False,fireshark5072@hotmail.com
CoolHawk5073,64200,False,coolhawk5073@hotmail.com
MightyDragon5074,90288,False,mightydragon5074@outlook.com
EpicShark5075,76307,True,epicshark5075@hotmail.com
GoldenEagle5076,49113,True,goldeneagle5076@gmail.com
SilentDragon5077,99590,False,silentdragon5077@gmail.com
SilentBear5078,513,False,silentbear5078@mail.ru
FireEagle5079,88929,False,fireeagle5079@gmail.com
GoldenShark5080,16790,False,goldenshark5080@outlook.com
CoolDragon5081,67448,False,cooldragon5081@outlook.com
ShadowHawk5082,11081,False,shadowhawk5082@mail.ru
MightyHawk5083,53243,False,mightyhawk5083@yahoo.com
MightyEagle5084,55747,False,mightyeagle5084@mail.ru
MightyDragon5085,27341,False,mightydragon5085@hotmail.com
IronLion5086,98998,False,ironlion5086@mail.ru
CoolLion5087,91891,True,coollion5087@outlook.com
ShadowEagle5088,85995,False,shadoweagle5088@gmail.com
CoolShark5089,96342,False,coolshark5089@yahoo.com
IronViper5090,11145,True,ironviper5090@yahoo.com
MightyBear5091,48493,False,mightybear5091@mail.ru
MightyEagle5092,58085,False,mightyeagle5092@gmail.com
CoolBear5093,97476,False,coolbear5093@outlook.com
CoolBear5094,-708,True,coolbear5094@yahoo.com
MightyDragon5095,45117,False,mightydragon5095@mail.ru
SwiftWolf5096,16618,False,swiftwolf5096@gmail.com
SwiftFox5097,21667,False,swiftfox5097@outlook.com
EpicBear5098,4579,False,epicbear5098@outlook.com
DarkEagle5099,19803,False,darkeagle5099@gmail.com
GoldenLion5100,12538,False,goldenlion5100@gmail.com
DarkLion5101,1677,False,darklion5101@yahoo.com
SilentShark5102,31571,False,silentshark5102@mail.ru
ShadowTiger5103,85509,False,shadowtiger5103@yahoo.com
CoolTiger5104,24038,False,cooltiger5104@mail.ru
DarkHawk5105,35748,False,darkhawk5105@gmail.com
FireTiger5106,10793,False,firetiger5106@gmail.com
FireViper5107,89439,False,fireviper5107@yahoo.com
SwiftShark5108,86222,True,swiftshark5108@outlook.com
CoolTiger5109,21588,False,cooltiger5109@gmail.com
GoldenEagle5110,2495,False,goldeneagle5110@mail.ru
MightyEagle5111,62651,False,mightyeagle5111@outlook.com
DarkBear5112,92441,False,darkbear5112@outlook.com
EpicWolf5113,16670,False,epicwolf5113@yahoo.com
FireEagle5114,99100,False,fireeagle5114@gmail.com
CoolViper5115,13820,False,coolviper5115@outlook.com
GoldenDragon5116,29308,False,goldendragon5116@mail.ru
SilentDragon5117,29400,False,silentdragon5117@hotmail.com
GoldenBear5118,52356,False,goldenbear5118@outlook.com
GoldenShark5119,26670,False,goldenshark5119@yahoo.com
EpicDragon5120,10196,False,epicdragon5120@gmail.com
GoldenHawk5121,91776,False,goldenhawk5121@gmail.com
GoldenWolf5122,95027,False,goldenwolf5122@mail.ru
SilentEagle5123,79528,False,silenteagle5123@mail.ru
IronFox5124,1772,False,ironfox5124@yahoo.com
DarkViper5125,56204,False,darkviper5125@mail.ru
ShadowShark5126,44878,False,shadowshark5126@hotmail.com
FireBear5127,62680,False,firebear5127@mail.ru
FireShark5128,46492,False,fireshark5128@gmail.com
FireBear5129,79436,False,firebear5129@mail.ru
GoldenLion5130,87684,False,goldenlion5130@gmail.com
CoolViper5131,67234,False,coolviper5131@outlook.com
SilentEagle5132,95417,True,silenteagle5132@mail.ru
IronTiger5133,30868,False,irontiger5133@mail.ru
ShadowDragon5134,58620,False,shadowdragon5134@yahoo.com
FireFox5135,98119,False,firefox5135@outlook.com
FireBear5136,69464,False,firebear5136@hotmail.com
MightyShark5137,91277,True,mightyshark5137@gmail.com
CoolLion5138,20522,True,coollion5138@hotmail.com
CoolHawk5139,16960,True,coolhawk5139@gmail.com
EpicViper5140,14084,True,epicviper5140@outlook.com
MightyFox5141,37263,False,mightyfox5141@mail.ru
FireLion5142,84687,False,firelion5142@outlook.com
GoldenViper5143,60245,False,goldenviper5143@hotmail.com
ShadowHawk5144,90680,False,shadowhawk5144@outlook.com
DarkBear5145,40365,True,darkbear5145@mail.ru
FireTiger5146,35389,True,firetiger5146@mail.ru
SilentFox5147,11565,False,silentfox5147@mail.ru
GoldenFox5148,52802,False,goldenfox5148@yahoo.com
EpicEagle5149,84793,True,epiceagle5149@gmail.com
FireViper5150,59485,False,fireviper5150@mail.ru
ShadowViper5151,86107,False,shadowviper5151@gmail.com
GoldenBear5152,41764,False,goldenbear5152@outlook.com
MightyLion5153,43051,False,mightylion5153@gmail.com
GoldenFox5154,66632,False,goldenfox5154@yahoo.com
IronViper5155,12753,False,ironviper5155@hotmail.com
CoolBear5156,66965,False,coolbear5156@hotmail.com
IronHawk5157,57701,False,ironhawk5157@outlook.com
IronTiger5158,15741,False,irontiger5158@hotmail.com
FireShark5159,18934,False,fireshark5159@gmail.com
MightyViper5160,72415,True,mightyviper5160@gmail.com
FireEagle5161,38571,False,fireeagle5161@hotmail.com
SilentFox5162,12875,True,silentfox5162@outlook.com
EpicEagle5163,20030,False,epiceagle5163@gmail.com
SwiftShark5164,38278,False,swiftshark5164@hotmail.com
IronViper5165,5263,False,ironviper5165@mail.ru
ShadowShark5166,82528,False,shadowshark5166@hotmail.com
DarkFox5167,87590,False,darkfox5167@hotmail.com
EpicWolf5168,68697,False,epicwolf5168@mail.ru
DarkHawk5169,1156,True,darkhawk5169@gmail.com
DarkBear5170,40205,False,darkbear5170@mail.ru
SwiftBear5171,35672,False,swiftbear5171@outlook.com
SilentWolf5172,90042,False,silentwolf5172@mail.ru
MightyViper5173,52359,False,mightyviper5173@yahoo.com
DarkDragon5174,49487,False,darkdragon5174@hotmail.com
SwiftTiger5175,18542,False,swifttiger5175@mail.ru
DarkFox5176,28664,False,darkfox5176@mail.ru
MightyTiger5177,9603,False,mightytiger5177@gmail.com
GoldenViper5178,83229,False,goldenviper5178@yahoo.com
SilentViper5179,73996,False,silentviper5179@outlook.com
EpicLion5180,17751,False,epiclion5180@mail.ru
GoldenViper5181,15797,False,goldenviper5181@mail.ru
ShadowEagle5182,15406,False,shadoweagle5182@yahoo.com
EpicDragon5183,20881,True,epicdragon5183@mail.ru
ShadowEagle5184,67823,False,shadoweagle5184@yahoo.com
CoolBear5185,15545,False,coolbear5185@outlook.com
SilentBear5186,51456,False,silentbear5186@hotmail.com
EpicEagle5187,7107,False,epiceagle5187@outlook.com
MightyWolf5188,56984,False,mightywolf5188@mail.ru
SwiftHawk5189,32449,False,swifthawk5189@gmail.com
EpicEagle5190,43330,False,epiceagle5190@mail.ru
IronLion5191,41532,True,ironlion5191@outlook.com
SilentShark5192,98200,False,silentshark5192@outlook.com
DarkDragon5193,41962,False,darkdragon5193@outlook.com
SwiftViper5194,82376,False,swiftviper5194@outlook.com
DarkViper5195,80921,True,darkviper5195@gmail.com
ShadowLion5196,86351,False,shadowlion5196@mail.ru
SwiftDragon5197,69656,False,swiftdragon5197@yahoo.com
IronLion5198,39720,False,ironlion5198@gmail.com
IronDragon5199,91453,False,irondragon5199@outlook.com
SwiftWolf5200,63751,False,swiftwolf5200@mail.ru
SilentEagle5201,16374,False,silenteagle5201@yahoo.com
SilentFox5202,85838,True,silentfox5202@mail.ru
DarkViper5203,24368,False,darkviper5203@mail.ru
GoldenShark5204,94413,True,goldenshark5204@hotmail.com
FireDragon5205,51289,False,firedragon5205@hotmail.com
IronWolf5206,28046,False,ironwolf5206@outlook.com
ShadowViper5207,25874,False,shadowviper5207@outlook.com
MightyHawk5208,26583,False,mightyhawk5208@hotmail.com
GoldenFox5209,39503,False,goldenfox5209@hotmail.com
EpicTiger5210,90954,False,epictiger5210@yahoo.com
ShadowViper5211,52561,True,shadowviper5211@hotmail.com
MightyWolf5212,36214,False,mightywolf5212@hotmail.com
EpicWolf5213,29354,True,epicwolf5213@outlook.com
EpicBear5214,1053,False,epicbear5214@yahoo.com
ShadowFox5215,68060,False,shadowfox5215@hotmail.com
MightyTiger5216,32374,True,mightytiger5216@hotmail.com
EpicLion5217,49051,False,epiclion5217@yahoo.com
ShadowWolf5218,35689,False,shadowwolf5218@gmail.com
EpicTiger5219,50549,False,epictiger5219@yahoo.com
MightyViper5220,19230,False,mightyviper5220@gmail.com
ShadowLion5221,12220,False,shadowlion5221@yahoo.com
GoldenDragon5222,90813,False,goldendragon5222@hotmail.com
DarkHawk5223,71355,True,darkhawk5223@outlook.com
ShadowBear5224,54182,True,shadowbear5224@gmail.com
IronFox5225,19382,True,ironfox5225@gmail.com
FireShark5226,8137,False,fireshark5226@mail.ru
MightyHawk5227,65596,False,mightyhawk5227@outlook.com
FireDragon5228,52531,False,firedragon5228@hotmail.com
IronFox5229,43012,False,ironfox5229@hotmail.com
EpicShark5230,53346,True,epicshark5230@mail.ru
FireFox5231,89040,False,firefox5231@outlook.com
DarkEagle5232,24028,False,darkeagle5232@hotmail.com
ShadowBear5233,36774,False,shadowbear5233@gmail.com
EpicDragon5234,56507,False,epicdragon5234@mail.ru
FireViper5235,5865,False,fireviper5235@outlook.com
EpicWolf5236,62894,False,epicwolf5236@yahoo.com
EpicFox5237,18117,False,epicfox5237@yahoo.com
DarkHawk5238,4118,True,darkhawk5238@outlook.com
ShadowViper5239,38573,False,shadowviper5239@mail.ru
IronEagle5240,53022,True,ironeagle5240@gmail.com
GoldenViper5241,28609,False,goldenviper5241@gmail.com
FireEagle5242,3674,False,fireeagle5242@outlook.com
SwiftWolf5243,75647,False,swiftwolf5243@hotmail.com
SwiftLion5244,77129,True,swiftlion5244@hotmail.com
SwiftBear5245,13448,False,swiftbear5245@outlook.com
SilentBear5246,33878,False,silentbear5246@yahoo.com
SilentWolf5247,10994,False,silentwolf5247@yahoo.com
SwiftHawk5248,64603,False,swifthawk5248@hotmail.com
SilentEagle5249,43717,False,silenteagle5249@gmail.com
GoldenTiger5250,70731,False,goldentiger5250@yahoo.com
CoolTiger5251,43203,False,cooltiger5251@gmail.com
MightyTiger5252,91002,False,mightytiger5252@gmail.com
MightyLion5253,82436,False,mightylion5253@hotmail.com
FireTiger5254,81607,False,firetiger5254@mail.ru
SilentViper5255,48970,False,silentviper5255@mail.ru
MightyTiger5256,72010,False,mightytiger5256@gmail.com
IronBear5257,48407,False,ironbear5257@outlook.com
GoldenTiger5258,988,False,goldentiger5258@mail.ru
ShadowTiger5259,49907,False,shadowtiger5259@mail.ru
MightyLion5260,18625,True,mightylion5260@yahoo.com
SilentEagle5261,44399,False,silenteagle5261@yahoo.com
SwiftBear5262,29915,False,swiftbear5262@outlook.com
CoolBear5263,81214,False,coolbear5263@hotmail.com
EpicShark5264,51474,False,epicshark5264@outlook.com
MightyEagle5265,90134,False,mightyeagle5265@gmail.com
SwiftLion5266,10564,False,swiftlion5266@hotmail.com
MightyWolf5267,41818,False,mightywolf5267@hotmail.com
ShadowHawk5268,6459,False,shadowhawk5268@hotmail.com
CoolHawk5269,61433,False,coolhawk5269@gmail.com
SwiftLion5270,47081,False,swiftlion5270@hotmail.com
FireLion5271,935,True,firelion5271@outlook.com
IronEagle5272,19226,False,ironeagle5272@hotmail.com
ShadowEagle5273,89182,True,shadoweagle5273@outlook.com
ShadowHawk5274,64371,False,shadowhawk5274@gmail.com
MightyFox5275,24946,False,mightyfox5275@mail.ru
EpicTiger5276,47930,False,epictiger5276@hotmail.com
GoldenBear5277,53998,False,goldenbear5277@yahoo.com
MightyDragon5278,45971,False,mightydragon5278@outlook.com
MightyDragon5279,74868,False,mightydragon5279@yahoo.com
FireViper5280,9111,False,fireviper5280@yahoo.com
MightyDragon5281,48099,False,mightydragon5281@mail.ru
EpicDragon5282,71418,False,epicdragon5282@outlook.com
FireShark5283,44259,False,fireshark5283@gmail.com
CoolDragon5284,66774,False,cooldragon5284@mail.ru
FireEagle5285,61867,False,fireeagle5285@outlook.com
GoldenViper5286,81261,False,goldenviper5286@gmail.com
GoldenBear5287,80097,False,goldenbear5287@yahoo.com
FireViper5288,47731,False,fireviper5288@outlook.com
ShadowFox5289,46516,False,shadowfox5289@gmail.com
IronEagle5290,72157,False,ironeagle5290@hotmail.com
GoldenBear5291,85491,False,goldenbear5291@gmail.com
EpicTiger5292,14229,False,epictiger5292@outlook.com
ShadowFox5293,25176,True,shadowfox5293@mail.ru
SilentEagle5294,24674,False,silenteagle5294@yahoo.com
GoldenHawk5295,56502,False,goldenhawk5295@mail.ru
MightyShark5296,50453,False,mightyshark5296@mail.ru
GoldenShark5297,24719,False,goldenshark5297@outlook.com
IronLion5298,50194,False,ironlion5298@gmail.com
FireViper5299,56119,False,fireviper5299@hotmail.com
SilentEagle5300,61963,False,silenteagle5300@yahoo.com
GoldenFox5301,23458,False,goldenfox5301@yahoo.com
EpicTiger5302,78038,False,epictiger5302@mail.ru
MightyHawk5303,58067,False,mightyhawk5303@yahoo.com
ShadowHawk5304,58689,False,shadowhawk5304@yahoo.com
IronShark5305,4639,False,ironshark5305@hotmail.com
MightyWolf5306,85452,False,mightywolf5306@mail.ru
GoldenEagle5307,77582,False,goldeneagle5307@gmail.com
CoolLion5308,53844,False,coollion5308@hotmail.com
GoldenWolf5309,27410,False,goldenwolf5309@mail.ru
DarkFox5310,29034,False,darkfox5310@outlook.com
GoldenEagle5311,63356,False,goldeneagle5311@hotmail.com
DarkViper5312,84373,False,darkviper5312@yahoo.com
MightyBear5313,23833,True,mightybear5313@gmail.com
CoolFox5314,60199,False,coolfox5314@mail.ru
EpicLion5315,18277,False,epiclion5315@mail.ru
SilentBear5316,95962,False,silentbear5316@yahoo.com
DarkEagle5317,3740,False,darkeagle5317@outlook.com
DarkViper5318,40694,False,darkviper5318@yahoo.com
ShadowDragon5319,59301,False,shadowdragon5319@mail.ru
FireLion5320,35969,False,firelion5320@outlook.com
GoldenFox5321,47433,False,goldenfox5321@yahoo.com
EpicTiger5322,45768,False,epictiger5322@hotmail.com
FireHawk5323,76615,False,firehawk5323@outlook.com
CoolLion5324,68672,False,coollion5324@yahoo.com
GoldenWolf5325,4583,False,goldenwolf5325@yahoo.com
DarkTiger5326,99382,False,darktiger5326@yahoo.com
FireViper5327,92804,False,fireviper5327@hotmail.com
SwiftEagle5328,56509,True,swifteagle5328@outlook.com
GoldenEagle5329,77021,False,goldeneagle5329@gmail.com
EpicViper5330,14147,False,epicviper5330@hotmail.com
MightyFox5331,32538,False,mightyfox5331@outlook.com
MightyBear5332,50633,False,mightybear5332@hotmail.com
EpicTiger5333,93532,False,epictiger5333@hotmail.com
EpicLion5334,60848,True,epiclion5334@outlook.com
ShadowBear5335,31106,True,shadowbear5335@mail.ru
SwiftFox5336,5336,False,swiftfox5336@hotmail.com
GoldenTiger5337,15935,False,goldentiger5337@hotmail.com
ShadowWolf5338,52136,False,shadowwolf5338@yahoo.com
MightyDragon5339,97052,False,mightydragon5339@yahoo.com
SwiftDragon5340,92565,True,swiftdragon5340@mail.ru
SilentDragon5341,29111,False,silentdragon5341@yahoo.com
DarkTiger5342,7005,False,darktiger5342@mail.ru
FireViper5343,28516,True,fireviper5343@outlook.com
GoldenLion5344,17634,False,goldenlion5344@outlook.com
ShadowTiger5345,86465,False,shadowtiger5345@mail.ru
FireDragon5346,38955,True,firedragon5346@mail.ru
SilentEagle5347,81033,False,silenteagle5347@outlook.com
MightyViper5348,54050,False,mightyviper5348@mail.ru
MightyEagle5349,71962,False,mightyeagle5349@yahoo.com
EpicWolf5350,85454,False,epicwolf5350@mail.ru
GoldenWolf5351,18489,True,goldenwolf5351@outlook.com
SwiftWolf5352,72760,False,swiftwolf5352@gmail.com
IronBear5353,25845,False,ironbear5353@gmail.com
IronDragon5354,19145,False,irondragon5354@hotmail.com
MightyLion5355,53630,True,mightylion5355@hotmail.com
MightyDragon5356,40382,True,mightydragon5356@mail.ru
MightyShark5357,49549,True,mightyshark5357@gmail.com
MightyHawk5358,33586,False,mightyhawk5358@gmail.com
MightyHawk5359,41256,False,mightyhawk5359@outlook.com
DarkLion5360,97635,True,darklion5360@mail.ru
SwiftBear5361,43585,False,swiftbear5361@hotmail.com
SilentTiger5362,25779,True,silenttiger5362@outlook.com
FireViper5363,45713,False,fireviper5363@mail.ru
SilentBear5364,46818,False,silentbear5364@mail.ru
FireFox5365,37663,False,firefox5365@yahoo.com
IronWolf5366,68274,False,ironwolf5366@hotmail.com
SwiftShark5367,3930,False,swiftshark5367@gmail.com
MightyTiger5368,23019,False,mightytiger5368@mail.ru
MightyHawk5369,38936,False,mightyhawk5369@mail.ru
CoolDragon5370,93323,False,cooldragon5370@outlook.com
SwiftViper5371,4147,False,swiftviper5371@gmail.com
IronFox5372,23681,False,ironfox5372@hotmail.com
DarkViper5373,36886,False,darkviper5373@mail.ru
IronBear5374,37599,False,ironbear5374@gmail.com
IronTiger5375,12193,False,irontiger5375@hotmail.com
GoldenDragon5376,64745,False,goldendragon5376@mail.ru
FireBear5377,38665,False,firebear5377@yahoo.com
DarkDragon5378,83810,False,darkdragon5378@mail.ru
DarkDragon5379,77914,True,darkdragon5379@mail.ru
SwiftLion5380,74777,False,swiftlion5380@hotmail.com
SwiftDragon5381,52902,True,swiftdragon5381@mail.ru
MightyViper5382,63425,False,mightyviper5382@hotmail.com
CoolLion5383,89228,False,coollion5383@gmail.com
EpicViper5384,74795,False,epicviper5384@hotmail.com
SwiftTiger5385,18039,True,swifttiger5385@mail.ru
SwiftFox5386,155,False,swiftfox5386@gmail.com
MightyBear5387,4302,False,mightybear5387@gmail.com
IronLion5388,66956,False,ironlion5388@outlook.com
ShadowTiger5389,95395,True,shadowtiger5389@outlook.com
SilentWolf5390,17598,False,silentwolf5390@outlook.com
ShadowBear5391,82212,False,shadowbear5391@yahoo.com
IronEagle5392,6730,False,ironeagle5392@mail.ru
ShadowHawk5393,4923,False,shadowhawk5393@outlook.com
GoldenFox5394,62141,False,goldenfox5394@outlook.com
EpicHawk5395,2594,False,epichawk5395@outlook.com
CoolTiger5396,34854,False,cooltiger5396@mail.ru
IronHawk5397,51638,True,ironhawk5397@hotmail.com
SilentLion5398,61396,False,silentlion5398@outlook.com
FireBear5399,27316,False,firebear5399@yahoo.com
ShadowLion5400,46827,False,shadowlion5400@outlook.com
DarkWolf5401,42163,False,darkwolf5401@hotmail.com
ShadowEagle5402,79322,True,shadoweagle5402@gmail.com
CoolEagle5403,47370,False,cooleagle5403@outlook.com
GoldenTiger5404,6588,False,goldentiger5404@gmail.com
EpicEagle5405,-660,False,epiceagle5405@gmail.com
FireWolf5406,71294,False,firewolf5406@yahoo.com
DarkTiger5407,40354,False,darktiger5407@hotmail.com
GoldenViper5408,34407,False,goldenviper5408@mail.ru
GoldenTiger5409,49824,True,goldentiger5409@hotmail.com
DarkWolf5410,40794,False,darkwolf5410@yahoo.com
MightyEagle5411,65691,False,mightyeagle5411@yahoo.com
EpicEagle5412,91808,False,epiceagle5412@yahoo.com
GoldenFox5413,80234,False,goldenfox5413@gmail.com
MightyBear5414,29034,False,mightybear5414@hotmail.com
FireTiger5415,85656,False,firetiger5415@yahoo.com
SwiftViper5416,33635,True,swiftviper5416@hotmail.com
IronHawk5417,90172,False,ironhawk5417@mail.ru
ShadowEagle5418,23296,True,shadoweagle5418@hotmail.com
DarkLion5419,18554,True,darklion5419@outlook.com
SilentEagle5420,30942,False,silenteagle5420@yahoo.com
GoldenShark5421,51691,False,goldenshark5421@mail.ru
SilentWolf5422,57766,False,silentwolf5422@gmail.com
MightyEagle5423,5441,False,mightyeagle5423@hotmail.com
DarkHawk5424,55973,False,darkhawk5424@hotmail.com
MightyEagle5425,2029,False,mightyeagle5425@gmail.com
GoldenTiger5426,69818,True,goldentiger5426@outlook.com
CoolViper5427,16935,False,coolviper5427@yahoo.com
FireBear5428,83325,False,firebear5428@gmail.com
CoolLion5429,58488,True,coollion5429@gmail.com
FireFox5430,84999,False,firefox5430@outlook.com
FireEagle5431,31634,True,fireeagle5431@outlook.com
MightyLion5432,34833,False,mightylion5432@outlook.com
CoolEagle5433,40770,False,cooleagle5433@gmail.com
DarkShark5434,98309,False,darkshark5434@yahoo.com
CoolFox5435,47010,False,coolfox5435@outlook.com
ShadowFox5436,77201,False,shadowfox5436@gmail.com
MightyViper5437,38148,False,mightyviper5437@hotmail.com
MightyShark5438,63463,False,mightyshark5438@yahoo.com
DarkHawk5439,22407,False,darkhawk5439@mail.ru
FireViper5440,96237,False,fireviper5440@mail.ru
ShadowLion5441,89816,False,shadowlion5441@outlook.com
FireWolf5442,85578,False,firewolf5442@mail.ru
GoldenShark5443,44193,True,goldenshark5443@mail.ru
EpicFox5444,26702,True,epicfox5444@yahoo.com
EpicShark5445,53206,True,epicshark5445@outlook.com
DarkBear5446,39884,True,darkbear5446@yahoo.com
CoolTiger5447,92667,False,cooltiger5447@mail.ru
CoolDragon5448,69240,False,cooldragon5448@gmail.com
DarkFox5449,37994,True,darkfox5449@yahoo.com
CoolFox5450,60194,False,coolfox5450@yahoo.com
MightyLion5451,1526,False,mightylion5451@yahoo.com
DarkHawk5452,61881,False,darkhawk5452@outlook.com
GoldenDragon5453,22855,False,goldendragon5453@yahoo.com
GoldenEagle5454,97751,False,goldeneagle5454@outlook.com
GoldenEagle5455,74041,False,goldeneagle5455@yahoo.com
DarkShark5456,96654,False,darkshark5456@gmail.com
FireViper5457,8353,False,fireviper5457@mail.ru
CoolHawk5458,7792,False,coolhawk5458@gmail.com
SilentShark5459,14104,False,silentshark5459@hotmail.com
FireShark5460,16253,False,fireshark5460@gmail.com
IronViper5461,70668,False,ironviper5461@outlook.com
SwiftFox5462,52860,True,swiftfox5462@outlook.com
ShadowHawk5463,87350,False,shadowhawk5463@hotmail.com
ShadowLion5464,82015,False,shadowlion5464@gmail.com
ShadowDragon5465,82760,False,shadowdragon5465@yahoo.com
IronLion5466,44582,False,ironlion5466@mail.ru
CoolFox5467,82304,True,coolfox5467@hotmail.com
SwiftWolf5468,50259,True,swiftwolf5468@mail.ru
MightyWolf5469,22891,True,mightywolf5469@outlook.com
DarkTiger5470,1246,True,darktiger5470@outlook.com
MightyViper5471,84472,False,mightyviper5471@mail.ru
SilentShark5472,42773,False,silentshark5472@hotmail.com
IronEagle5473,47152,True,ironeagle5473@yahoo.com
ShadowDragon5474,92869,False,shadowdragon5474@gmail.com
CoolWolf5475,62188,False,coolwolf5475@mail.ru
FireLion5476,98237,False,firelion5476@mail.ru
SilentLion5477,41506,False,silentlion5477@yahoo.com
SwiftHawk5478,21678,False,swifthawk5478@gmail.com
ShadowDragon5479,23032,False,shadowdragon5479@yahoo.com
DarkHawk5480,9558,False,darkhawk5480@hotmail.com
CoolLion5481,23706,False,coollion5481@hotmail.com
ShadowFox5482,84524,False,shadowfox5482@hotmail.com
MightyViper5483,19852,False,mightyviper5483@gmail.com
CoolFox5484,4626,False,coolfox5484@yahoo.com
CoolHawk5485,21923,False,coolhawk5485@outlook.com
SilentViper5486,37777,False,silentviper5486@gmail.com
GoldenTiger5487,53299,True,goldentiger5487@gmail.com
DarkFox5488,8853,True,darkfox5488@yahoo.com
EpicShark5489,25612,False,epicshark5489@gmail.com
DarkWolf5490,21150,False,darkwolf5490@outlook.com
ShadowBear5491,93818,False,shadowbear5491@outlook.com
SilentEagle5492,79294,False,silenteagle5492@hotmail.com
SwiftShark5493,2655,False,swiftshark5493@hotmail.com
SwiftEagle5494,76370,False,swifteagle5494@gmail.com
IronEagle5495,92407,False,ironeagle5495@yahoo.com
FireViper5496,7492,True,fireviper5496@mail.ru
SilentDragon5497,25074,False,silentdragon5497@mail.ru
SwiftViper5498,46221,False,swiftviper5498@outlook.com
CoolHawk5499,92039,False,coolhawk5499@yahoo.com
SilentWolf5500,72142,False,silentwolf5500@outlook.com
SilentFox5501,78085,True,silentfox5501@gmail.com
MightyHawk5502,84685,False,mightyhawk5502@outlook.com
SilentViper5503,59482,False,silentviper5503@mail.ru
MightyDragon5504,92407,True,mightydragon5504@yahoo.com
EpicViper5505,11828,False,epicviper5505@yahoo.com
FireTiger5506,24903,False,firetiger5506@mail.ru
MightyEagle5507,34122,False,mightyeagle5507@gmail.com
ShadowLion5508,41666,True,shadowlion5508@yahoo.com
IronViper5509,9737,False,ironviper5509@gmail.com
ShadowShark5510,8465,False,shadowshark5510@mail.ru
GoldenHawk5511,34443,False,goldenhawk5511@mail.ru
CoolViper5512,8670,False,coolviper5512@gmail.com
FireWolf5513,75005,False,firewolf5513@yahoo.com
FireShark5514,21878,False,fireshark5514@outlook.com
IronWolf5515,2190,False,ironwolf5515@hotmail.com
EpicViper5516,54197,True,epicviper5516@gmail.com
IronBear5517,76875,False,ironbear5517@yahoo.com
IronShark5518,44497,False,ironshark5518@outlook.com
FireFox5519,69891,False,firefox5519@mail.ru
SwiftDragon5520,95841,False,swiftdragon5520@mail.ru
CoolHawk5521,74445,False,coolhawk5521@yahoo.com
SwiftWolf5522,88255,False,swiftwolf5522@yahoo.com
SilentWolf5523,38908,False,silentwolf5523@yahoo.com
MightyLion5524,33235,False,mightylion5524@outlook.com
SilentFox5525,73305,False,silentfox5525@outlook.com
SwiftLion5526,56076,False,swiftlion5526@hotmail.com
SilentFox5527,97638,False,silentfox5527@outlook.com
ShadowDragon5528,90639,False,shadowdragon5528@outlook.com
EpicShark5529,70045,False,epicshark5529@outlook.com
SwiftTiger5530,86437,False,swifttiger5530@hotmail.com
IronHawk5531,98985,False,ironhawk5531@gmail.com
IronEagle5532,35865,True,ironeagle5532@outlook.com
MightyBear5533,72505,False,mightybear5533@gmail.com
GoldenHawk5534,35084,False,goldenhawk5534@gmail.com
IronDragon5535,97161,False,irondragon5535@outlook.com
DarkHawk5536,6094,False,darkhawk5536@outlook.com
GoldenLion5537,10900,False,goldenlion5537@yahoo.com
FireTiger5538,431,False,firetiger5538@mail.ru
SilentShark5539,19544,False,silentshark5539@mail.ru
GoldenLion5540,70833,True,goldenlion5540@yahoo.com
DarkShark5541,45438,False,darkshark5541@hotmail.com
EpicShark5542,30478,False,epicshark5542@gmail.com
SilentHawk5543,88856,False,silenthawk5543@outlook.com
DarkViper5544,73294,False,darkviper5544@outlook.com
ShadowTiger5545,48193,True,shadowtiger5545@gmail.com
MightyViper5546,77796,False,mightyviper5546@hotmail.com
EpicFox5547,31734,False,epicfox5547@outlook.com
MightyBear5548,-947,False,mightybear5548@mail.ru
FireHawk5549,8463,False,firehawk5549@gmail.com
SwiftShark5550,51673,True,swiftshark5550@gmail.com
DarkShark5551,64356,False,darkshark5551@hotmail.com
ShadowEagle5552,78175,True,shadoweagle5552@yahoo.com
GoldenTiger5553,18531,True,goldentiger5553@hotmail.com
DarkFox5554,92256,True,darkfox5554@outlook.com
MightyBear5555,95252,False,mightybear5555@yahoo.com
CoolHawk5556,57397,False,coolhawk5556@outlook.com
ShadowDragon5557,5759,False,shadowdragon5557@yahoo.com
DarkEagle5558,37734,False,darkeagle5558@outlook.com
SilentFox5559,51252,False,silentfox5559@outlook.com
GoldenHawk5560,71371,True,goldenhawk5560@outlook.com
DarkBear5561,95066,False,darkbear5561@mail.ru
MightyTiger5562,18494,False,mightytiger5562@yahoo.com
SilentShark5563,79430,False,silentshark5563@gmail.com
SwiftEagle5564,38968,False,swifteagle5564@yahoo.com
DarkWolf5565,1974,False,darkwolf5565@outlook.com
MightyShark5566,2992,False,mightyshark5566@gmail.com
FireDragon5567,13951,False,firedragon5567@hotmail.com
DarkWolf5568,47694,False,darkwolf5568@gmail.com
FireHawk5569,76912,False,firehawk5569@gmail.com
MightyViper5570,63322,False,mightyviper5570@hotmail.com
GoldenShark5571,64174,False,goldenshark5571@hotmail.com
SwiftEagle5572,4296,False,swifteagle5572@gmail.com
GoldenShark5573,77918,True,goldenshark5573@mail.ru
EpicDragon5574,35962,False,epicdragon5574@hotmail.com
SilentShark5575,2794,False,silentshark5575@mail.ru
CoolWolf5576,40328,False,coolwolf5576@outlook.com
DarkWolf5577,89934,False,darkwolf5577@gmail.com
DarkBear5578,92918,False,darkbear5578@mail.ru
EpicFox5579,88768,False,epicfox5579@gmail.com
SilentTiger5580,83468,False,silenttiger5580@yahoo.com
FireShark5581,89499,False,fireshark5581@gmail.com
EpicHawk5582,94317,False,epichawk5582@outlook.com
CoolTiger5583,19220,False,cooltiger5583@yahoo.com
DarkFox5584,54605,True,darkfox5584@mail.ru
MightyDragon5585,15077,False,mightydragon5585@mail.ru
ShadowShark5586,3960,False,shadowshark5586@gmail.com
GoldenViper5587,72839,False,goldenviper5587@hotmail.com
FireWolf5588,72643,True,firewolf5588@outlook.com
SilentEagle5589,88865,False,silenteagle5589@outlook.com
ShadowEagle5590,54431,False,shadoweagle5590@hotmail.com
DarkEagle5591,33991,False,darkeagle5591@yahoo.com
MightyLion5592,29558,True,mightylion5592@yahoo.com
ShadowHawk5593,2778,False,shadowhawk5593@gmail.com
CoolEagle5594,5058,True,cooleagle5594@outlook.com
SwiftWolf5595,43919,False,swiftwolf5595@mail.ru
MightyWolf5596,92029,False,mightywolf5596@yahoo.com
DarkViper5597,97049,False,darkviper5597@yahoo.com
FireTiger5598,41050,True,firetiger5598@outlook.com
IronBear5599,32153,True,ironbear5599@gmail.com
IronHawk5600,58342,True,ironhawk5600@outlook.com
IronLion5601,74360,False,ironlion5601@outlook.com
SilentFox5602,23624,True,silentfox5602@mail.ru
EpicViper5603,52329,False,epicviper5603@yahoo.com
CoolHawk5604,61135,False,coolhawk5604@hotmail.com
ShadowBear5605,56986,False,shadowbear5605@hotmail.com
DarkFox5606,2751,True,darkfox5606@outlook.com
FireBear5607,56536,False,firebear5607@gmail.com
DarkDragon5608,87692,True,darkdragon5608@mail.ru
DarkHawk5609,32005,False,darkhawk5609@gmail.com
SilentHawk5610,47858,True,silenthawk5610@mail.ru
GoldenTiger5611,53853,True,goldentiger5611@mail.ru
SwiftViper5612,41564,False,swiftviper5612@outlook.com
ShadowShark5613,33221,True,shadowshark5613@hotmail.com
SilentViper5614,76034,False,silentviper5614@gmail.com
IronHawk5615,52432,False,ironhawk5615@yahoo.com
DarkWolf5616,61123,False,darkwolf5616@gmail.com
ShadowBear5617,23341,False,shadowbear5617@hotmail.com
SwiftWolf5618,38087,True,swiftwolf5618@hotmail.com
ShadowTiger5619,-593,False,shadowtiger5619@hotmail.com
IronFox5620,62831,False,ironfox5620@gmail.com
DarkLion5621,12785,False,darklion5621@outlook.com
IronLion5622,51344,False,ironlion5622@yahoo.com
GoldenHawk5623,71862,False,goldenhawk5623@mail.ru
GoldenTiger5624,43691,False,goldentiger5624@gmail.com
IronWolf5625,45018,False,ironwolf5625@outlook.com
ShadowFox5626,45094,False,shadowfox5626@hotmail.com
SwiftLion5627,46609,False,swiftlion5627@outlook.com
MightyHawk5628,99992,False,mightyhawk5628@outlook.com
SilentEagle5629,43569,False,silenteagle5629@hotmail.com
IronDragon5630,24102,False,irondragon5630@outlook.com
DarkLion5631,32010,False,darklion5631@outlook.com
CoolLion5632,91390,False,coollion5632@outlook.com
EpicTiger5633,89545,False,epictiger5633@outlook.com
SwiftFox5634,88239,False,swiftfox5634@gmail.com
ShadowViper5635,63142,False,shadowviper5635@yahoo.com
SilentViper5636,58336,False,silentviper5636@hotmail.com
EpicFox5637,8009,False,epicfox5637@gmail.com
EpicEagle5638,47874,False,epiceagle5638@yahoo.com
EpicShark5639,62486,False,epicshark5639@hotmail.com
EpicHawk5640,33761,False,epichawk5640@yahoo.com
DarkBear5641,10322,True,darkbear5641@mail.ru
MightyHawk5642,91421,False,mightyhawk5642@mail.ru
GoldenShark5643,73581,True,goldenshark5643@hotmail.com
EpicHawk5644,8349,False,epichawk5644@hotmail.com
GoldenDragon5645,7453,False,goldendragon5645@mail.ru
EpicFox5646,49520,True,epicfox5646@mail.ru
DarkHawk5647,55359,False,darkhawk5647@yahoo.com
SilentViper5648,57628,False,silentviper5648@hotmail.com
SwiftEagle5649,42548,True,swifteagle5649@outlook.com
GoldenDragon5650,19752,False,goldendragon5650@outlook.com
CoolBear5651,98846,False,coolbear5651@gmail.com
IronBear5652,98513,False,ironbear5652@gmail.com
ShadowDragon5653,90121,False,shadowdragon5653@gmail.com
IronLion5654,22126,False,ironlion5654@hotmail.com
SwiftHawk5655,74676,False,swifthawk5655@outlook.com
CoolDragon5656,23884,False,cooldragon5656@yahoo.com
CoolShark5657,83523,False,coolshark5657@gmail.com
FireViper5658,30578,True,fireviper5658@gmail.com
DarkLion5659,93171,False,darklion5659@mail.ru
ShadowShark5660,60139,False,shadowshark5660@mail.ru
GoldenBear5661,30863,False,goldenbear5661@gmail.com
CoolWolf5662,24816,False,coolwolf5662@gmail.com
SilentDragon5663,71913,False,silentdragon5663@gmail.com
GoldenTiger5664,14207,True,goldentiger5664@outlook.com
DarkLion5665,29869,False,darklion5665@yahoo.com
MightyHawk5666,85550,False,mightyhawk5666@outlook.com
GoldenViper5667,82674,True,goldenviper5667@yahoo.com
CoolViper5668,36051,False,coolviper5668@outlook.com
SilentDragon5669,73298,False,silentdragon5669@mail.ru
SilentHawk5670,49807,True,silenthawk5670@yahoo.com
SilentTiger5671,36543,False,silenttiger5671@gmail.com
MightyWolf5672,8911,False,mightywolf5672@mail.ru
MightyFox5673,252,False,mightyfox5673@yahoo.com
SwiftFox5674,42468,False,swiftfox5674@gmail.com
ShadowHawk5675,43652,False,shadowhawk5675@hotmail.com
DarkShark5676,12631,False,darkshark5676@yahoo.com
SilentViper5677,59207,False,silentviper5677@mail.ru
EpicTiger5678,90377,True,epictiger5678@gmail.com
SwiftHawk5679,83454,False,swifthawk5679@yahoo.com
FireShark5680,77781,True,fireshark5680@hotmail.com
SilentFox5681,81905,False,silentfox5681@outlook.com
EpicViper5682,84560,False,epicviper5682@hotmail.com
MightyShark5683,43949,False,mightyshark5683@yahoo.com
ShadowFox5684,18342,False,shadowfox5684@mail.ru
GoldenBear5685,26814,False,goldenbear5685@mail.ru
FireHawk5686,7514,False,firehawk5686@mail.ru
IronLion5687,17216,False,ironlion5687@outlook.com
SilentHawk5688,48897,False,silenthawk5688@hotmail.com
EpicBear5689,27042,False,epicbear5689@outlook.com
FireFox5690,91907,True,firefox5690@outlook.com
FireBear5691,11286,False,firebear5691@mail.ru
DarkShark5692,86288,False,darkshark5692@gmail.com
GoldenBear5693,45627,False,goldenbear5693@outlook.com
IronShark5694,51947,True,ironshark5694@outlook.com
SwiftViper5695,1830,False,swiftviper5695@yahoo.com
DarkDragon5696,64598,True,darkdragon5696@gmail.com
EpicWolf5697,88824,True,epicwolf5697@yahoo.com
SilentWolf5698,34617,False,silentwolf5698@outlook.com
EpicEagle5699,56668,False,epiceagle5699@hotmail.com
IronBear5700,4441,False,ironbear5700@gmail.com
FireTiger5701,43019,True,firetiger5701@yahoo.com
IronBear5702,97050,False,ironbear5702@yahoo.com
IronDragon5703,10819,False,irondragon5703@hotmail.com
SilentWolf5704,84637,False,silentwolf5704@gmail.com
SilentEagle5705,82287,False,silenteagle5705@hotmail.com
SwiftHawk5706,75302,False,swifthawk5706@hotmail.com
FireShark5707,36860,False,fireshark5707@outlook.com
CoolHawk5708,48180,False,coolhawk5708@mail.ru
CoolFox5709,75994,False,coolfox5709@hotmail.com
SilentLion5710,95341,False,silentlion5710@mail.ru
CoolHawk5711,30042,False,coolhawk5711@hotmail.com
ShadowDragon5712,85620,False,shadowdragon5712@mail.ru
SilentLion5713,27453,False,silentlion5713@mail.ru
GoldenLion5714,27290,False,goldenlion5714@outlook.com
SwiftTiger5715,72481,True,swifttiger5715@hotmail.com
MightyTiger5716,37083,False,mightytiger5716@hotmail.com
CoolWolf5717,76321,False,coolwolf5717@gmail.com
ShadowShark5718,99943,False,shadowshark5718@yahoo.com
GoldenDragon5719,86982,False,goldendragon5719@yahoo.com
IronLion5720,33612,False,ironlion5720@outlook.com
GoldenHawk5721,93350,True,goldenhawk5721@yahoo.com
SilentLion5722,23394,False,silentlion5722@hotmail.com
EpicFox5723,56028,False,epicfox5723@outlook.com
FireLion5724,69639,False,firelion5724@yahoo.com
GoldenEagle5725,65452,False,goldeneagle5725@hotmail.com
IronFox5726,47815,False,ironfox5726@mail.ru
GoldenShark5727,37285,False,goldenshark5727@mail.ru
DarkHawk5728,52488,False,darkhawk5728@gmail.com
FireShark5729,84664,False,fireshark5729@yahoo.com
FireEagle5730,25968,False,fireeagle5730@gmail.com
DarkBear5731,70948,False,darkbear5731@yahoo.com
DarkTiger5732,72396,False,darktiger5732@gmail.com
EpicEagle5733,94490,True,epiceagle5733@hotmail.com
FireBear5734,94434,False,firebear5734@hotmail.com
FireEagle5735,68401,False,fireeagle5735@hotmail.com
FireFox5736,1898,False,firefox5736@hotmail.com
CoolTiger5737,42634,False,cooltiger5737@yahoo.com
EpicHawk5738,32838,True,epichawk5738@yahoo.com
FireViper5739,33920,True,fireviper5739@outlook.com
MightyTiger5740,53611,True,mightytiger5740@yahoo.com
SilentHawk5741,41516,True,silenthawk5741@hotmail.com
FireBear5742,97078,False,firebear5742@mail.ru
DarkTiger5743,90015,False,darktiger5743@yahoo.com
DarkShark5744,42567,False,darkshark5744@hotmail.com
IronShark5745,60877,False,ironshark5745@outlook.com
DarkBear5746,74018,True,darkbear5746@mail.ru
DarkShark5747,29537,False,darkshark5747@yahoo.com
MightyFox5748,96056,False,mightyfox5748@mail.ru
CoolLion5749,78870,False,coollion5749@outlook.com
SilentFox5750,71110,False,silentfox5750@mail.ru
MightyWolf5751,94842,False,mightywolf5751@gmail.com
DarkTiger5752,45911,True,darktiger5752@yahoo.com
SilentHawk5753,66994,False,silenthawk5753@hotmail.com
GoldenViper5754,36541,False,goldenviper5754@gmail.com
EpicViper5755,28022,False,epicviper5755@hotmail.com
SwiftFox5756,50706,True,swiftfox5756@outlook.com
GoldenEagle5757,87629,False,goldeneagle5757@mail.ru
FireDragon5758,57188,True,firedragon5758@hotmail.com
EpicFox5759,28487,False,epicfox5759@gmail.com
SwiftHawk5760,10355,False,swifthawk5760@gmail.com
SilentViper5761,72687,False,silentviper5761@mail.ru
ShadowFox5762,40038,True,shadowfox5762@yahoo.com
CoolEagle5763,25983,False,cooleagle5763@outlook.com
GoldenLion5764,60804,True,goldenlion5764@mail.ru
SwiftBear5765,41549,False,swiftbear5765@mail.ru
FireWolf5766,63826,True,firewolf5766@hotmail.com
CoolViper5767,39733,False,coolviper5767@mail.ru
MightyTiger5768,83709,False,mightytiger5768@hotmail.com
GoldenBear5769,60160,True,goldenbear5769@gmail.com
MightyBear5770,49290,False,mightybear5770@outlook.com
IronEagle5771,73628,False,ironeagle5771@gmail.com
SwiftLion5772,47174,True,swiftlion5772@mail.ru
IronHawk5773,82925,False,ironhawk5773@mail.ru
ShadowViper5774,3118,False,shadowviper5774@outlook.com
GoldenHawk5775,34337,False,goldenhawk5775@yahoo.com
ShadowLion5776,75930,False,shadowlion5776@yahoo.com
MightyViper5777,70291,False,mightyviper5777@mail.ru
IronDragon5778,85754,False,irondragon5778@gmail.com
GoldenEagle5779,50609,True,goldeneagle5779@mail.ru
GoldenLion5780,3369,False,goldenlion5780@outlook.com
DarkBear5781,64963,False,darkbear5781@outlook.com
DarkLion5782,27408,False,darklion5782@hotmail.com
DarkHawk5783,79062,True,darkhawk5783@gmail.com
SilentDragon5784,58930,False,silentdragon5784@mail.ru
MightyWolf5785,99338,False,mightywolf5785@gmail.com
EpicWolf5786,4049,False,epicwolf5786@gmail.com
SwiftLion5787,7385,False,swiftlion5787@outlook.com
IronTiger5788,15720,False,irontiger5788@hotmail.com
DarkViper5789,2425,False,darkviper5789@hotmail.com
DarkWolf5790,88253,False,darkwolf5790@hotmail.com
GoldenDragon5791,62612,False,goldendragon5791@outlook.com
ShadowTiger5792,60042,False,shadowtiger5792@hotmail.com
FireFox5793,68679,False,firefox5793@hotmail.com
CoolShark5794,19436,False,coolshark5794@mail.ru
GoldenLion5795,96938,True,goldenlion5795@outlook.com
CoolLion5796,84314,True,coollion5796@mail.ru
EpicFox5797,20997,False,epicfox5797@mail.ru
EpicWolf5798,75967,False,epicwolf5798@hotmail.com
SwiftHawk5799,44282,False,swifthawk5799@gmail.com
SwiftEagle5800,9697,False,swifteagle5800@mail.ru
DarkDragon5801,10506,False,darkdragon5801@yahoo.com
ShadowFox5802,87367,True,shadowfox5802@mail.ru
SilentDragon5803,2780,True,silentdragon5803@hotmail.com
CoolEagle5804,72634,False,cooleagle5804@mail.ru
FireBear5805,57481,True,firebear5805@outlook.com
MightyHawk5806,39608,False,mightyhawk5806@mail.ru
GoldenBear5807,36756,False,goldenbear5807@outlook.com
SwiftWolf5808,2921,False,swiftwolf5808@yahoo.com
SwiftTiger5809,40145,False,swifttiger5809@yahoo.com
MightyBear5810,81370,False,mightybear5810@hotmail.com
SwiftViper5811,85103,False,swiftviper5811@hotmail.com
IronBear5812,53094,False,ironbear5812@hotmail.com
SwiftBear5813,22602,False,swiftbear5813@gmail.com
SilentViper5814,30606,False,silentviper5814@mail.ru
FireHawk5815,75976,False,firehawk5815@outlook.com
DarkFox5816,4593,False,darkfox5816@yahoo.com
IronHawk5817,19161,False,ironhawk5817@hotmail.com
EpicEagle5818,72805,True,epiceagle5818@mail.ru
ShadowWolf5819,33210,False,shadowwolf5819@outlook.com
CoolHawk5820,33527,False,coolhawk5820@outlook.com
SwiftTiger5821,13004,True,swifttiger5821@outlook.com
CoolFox5822,27326,False,coolfox5822@outlook.com
EpicEagle5823,21519,False,epiceagle5823@mail.ru
SwiftViper5824,37433,False,swiftviper5824@mail.ru
IronViper5825,76774,False,ironviper5825@mail.ru
SilentViper5826,62630,False,silentviper5826@outlook.com
MightyEagle5827,70594,False,mightyeagle5827@hotmail.com
FireBear5828,11863,False,firebear5828@yahoo.com
MightyShark5829,55646,False,mightyshark5829@hotmail.com
DarkEagle5830,89064,False,darkeagle5830@mail.ru
IronHawk5831,78917,False,ironhawk5831@outlook.com
MightyWolf5832,13967,False,mightywolf5832@outlook.com
IronTiger5833,35873,False,irontiger5833@gmail.com
IronShark5834,95187,False,ironshark5834@gmail.com
IronDragon5835,22937,True,irondragon5835@gmail.com
DarkLion5836,6845,False,darklion5836@gmail.com
SwiftHawk5837,40011,False,swifthawk5837@yahoo.com
DarkWolf5838,52002,True,darkwolf5838@gmail.com
SilentShark5839,97236,False,silentshark5839@mail.ru
SilentFox5840,900,False,silentfox5840@yahoo.com
SilentViper5841,1496,False,silentviper5841@outlook.com
CoolDragon5842,29014,False,cooldragon5842@gmail.com
SilentFox5843,38712,False,silentfox5843@hotmail.com
CoolDragon5844,9458,False,cooldragon5844@mail.ru
DarkViper5845,72694,False,darkviper5845@outlook.com
EpicHawk5846,93159,False,epichawk5846@mail.ru
FireLion5847,42327,True,firelion5847@hotmail.com
GoldenShark5848,1348,True,goldenshark5848@hotmail.com
EpicDragon5849,50101,False,epicdragon5849@hotmail.com
ShadowFox5850,81626,False,shadowfox5850@mail.ru
MightyShark5851,86423,True,mightyshark5851@mail.ru
MightyWolf5852,70768,False,mightywolf5852@mail.ru
DarkShark5853,26434,True,darkshark5853@hotmail.com
SwiftShark5854,10620,False,swiftshark5854@gmail.com
DarkBear5855,97433,False,darkbear5855@hotmail.com
MightyFox5856,28999,False,mightyfox5856@hotmail.com
EpicLion5857,52511,False,epiclion5857@mail.ru
EpicHawk5858,90595,True,epichawk5858@hotmail.com
GoldenWolf5859,64975,False,goldenwolf5859@mail.ru
ShadowFox5860,83360,False,shadowfox5860@yahoo.com
CoolTiger5861,38436,False,cooltiger5861@mail.ru
SwiftShark5862,50222,False,swiftshark5862@gmail.com
EpicWolf5863,86738,False,epicwolf5863@yahoo.com
DarkFox5864,52865,False,darkfox5864@mail.ru
FireWolf5865,90441,True,firewolf5865@yahoo.com
CoolHawk5866,60985,False,coolhawk5866@gmail.com
MightyFox5867,45842,False,mightyfox5867@outlook.com
IronTiger5868,43794,False,irontiger5868@mail.ru
SilentHawk5869,35698,False,silenthawk5869@mail.ru
DarkFox5870,93630,True,darkfox5870@gmail.com
GoldenBear5871,93562,False,goldenbear5871@outlook.com
EpicFox5872,7913,False,epicfox5872@outlook.com
EpicLion5873,88760,False,epiclion5873@gmail.com
ShadowLion5874,22997,False,shadowlion5874@gmail.com
EpicViper5875,25415,False,epicviper5875@yahoo.com
ShadowEagle5876,11591,False,shadoweagle5876@hotmail.com
CoolFox5877,73487,False,coolfox5877@outlook.com
GoldenLion5878,17357,False,goldenlion5878@gmail.com
MightyWolf5879,68002,False,mightywolf5879@mail.ru
DarkLion5880,35497,False,darklion5880@gmail.com
FireWolf5881,93797,False,firewolf5881@mail.ru
FireDragon5882,45716,True,firedragon5882@outlook.com
IronEagle5883,33979,True,ironeagle5883@gmail.com
DarkLion5884,10367,False,darklion5884@mail.ru
CoolShark5885,67098,False,coolshark5885@hotmail.com
ShadowFox5886,13556,False,shadowfox5886@gmail.com
CoolDragon5887,39458,False,cooldragon5887@yahoo.com
ShadowShark5888,32254,False,shadowshark5888@gmail.com
SwiftShark5889,46689,False,swiftshark5889@outlook.com
FireShark5890,73525,False,fireshark5890@gmail.com
MightyViper5891,46290,False,mightyviper5891@outlook.com
DarkViper5892,22797,False,darkviper5892@hotmail.com
GoldenShark5893,50011,False,goldenshark5893@mail.ru
GoldenShark5894,-882,False,goldenshark5894@yahoo.com
SilentLion5895,44818,False,silentlion5895@yahoo.com
FireTiger5896,28142,False,firetiger5896@hotmail.com
CoolTiger5897,66642,False,cooltiger5897@hotmail.com
ShadowTiger5898,87673,False,shadowtiger5898@outlook.com
MightyDragon5899,19669,False,mightydragon5899@yahoo.com
ShadowEagle5900,63842,False,shadoweagle5900@hotmail.com
DarkEagle5901,66491,True,darkeagle5901@outlook.com
IronLion5902,-98,False,ironlion5902@hotmail.com
EpicHawk5903,24179,False,epichawk5903@outlook.com
CoolHawk5904,87747,False,coolhawk5904@yahoo.com
EpicTiger5905,33903,False,epictiger5905@mail.ru
ShadowDragon5906,42996,False,shadowdragon5906@mail.ru
MightyBear5907,1878,True,mightybear5907@mail.ru
IronViper5908,71207,True,ironviper5908@gmail.com
GoldenViper5909,87233,False,goldenviper5909@mail.ru
MightyHawk5910,40096,False,mightyhawk5910@mail.ru
CoolDragon5911,52445,True,cooldragon5911@outlook.com
SilentHawk5912,49599,False,silenthawk5912@outlook.com
SilentDragon5913,75267,False,silentdragon5913@gmail.com
SilentFox5914,59269,False,silentfox5914@mail.ru
SilentBear5915,3807,False,silentbear5915@outlook.com
FireEagle5916,79099,False,fireeagle5916@gmail.com
SilentLion5917,96676,False,silentlion5917@gmail.com
CoolWolf5918,92831,True,coolwolf5918@hotmail.com
SwiftEagle5919,58523,False,swifteagle5919@gmail.com
CoolViper5920,46362,False,coolviper5920@yahoo.com
ShadowDragon5921,9974,False,shadowdragon5921@gmail.com
SilentEagle5922,94224,False,silenteagle5922@mail.ru
FireEagle5923,61171,False,fireeagle5923@gmail.com
IronBear5924,55298,True,ironbear5924@hotmail.com
ShadowWolf5925,72886,False,shadowwolf5925@hotmail.com
SilentViper5926,80147,False,silentviper5926@mail.ru
EpicBear5927,21791,False,epicbear5927@yahoo.com
EpicTiger5928,21711,False,epictiger5928@mail.ru
CoolDragon5929,14170,False,cooldragon5929@yahoo.com
FireFox5930,20983,False,firefox5930@yahoo.com
IronDragon5931,47751,False,irondragon5931@yahoo.com
EpicHawk5932,4107,False,epichawk5932@hotmail.com
SwiftHawk5933,5139,True,swifthawk5933@gmail.com
GoldenBear5934,75975,False,goldenbear5934@hotmail.com
DarkBear5935,62157,True,darkbear5935@outlook.com
FireShark5936,64111,False,fireshark5936@mail.ru
SilentViper5937,35228,False,silentviper5937@hotmail.com
IronHawk5938,92343,False,ironhawk5938@hotmail.com
ShadowDragon5939,96236,False,shadowdragon5939@mail.ru
SilentViper5940,70037,False,silentviper5940@yahoo.com
EpicDragon5941,77317,False,epicdragon5941@mail.ru
SwiftLion5942,85332,False,swiftlion5942@yahoo.com
CoolDragon5943,9556,False,cooldragon5943@mail.ru
MightyTiger5944,29442,False,mightytiger5944@outlook.com
DarkEagle5945,15471,True,darkeagle5945@yahoo.com
SwiftLion5946,11214,True,swiftlion5946@yahoo.com
IronBear5947,51210,False,ironbear5947@outlook.com
SwiftEagle5948,78388,False,swifteagle5948@mail.ru
SilentWolf5949,67042,False,silentwolf5949@yahoo.com
EpicHawk5950,62218,False,epichawk5950@hotmail.com
ShadowWolf5951,8421,False,shadowwolf5951@gmail.com
EpicTiger5952,48514,False,epictiger5952@hotmail.com
ShadowBear5953,85728,True,shadowbear5953@gmail.com
GoldenFox5954,60733,False,goldenfox5954@gmail.com
SwiftHawk5955,37410,False,swifthawk5955@yahoo.com
ShadowHawk5956,90031,False,shadowhawk5956@outlook.com
SwiftViper5957,41271,True,swiftviper5957@mail.ru
EpicShark5958,23924,False,epicshark5958@yahoo.com
FireLion5959,67995,False,firelion5959@gmail.com
GoldenFox5960,74235,False,goldenfox5960@yahoo.com
EpicTiger5961,24583,False,epictiger5961@outlook.com
SilentBear5962,54338,False,silentbear5962@hotmail.com
ShadowDragon5963,23744,False,shadowdragon5963@gmail.com
DarkDragon5964,17380,False,darkdragon5964@mail.ru
CoolHawk5965,43476,False,coolhawk5965@mail.ru
CoolTiger5966,13512,False,cooltiger5966@yahoo.com
GoldenWolf5967,91340,False,goldenwolf5967@yahoo.com
CoolLion5968,64744,True,coollion5968@gmail.com
ShadowViper5969,6652,False,shadowviper5969@hotmail.com
SwiftShark5970,62636,False,swiftshark5970@gmail.com
ShadowHawk5971,28395,True,shadowhawk5971@yahoo.com
SilentDragon5972,14856,False,silentdragon5972@hotmail.com
SilentHawk5973,21392,False,silenthawk5973@mail.ru
ShadowHawk5974,4509,False,shadowhawk5974@yahoo.com
DarkWolf5975,60457,True,darkwolf5975@outlook.com
FireBear5976,31537,False,firebear5976@yahoo.com
FireShark5977,78158,False,fireshark5977@mail.ru
CoolDragon5978,43163,False,cooldragon5978@outlook.com
EpicLion5979,16123,False,epiclion5979@gmail.com
FireHawk5980,81092,False,firehawk5980@mail.ru
DarkFox5981,92880,True,darkfox5981@yahoo.com
GoldenEagle5982,99209,False,goldeneagle5982@yahoo.com
ShadowLion5983,78464,False,shadowlion5983@mail.ru
SwiftFox5984,89259,False,swiftfox5984@gmail.com
SwiftViper5985,18580,True,swiftviper5985@gmail.com
EpicEagle5986,27510,True,epiceagle5986@gmail.com
MightyShark5987,83422,False,mightyshark5987@hotmail.com
SwiftWolf5988,58283,False,swiftwolf5988@yahoo.com
SwiftShark5989,38958,True,swiftshark5989@outlook.com
SilentShark5990,19013,False,silentshark5990@mail.ru
FireWolf5991,29148,False,firewolf5991@hotmail.com
CoolViper5992,76204,False,coolviper5992@gmail.com
EpicFox5993,26978,False,epicfox5993@yahoo.com
IronViper5994,29966,False,ironviper5994@mail.ru
EpicHawk5995,55790,False,epichawk5995@mail.ru
SilentDragon5996,91435,False,silentdragon5996@hotmail.com
CoolFox5997,92211,False,coolfox5997@gmail.com
FireViper5998,80453,False,fireviper5998@gmail.com
DarkTiger5999,27899,False,darktiger5999@outlook.com
IronBear6000,27680,False,ironbear6000@mail.ru
ShadowTiger6001,10023,False,shadowtiger6001@mail.ru
SilentLion6002,-541,True,silentlion6002@gmail.com
FireFox6003,15849,False,firefox6003@gmail.com
IronDragon6004,94617,False,irondragon6004@mail.ru
MightyWolf6005,64361,False,mightywolf6005@outlook.com
ShadowLion6006,72266,True,shadowlion6006@gmail.com
SwiftWolf6007,87053,False,swiftwolf6007@yahoo.com
SwiftEagle6008,47113,False,swifteagle6008@yahoo.com
DarkFox6009,90626,False,darkfox6009@yahoo.com
GoldenViper6010,71798,False,goldenviper6010@gmail.com
EpicWolf6011,11607,False,epicwolf6011@yahoo.com
DarkDragon6012,32229,False,darkdragon6012@hotmail.com
ShadowTiger6013,27901,False,shadowtiger6013@outlook.com
CoolShark6014,62049,False,coolshark6014@hotmail.com
SilentFox6015,1748,False,silentfox6015@gmail.com
SilentViper6016,19676,True,silentviper6016@yahoo.com
IronBear6017,72803,True,ironbear6017@mail.ru
SwiftEagle6018,14654,False,swifteagle6018@yahoo.com
IronHawk6019,89280,False,ironhawk6019@mail.ru
GoldenEagle6020,3692,False,goldeneagle6020@mail.ru
ShadowShark6021,17187,False,shadowshark6021@gmail.com
CoolFox6022,76246,False,coolfox6022@outlook.com
CoolWolf6023,45399,False,coolwolf6023@mail.ru
MightyViper6024,77470,False,mightyviper6024@hotmail.com
CoolLion6025,27842,False,coollion6025@mail.ru
SwiftDragon6026,28680,False,swiftdragon6026@hotmail.com
FireHawk6027,73825,True,firehawk6027@yahoo.com
SilentDragon6028,94253,False,silentdragon6028@mail.ru
IronEagle6029,74859,False,ironeagle6029@gmail.com
EpicBear6030,55610,False,epicbear6030@gmail.com
SwiftHawk6031,9329,False,swifthawk6031@gmail.com
GoldenWolf6032,55654,True,goldenwolf6032@hotmail.com
SwiftHawk6033,96815,False,swifthawk6033@yahoo.com
IronWolf6034,7685,False,ironwolf6034@gmail.com
CoolBear6035,1722,False,coolbear6035@yahoo.com
IronShark6036,89791,False,ironshark6036@mail.ru
IronWolf6037,70048,False,ironwolf6037@yahoo.com
SilentWolf6038,46431,False,silentwolf6038@outlook.com
MightyLion6039,37021,False,mightylion6039@yahoo.com
ShadowWolf6040,32142,False,shadowwolf6040@hotmail.com
FireFox6041,92207,False,firefox6041@mail.ru
IronDragon6042,12138,False,irondragon6042@gmail.com
SilentViper6043,22467,False,silentviper6043@yahoo.com
MightyShark6044,47451,False,mightyshark6044@yahoo.com
ShadowTiger6045,25370,False,shadowtiger6045@outlook.com
ShadowEagle6046,61750,False,shadoweagle6046@outlook.com
EpicHawk6047,93176,True,epichawk6047@yahoo.com
GoldenEagle6048,41489,False,goldeneagle6048@yahoo.com
GoldenShark6049,81896,False,goldenshark6049@hotmail.com
EpicEagle6050,43422,False,epiceagle6050@yahoo.com
FireTiger6051,38206,False,firetiger6051@gmail.com
SwiftDragon6052,57399,False,swiftdragon6052@gmail.com
IronWolf6053,18776,True,ironwolf6053@mail.ru
EpicLion6054,11339,False,epiclion6054@yahoo.com
DarkViper6055,98020,True,darkviper6055@gmail.com
GoldenDragon6056,97461,False,goldendragon6056@gmail.com
SilentHawk6057,10371,True,silenthawk6057@outlook.com
IronViper6058,71153,False,ironviper6058@yahoo.com
FireDragon6059,35160,False,firedragon6059@outlook.com
DarkWolf6060,73543,False,darkwolf6060@hotmail.com
EpicBear6061,26358,False,epicbear6061@yahoo.com
FireViper6062,14567,True,fireviper6062@mail.ru
MightyDragon6063,75257,False,mightydragon6063@outlook.com
GoldenEagle6064,43026,False,goldeneagle6064@mail.ru
IronLion6065,82145,False,ironlion6065@gmail.com
CoolLion6066,17491,False,coollion6066@outlook.com
FireLion6067,14838,False,firelion6067@yahoo.com
EpicBear6068,75475,False,epicbear6068@mail.ru
GoldenFox6069,10617,False,goldenfox6069@hotmail.com
SwiftViper6070,83420,False,swiftviper6070@yahoo.com
CoolFox6071,76983,False,coolfox6071@gmail.com
DarkBear6072,7290,False,darkbear6072@mail.ru
CoolFox6073,76471,False,coolfox6073@yahoo.com
GoldenFox6074,61872,False,goldenfox6074@mail.ru
GoldenHawk6075,58195,False,goldenhawk6075@yahoo.com
MightyTiger6076,41955,True,mightytiger6076@mail.ru
GoldenHawk6077,24905,False,goldenhawk6077@hotmail.com
SwiftTiger6078,87250,False,swifttiger6078@outlook.com
SilentDragon6079,5471,False,silentdragon6079@gmail.com
CoolFox6080,53913,False,coolfox6080@mail.ru
MightyFox6081,46546,False,mightyfox6081@yahoo.com
CoolFox6082,1197,True,coolfox6082@hotmail.com
ShadowBear6083,82563,False,shadowbear6083@hotmail.com
FireLion6084,25504,False,firelion6084@gmail.com
GoldenWolf6085,39223,False,goldenwolf6085@hotmail.com
IronTiger6086,12416,False,irontiger6086@outlook.com
DarkViper6087,71150,False,darkviper6087@outlook.com
SilentShark6088,27448,False,silentshark6088@outlook.com
FireHawk6089,49322,False,firehawk6089@outlook.com
GoldenFox6090,39988,True,goldenfox6090@outlook.com
CoolFox6091,37505,False,coolfox6091@hotmail.com
DarkWolf6092,89395,False,darkwolf6092@gmail.com
GoldenShark6093,80560,False,goldenshark6093@hotmail.com
MightyLion6094,24545,True,mightylion6094@yahoo.com
IronFox6095,60536,True,ironfox6095@yahoo.com
ShadowWolf6096,34822,False,shadowwolf6096@outlook.com
CoolHawk6097,57714,False,coolhawk6097@outlook.com
FireWolf6098,73521,False,firewolf6098@gmail.com
SilentDragon6099,25551,False,silentdragon6099@hotmail.com
IronShark6100,66102,False,ironshark6100@hotmail.com
IronTiger6101,63409,True,irontiger6101@outlook.com
EpicEagle6102,26993,False,epiceagle6102@outlook.com
FireShark6103,73767,True,fireshark6103@outlook.com
CoolWolf6104,47652,False,coolwolf6104@mail.ru
ShadowEagle6105,74191,True,shadoweagle6105@gmail.com
EpicWolf6106,74282,True,epicwolf6106@outlook.com
SilentEagle6107,96801,False,silenteagle6107@yahoo.com
MightyHawk6108,66347,False,mightyhawk6108@hotmail.com
SilentWolf6109,94134,True,silentwolf6109@hotmail.com
SilentWolf6110,83119,False,silentwolf6110@outlook.com
SilentShark6111,78191,False,silentshark6111@outlook.com
EpicHawk6112,293,False,epichawk6112@mail.ru
SwiftTiger6113,77255,False,swifttiger6113@yahoo.com
ShadowBear6114,22766,False,shadowbear6114@mail.ru
CoolLion6115,-550,False,coollion6115@hotmail.com
GoldenBear6116,53023,False,goldenbear6116@hotmail.com
SwiftBear6117,26970,False,swiftbear6117@mail.ru
IronBear6118,969,False,ironbear6118@outlook.com
DarkLion6119,58003,False,darklion6119@yahoo.com
SwiftDragon6120,50202,True,swiftdragon6120@mail.ru
GoldenShark6121,49004,False,goldenshark6121@outlook.com
SwiftBear6122,68604,False,swiftbear6122@outlook.com
FireShark6123,45639,False,fireshark6123@hotmail.com
IronWolf6124,71436,False,ironwolf6124@outlook.com
EpicDragon6125,76889,False,epicdragon6125@mail.ru
SwiftTiger6126,90951,False,swifttiger6126@yahoo.com
SwiftBear6127,62456,False,swiftbear6127@outlook.com
DarkShark6128,12773,False,darkshark6128@gmail.com
SwiftBear6129,97428,True,swiftbear6129@outlook.com
MightyLion6130,98219,False,mightylion6130@mail.ru
GoldenTiger6131,48510,False,goldentiger6131@gmail.com
SwiftEagle6132,87244,True,swifteagle6132@yahoo.com
EpicFox6133,67229,False,epicfox6133@gmail.com
DarkTiger6134,70870,False,darktiger6134@hotmail.com
SwiftHawk6135,39004,False,swifthawk6135@hotmail.com
SilentLion6136,51196,False,silentlion6136@yahoo.com
FireEagle6137,83844,False,fireeagle6137@mail.ru
MightyHawk6138,56927,False,mightyhawk6138@outlook.com
SwiftEagle6139,24021,False,swifteagle6139@outlook.com
SwiftHawk6140,82353,False,swifthawk6140@outlook.com
CoolViper6141,94282,False,coolviper6141@hotmail.com
EpicHawk6142,21908,False,epichawk6142@mail.ru
DarkDragon6143,64399,False,darkdragon6143@outlook.com
DarkLion6144,10871,False,darklion6144@yahoo.com
FireBear6145,25778,False,firebear6145@outlook.com
FireHawk6146,71914,True,firehawk6146@mail.ru
GoldenTiger6147,40636,False,goldentiger6147@mail.ru
DarkEagle6148,48562,False,darkeagle6148@yahoo.com
SilentFox6149,15834,False,silentfox6149@outlook.com
CoolViper6150,34863,False,coolviper6150@gmail.com
DarkFox6151,26286,False,darkfox6151@hotmail.com
ShadowLion6152,65607,False,shadowlion6152@hotmail.com
CoolHawk6153,66181,False,coolhawk6153@mail.ru
DarkWolf6154,94514,True,darkwolf6154@gmail.com
ShadowWolf6155,69687,False,shadowwolf6155@outlook.com
MightyTiger6156,62965,False,mightytiger6156@hotmail.com
IronBear6157,96877,False,ironbear6157@gmail.com
SilentShark6158,82257,False,silentshark6158@hotmail.com
MightyTiger6159,62495,False,mightytiger6159@outlook.com
DarkViper6160,74394,False,darkviper6160@yahoo.com
ShadowHawk6161,48547,False,shadowhawk6161@yahoo.com
SwiftDragon6162,88156,True,swiftdragon6162@hotmail.com
SwiftDragon6163,57981,False,swiftdragon6163@outlook.com
FireShark6164,84945,True,fireshark6164@hotmail.com
CoolLion6165,87599,False,coollion6165@yahoo.com
ShadowViper6166,34654,False,shadowviper6166@mail.ru
SilentWolf6167,99124,False,silentwolf6167@outlook.com
FireViper6168,45535,False,fireviper6168@hotmail.com
EpicTiger6169,42256,False,epictiger6169@yahoo.com
MightyLion6170,77039,False,mightylion6170@mail.ru
ShadowFox6171,35909,False,shadowfox6171@hotmail.com
SwiftDragon6172,33700,False,swiftdragon6172@yahoo.com
IronHawk6173,40174,False,ironhawk6173@hotmail.com
CoolDragon6174,28628,False,cooldragon6174@outlook.com
EpicShark6175,32682,False,epicshark6175@yahoo.com
SwiftDragon6176,58382,False,swiftdragon6176@hotmail.com
DarkDragon6177,60396,False,darkdragon6177@mail.ru
CoolLion6178,21633,False,coollion6178@mail.ru
IronTiger6179,22060,False,irontiger6179@mail.ru
MightyShark6180,90226,False,mightyshark6180@hotmail.com
FireBear6181,33469,False,firebear6181@hotmail.com
SilentHawk6182,70519,False,silenthawk6182@mail.ru
CoolFox6183,97928,False,coolfox6183@hotmail.com
FireDragon6184,37547,False,firedragon6184@gmail.com
DarkWolf6185,29875,False,darkwolf6185@hotmail.com
FireViper6186,89902,False,fireviper6186@outlook.com
CoolShark6187,42232,True,coolshark6187@mail.ru
IronHawk6188,72521,False,ironhawk6188@hotmail.com
GoldenViper6189,49593,True,goldenviper6189@outlook.com
DarkWolf6190,30068,False,darkwolf6190@gmail.com
SilentHawk6191,37238,False,silenthawk6191@gmail.com
IronLion6192,25649,False,ironlion6192@gmail.com
DarkWolf6193,86585,False,darkwolf6193@mail.ru
SwiftFox6194,9373,False,swiftfox6194@yahoo.com
IronBear6195,70656,False,ironbear6195@outlook.com
IronWolf6196,11835,False,ironwolf6196@outlook.com
MightyShark6197,46899,False,mightyshark6197@hotmail.com
SwiftHawk6198,22453,False,swifthawk6198@hotmail.com
CoolFox6199,82115,False,coolfox6199@hotmail.com
MightyFox6200,50514,True,mightyfox6200@yahoo.com
MightyTiger6201,17366,True,mightytiger6201@gmail.com
EpicBear6202,71242,False,epicbear6202@gmail.com
MightyTiger6203,40729,True,mightytiger6203@hotmail.com
FireDragon6204,55333,False,firedragon6204@outlook.com
ShadowViper6205,31169,False,shadowviper6205@hotmail.com
DarkHawk6206,69428,False,darkhawk6206@yahoo.com
FireWolf6207,85810,False,firewolf6207@outlook.com
GoldenWolf6208,88300,False,goldenwolf6208@gmail.com
SwiftBear6209,50443,False,swiftbear6209@gmail.com
SilentHawk6210,96763,False,silenthawk6210@yahoo.com
CoolWolf6211,42793,False,coolwolf6211@outlook.com
CoolWolf6212,4742,False,coolwolf6212@hotmail.com
GoldenWolf6213,33722,True,goldenwolf6213@mail.ru
CoolViper6214,88735,True,coolviper6214@mail.ru
DarkEagle6215,17719,True,darkeagle6215@yahoo.com
ShadowDragon6216,39137,False,shadowdragon6216@yahoo.com
EpicViper6217,12089,False,epicviper6217@gmail.com
FireFox6218,27158,True,firefox6218@yahoo.com
SwiftViper6219,19028,False,swiftviper6219@gmail.com
GoldenDragon6220,12967,False,goldendragon6220@outlook.com
SilentBear6221,62090,True,silentbear6221@gmail.com
FireTiger6222,65,False,firetiger6222@mail.ru
ShadowTiger6223,75783,False,shadowtiger6223@mail.ru
SwiftHawk6224,79254,False,swifthawk6224@yahoo.com
GoldenEagle6225,69089,False,goldeneagle6225@outlook.com
EpicLion6226,49485,False,epiclion6226@yahoo.com
FireEagle6227,84541,False,fireeagle6227@outlook.com
SilentWolf6228,3771,False,silentwolf6228@yahoo.com
SilentTiger6229,64789,True,silenttiger6229@yahoo.com
FireShark6230,22060,False,fireshark6230@hotmail.com
CoolEagle6231,34334,False,cooleagle6231@gmail.com
SilentViper6232,47390,False,silentviper6232@outlook.com
SwiftFox6233,19770,False,swiftfox6233@yahoo.com
SwiftTiger6234,62526,True,swifttiger6234@yahoo.com
IronTiger6235,57171,True,irontiger6235@gmail.com
ShadowDragon6236,1377,True,shadowdragon6236@outlook.com
FireLion6237,63554,True,firelion6237@mail.ru
DarkEagle6238,93268,False,darkeagle6238@hotmail.com
CoolTiger6239,35230,True,cooltiger6239@gmail.com
CoolWolf6240,82214,False,coolwolf6240@outlook.com
FireBear6241,9304,True,firebear6241@gmail.com
FireEagle6242,7936,False,fireeagle6242@outlook.com
MightyTiger6243,26695,False,mightytiger6243@mail.ru
GoldenShark6244,1165,False,goldenshark6244@outlook.com
FireFox6245,35907,False,firefox6245@outlook.com
FireEagle6246,99924,True,fireeagle6246@mail.ru
ShadowDragon6247,2214,True,shadowdragon6247@mail.ru
CoolViper6248,33067,True,coolviper6248@mail.ru
DarkWolf6249,43275,False,darkwolf6249@gmail.com
DarkHawk6250,56737,False,darkhawk6250@outlook.com
SilentLion6251,81732,False,silentlion6251@yahoo.com
SilentShark6252,18038,False,silentshark6252@gmail.com
MightyViper6253,79879,False,mightyviper6253@outlook.com
SwiftShark6254,27684,False,swiftshark6254@outlook.com
DarkBear6255,22574,False,darkbear6255@outlook.com
DarkFox6256,66069,False,darkfox6256@outlook.com
DarkViper6257,44974,False,darkviper6257@mail.ru
SwiftEagle6258,31959,False,swifteagle6258@outlook.com
GoldenEagle6259,22507,False,goldeneagle6259@outlook.com
SwiftEagle6260,79744,False,swifteagle6260@yahoo.com
MightyEagle6261,59788,False,mightyeagle6261@mail.ru
EpicBear6262,91205,False,epicbear6262@hotmail.com
EpicShark6263,21827,False,epicshark6263@hotmail.com
ShadowViper6264,24255,False,shadowviper6264@gmail.com
EpicFox6265,66387,False,epicfox6265@yahoo.com
IronEagle6266,92093,True,ironeagle6266@outlook.com
MightyHawk6267,50036,False,mightyhawk6267@mail.ru
SwiftTiger6268,83811,True,swifttiger6268@yahoo.com
FireEagle6269,46601,False,fireeagle6269@yahoo.com
GoldenFox6270,47450,True,goldenfox6270@gmail.com
SwiftHawk6271,13571,False,swifthawk6271@mail.ru
IronEagle6272,28502,False,ironeagle6272@gmail.com
SilentShark6273,47167,False,silentshark6273@gmail.com
GoldenBear6274,82803,False,goldenbear6274@hotmail.com
SilentHawk6275,72953,True,silenthawk6275@hotmail.com
MightyViper6276,13589,False,mightyviper6276@gmail.com
MightyFox6277,95429,False,mightyfox6277@yahoo.com
FireHawk6278,93074,False,firehawk6278@hotmail.com
IronLion6279,47054,True,ironlion6279@gmail.com
FireTiger6280,3395,False,firetiger6280@mail.ru
IronBear6281,94157,False,ironbear6281@hotmail.com
CoolViper6282,37538,False,coolviper6282@gmail.com
FireShark6283,1846,False,fireshark6283@hotmail.com
ShadowTiger6284,70538,True,shadowtiger6284@mail.ru
MightyWolf6285,62959,False,mightywolf6285@gmail.com
FireWolf6286,60833,False,firewolf6286@outlook.com
SilentFox6287,37557,False,silentfox6287@hotmail.com
EpicWolf6288,99938,False,epicwolf6288@gmail.com
CoolDragon6289,79145,False,cooldragon6289@outlook.com
DarkWolf6290,84043,True,darkwolf6290@gmail.com
IronFox6291,44367,False,ironfox6291@mail.ru
SwiftWolf6292,2267,False,swiftwolf6292@gmail.com
CoolShark6293,35864,False,coolshark6293@gmail.com
DarkBear6294,22425,False,darkbear6294@gmail.com
MightyTiger6295,15721,False,mightytiger6295@mail.ru
CoolDragon6296,36341,False,cooldragon6296@outlook.com
SwiftLion6297,41414,True,swiftlion6297@outlook.com
SwiftViper6298,91291,True,swiftviper6298@yahoo.com
GoldenWolf6299,89280,False,goldenwolf6299@gmail.com
DarkWolf6300,37247,True,darkwolf6300@mail.ru
CoolBear6301,8334,True,coolbear6301@gmail.com
ShadowLion6302,75321,False,shadowlion6302@mail.ru
FireLion6303,31555,False,firelion6303@outlook.com
ShadowLion6304,61239,False,shadowlion6304@mail.ru
GoldenBear6305,84359,False,goldenbear6305@mail.ru
SwiftBear6306,90417,False,swiftbear6306@gmail.com
IronBear6307,-300,False,ironbear6307@mail.ru
CoolLion6308,67353,False,coollion6308@hotmail.com
EpicShark6309,40237,True,epicshark6309@gmail.com
SilentFox6310,76762,False,silentfox6310@hotmail.com
MightyTiger6311,59789,False,mightytiger6311@hotmail.com
ShadowEagle6312,82303,False,shadoweagle6312@outlook.com
ShadowTiger6313,95224,False,shadowtiger6313@gmail.com
FireLion6314,43168,False,firelion6314@outlook.com
CoolLion6315,43905,False,coollion6315@outlook.com
CoolFox6316,92224,False,coolfox6316@gmail.com
FireShark6317,22884,False,fireshark6317@yahoo.com
CoolViper6318,88332,False,coolviper6318@mail.ru
SilentWolf6319,84378,False,silentwolf6319@mail.ru
IronTiger6320,40813,True,irontiger6320@outlook.com
SilentEagle6321,8024,False,silenteagle6321@hotmail.com
ShadowDragon6322,31109,True,shadowdragon6322@outlook.com
GoldenBear6323,37218,False,goldenbear6323@outlook.com
ShadowDragon6324,93612,True,shadowdragon6324@hotmail.com
CoolDragon6325,28484,False,cooldragon6325@yahoo.com
SilentLion6326,43697,False,silentlion6326@yahoo.com
MightyBear6327,77537,False,mightybear6327@mail.ru
GoldenEagle6328,43784,True,goldeneagle6328@mail.ru
IronEagle6329,83532,False,ironeagle6329@outlook.com
DarkFox6330,52089,False,darkfox6330@mail.ru
CoolShark6331,2271,False,coolshark6331@outlook.com
GoldenWolf6332,95744,False,goldenwolf6332@hotmail.com
EpicLion6333,58534,False,epiclion6333@hotmail.com
CoolDragon6334,29994,False,cooldragon6334@gmail.com
GoldenBear6335,45322,False,goldenbear6335@mail.ru
MightyWolf6336,29873,False,mightywolf6336@hotmail.com
DarkBear6337,7211,False,darkbear6337@yahoo.com
FireWolf6338,32000,False,firewolf6338@gmail.com
GoldenTiger6339,49340,False,goldentiger6339@yahoo.com
ShadowHawk6340,56465,False,shadowhawk6340@gmail.com
EpicLion6341,88618,False,epiclion6341@mail.ru
IronLion6342,23462,False,ironlion6342@outlook.com
SwiftViper6343,24853,False,swiftviper6343@outlook.com
SwiftHawk6344,67170,False,swifthawk6344@outlook.com
SilentLion6345,13503,False,silentlion6345@outlook.com
EpicViper6346,54462,True,epicviper6346@gmail.com
SwiftBear6347,37007,False,swiftbear6347@yahoo.com
GoldenTiger6348,53988,False,goldentiger6348@outlook.com
SwiftHawk6349,93398,False,swifthawk6349@gmail.com
FireFox6350,3044,True,firefox6350@yahoo.com
SilentTiger6351,3165,False,silenttiger6351@mail.ru
SwiftHawk6352,11764,False,swifthawk6352@outlook.com
SilentDragon6353,34284,False,silentdragon6353@mail.ru
SilentFox6354,3997,True,silentfox6354@gmail.com
SwiftWolf6355,89148,False,swiftwolf6355@mail.ru
FireWolf6356,42824,False,firewolf6356@outlook.com
MightyWolf6357,2842,False,mightywolf6357@mail.ru
ShadowShark6358,42237,False,shadowshark6358@mail.ru
GoldenEagle6359,35153,False,goldeneagle6359@mail.ru
FireTiger6360,81494,False,firetiger6360@gmail.com
SilentWolf6361,26574,True,silentwolf6361@gmail.com
SilentHawk6362,64220,False,silenthawk6362@hotmail.com
CoolWolf6363,83494,False,coolwolf6363@hotmail.com
SwiftBear6364,669,False,swiftbear6364@outlook.com
ShadowShark6365,27817,False,shadowshark6365@yahoo.com
DarkDragon6366,87558,False,darkdragon6366@gmail.com
SilentLion6367,40944,False,silentlion6367@gmail.com
DarkFox6368,81797,False,darkfox6368@yahoo.com
FireBear6369,97183,True,firebear6369@gmail.com
FireEagle6370,34969,False,fireeagle6370@gmail.com
SilentWolf6371,23656,False,silentwolf6371@mail.ru
IronWolf6372,43455,False,ironwolf6372@gmail.com
IronLion6373,21496,True,ironlion6373@yahoo.com
SilentHawk6374,84386,False,silenthawk6374@outlook.com
FireEagle6375,74957,False,fireeagle6375@yahoo.com
SwiftShark6376,39826,False,swiftshark6376@yahoo.com
SwiftHawk6377,80362,False,swifthawk6377@mail.ru
CoolHawk6378,9056,False,coolhawk6378@gmail.com
DarkWolf6379,50766,False,darkwolf6379@outlook.com
EpicEagle6380,12738,False,epiceagle6380@mail.ru
IronDragon6381,45110,False,irondragon6381@mail.ru
EpicHawk6382,27301,False,epichawk6382@mail.ru
EpicEagle6383,9661,False,epiceagle6383@outlook.com
GoldenDragon6384,5327,False,goldendragon6384@hotmail.com
MightyDragon6385,57715,True,mightydragon6385@gmail.com
SwiftViper6386,63711,False,swiftviper6386@yahoo.com
IronShark6387,57662,True,ironshark6387@yahoo.com
CoolShark6388,51529,True,coolshark6388@yahoo.com
FireBear6389,41436,False,firebear6389@mail.ru
SilentLion6390,92404,False,silentlion6390@gmail.com
SilentShark6391,53632,False,silentshark6391@yahoo.com
EpicShark6392,44596,False,epicshark6392@yahoo.com
CoolDragon6393,65516,False,cooldragon6393@mail.ru
GoldenShark6394,10795,False,goldenshark6394@yahoo.com
IronDragon6395,74186,False,irondragon6395@hotmail.com
SwiftWolf6396,7936,False,swiftwolf6396@mail.ru
DarkFox6397,6275,False,darkfox6397@gmail.com
EpicFox6398,12706,False,epicfox6398@mail.ru
CoolShark6399,93581,False,coolshark6399@gmail.com
MightyBear6400,94200,False,mightybear6400@gmail.com
GoldenEagle6401,91717,False,goldeneagle6401@outlook.com
GoldenEagle6402,51630,False,goldeneagle6402@gmail.com
DarkViper6403,25929,False,darkviper6403@outlook.com
SwiftShark6404,88247,False,swiftshark6404@hotmail.com
SilentWolf6405,42234,False,silentwolf6405@hotmail.com
DarkViper6406,20138,False,darkviper6406@gmail.com
SwiftDragon6407,68143,False,swiftdragon6407@hotmail.com
SwiftBear6408,19861,False,swiftbear6408@outlook.com
DarkFox6409,16698,False,darkfox6409@outlook.com
GoldenFox6410,61796,False,goldenfox6410@gmail.com
ShadowHawk6411,99150,False,shadowhawk6411@yahoo.com
ShadowShark6412,62130,True,shadowshark6412@outlook.com
ShadowLion6413,13485,False,shadowlion6413@mail.ru
SilentEagle6414,41927,False,silenteagle6414@gmail.com
CoolTiger6415,2542,True,cooltiger6415@yahoo.com
CoolDragon6416,65223,True,cooldragon6416@outlook.com
DarkEagle6417,85309,False,darkeagle6417@outlook.com
CoolWolf6418,29430,False,coolwolf6418@outlook.com
FireLion6419,90045,False,firelion6419@mail.ru
ShadowDragon6420,2438,False,shadowdragon6420@yahoo.com
FireDragon6421,76452,False,firedragon6421@gmail.com
IronViper6422,8322,True,ironviper6422@outlook.com
DarkBear6423,43135,False,darkbear6423@gmail.com
GoldenDragon6424,46091,False,goldendragon6424@gmail.com
MightyFox6425,52532,True,mightyfox6425@yahoo.com
ShadowWolf6426,49735,True,shadowwolf6426@outlook.com
EpicEagle6427,63438,False,epiceagle6427@mail.ru
SwiftEagle6428,62064,False,swifteagle6428@mail.ru
SilentTiger6429,12544,False,silenttiger6429@gmail.com
SwiftLion6430,26065,False,swiftlion6430@hotmail.com
EpicTiger6431,80381,False,epictiger6431@outlook.com
MightyLion6432,9249,True,mightylion6432@hotmail.com
SilentBear6433,78021,False,silentbear6433@mail.ru
DarkWolf6434,33528,True,darkwolf6434@mail.ru
FireWolf6435,51716,False,firewolf6435@yahoo.com
SilentWolf6436,49839,False,silentwolf6436@mail.ru
FireTiger6437,26743,False,firetiger6437@hotmail.com
SilentBear6438,73082,False,silentbear6438@outlook.com
IronBear6439,28525,False,ironbear6439@mail.ru
MightyTiger6440,63317,True,mightytiger6440@hotmail.com
GoldenEagle6441,82026,False,goldeneagle6441@hotmail.com
CoolBear6442,45583,False,coolbear6442@mail.ru
MightyHawk6443,14527,True,mightyhawk6443@yahoo.com
SwiftDragon6444,12904,True,swiftdragon6444@gmail.com
CoolDragon6445,52913,False,cooldragon6445@hotmail.com
ShadowShark6446,7285,False,shadowshark6446@yahoo.com
ShadowEagle6447,72977,False,shadoweagle6447@yahoo.com
MightyBear6448,80657,False,mightybear6448@outlook.com
FireLion6449,32918,True,firelion6449@yahoo.com
EpicWolf6450,59772,False,epicwolf6450@gmail.com
ShadowEagle6451,95593,True,shadoweagle6451@hotmail.com
ShadowDragon6452,71661,False,shadowdragon6452@mail.ru
CoolFox6453,89002,False,coolfox6453@yahoo.com
EpicHawk6454,72066,True,epichawk6454@outlook.com
MightyBear6455,9630,False,mightybear6455@hotmail.com
SwiftBear6456,12184,False,swiftbear6456@hotmail.com
MightyBear6457,15660,False,mightybear6457@outlook.com
MightyFox6458,39004,True,mightyfox6458@outlook.com
EpicDragon6459,67343,False,epicdragon6459@outlook.com
DarkFox6460,35541,False,darkfox6460@yahoo.com
MightyTiger6461,13819,False,mightytiger6461@gmail.com
IronLion6462,15924,True,ironlion6462@mail.ru
FireTiger6463,46494,False,firetiger6463@hotmail.com
FireTiger6464,-312,False,firetiger6464@outlook.com
FireEagle6465,36899,False,fireeagle6465@yahoo.com
IronDragon6466,92423,False,irondragon6466@gmail.com
GoldenDragon6467,50191,False,goldendragon6467@gmail.com
FireViper6468,60398,False,fireviper6468@hotmail.com
DarkWolf6469,61313,False,darkwolf6469@gmail.com
MightyWolf6470,94486,False,mightywolf6470@gmail.com
CoolBear6471,3869,True,coolbear6471@outlook.com
MightyViper6472,37405,False,mightyviper6472@outlook.com
FireWolf6473,90510,True,firewolf6473@mail.ru
MightyDragon6474,5039,False,mightydragon6474@gmail.com
EpicDragon6475,52098,False,epicdragon6475@gmail.com
SwiftHawk6476,6289,False,swifthawk6476@outlook.com
IronBear6477,19067,False,ironbear6477@yahoo.com
GoldenFox6478,74932,False,goldenfox6478@hotmail.com
SilentBear6479,42262,False,silentbear6479@outlook.com
DarkWolf6480,10344,False,darkwolf6480@gmail.com
DarkFox6481,11605,False,darkfox6481@mail.ru
ShadowShark6482,81656,False,shadowshark6482@gmail.com
DarkWolf6483,64144,True,darkwolf6483@outlook.com
SilentBear6484,99650,True,silentbear6484@hotmail.com
CoolViper6485,41194,False,coolviper6485@outlook.com
MightyHawk6486,35748,True,mightyhawk6486@gmail.com
IronLion6487,44316,False,ironlion6487@yahoo.com
DarkBear6488,93774,False,darkbear6488@gmail.com
IronLion6489,14414,False,ironlion6489@yahoo.com
MightyFox6490,37882,False,mightyfox6490@hotmail.com
GoldenLion6491,91810,True,goldenlion6491@hotmail.com
IronBear6492,1191,False,ironbear6492@gmail.com
MightyBear6493,41832,False,mightybear6493@outlook.com
IronBear6494,35217,False,ironbear6494@gmail.com
SilentLion6495,26708,False,silentlion6495@hotmail.com
ShadowTiger6496,79194,False,shadowtiger6496@mail.ru
GoldenShark6497,67677,False,goldenshark6497@yahoo.com
SwiftShark6498,88687,True,swiftshark6498@yahoo.com
MightyEagle6499,67570,False,mightyeagle6499@hotmail.com
GoldenDragon6500,54800,False,goldendragon6500@hotmail.com
DarkShark6501,47535,True,darkshark6501@mail.ru
SwiftBear6502,34335,False,swiftbear6502@mail.ru
FireEagle6503,66662,False,fireeagle6503@outlook.com
GoldenTiger6504,87508,False,goldentiger6504@outlook.com
ShadowTiger6505,3380,True,shadowtiger6505@outlook.com
MightyViper6506,55631,False,mightyviper6506@outlook.com
CoolEagle6507,74839,False,cooleagle6507@yahoo.com
GoldenViper6508,65405,True,goldenviper6508@outlook.com
ShadowWolf6509,4814,False,shadowwolf6509@outlook.com
ShadowHawk6510,89612,False,shadowhawk6510@mail.ru
IronEagle6511,22261,False,ironeagle6511@hotmail.com
IronShark6512,73435,False,ironshark6512@mail.ru
DarkEagle6513,2175,False,darkeagle6513@yahoo.com
SilentShark6514,65682,False,silentshark6514@yahoo.com
SwiftHawk6515,18584,False,swifthawk6515@yahoo.com
MightyHawk6516,49638,False,mightyhawk6516@mail.ru
SwiftBear6517,51880,False,swiftbear6517@outlook.com
CoolBear6518,25378,False,coolbear6518@hotmail.com
DarkWolf6519,67268,False,darkwolf6519@outlook.com
GoldenViper6520,41216,False,goldenviper6520@gmail.com
ShadowViper6521,53640,False,shadowviper6521@mail.ru
SilentShark6522,30709,False,silentshark6522@yahoo.com
FireHawk6523,33434,False,firehawk6523@outlook.com
IronLion6524,88756,False,ironlion6524@gmail.com
IronLion6525,58439,False,ironlion6525@hotmail.com
ShadowViper6526,291,False,shadowviper6526@mail.ru
SwiftDragon6527,66390,False,swiftdragon6527@yahoo.com
SwiftEagle6528,83873,False,swifteagle6528@gmail.com
GoldenViper6529,43024,False,goldenviper6529@mail.ru
EpicBear6530,3635,True,epicbear6530@gmail.com
FireViper6531,64766,True,fireviper6531@outlook.com
FireShark6532,12951,False,fireshark6532@gmail.com
GoldenFox6533,41631,False,goldenfox6533@mail.ru
SilentDragon6534,93869,False,silentdragon6534@yahoo.com
SilentShark6535,50407,False,silentshark6535@hotmail.com
GoldenWolf6536,21242,True,goldenwolf6536@hotmail.com
FireShark6537,14788,False,fireshark6537@mail.ru
DarkViper6538,36649,False,darkviper6538@mail.ru
SwiftFox6539,12859,False,swiftfox6539@mail.ru
IronFox6540,63128,True,ironfox6540@mail.ru
IronHawk6541,39046,False,ironhawk6541@yahoo.com
SilentWolf6542,66610,False,silentwolf6542@hotmail.com
MightyWolf6543,34503,False,mightywolf6543@mail.ru
DarkShark6544,32572,False,darkshark6544@hotmail.com
SwiftFox6545,29511,False,swiftfox6545@yahoo.com
ShadowTiger6546,80855,False,shadowtiger6546@outlook.com
FireDragon6547,32325,False,firedragon6547@outlook.com
EpicViper6548,92953,False,epicviper6548@hotmail.com
SilentFox6549,62926,True,silentfox6549@mail.ru
MightyEagle6550,68268,False,mightyeagle6550@gmail.com
FireEagle6551,94291,False,fireeagle6551@outlook.com
FireViper6552,52226,True,fireviper6552@gmail.com
FireBear6553,87323,False,firebear6553@mail.ru
CoolShark6554,9914,False,coolshark6554@outlook.com
FireTiger6555,583,False,firetiger6555@mail.ru
GoldenEagle6556,31383,False,goldeneagle6556@mail.ru
ShadowLion6557,77765,False,shadowlion6557@gmail.com
GoldenDragon6558,18989,True,goldendragon6558@gmail.com
MightyBear6559,80773,False,mightybear6559@gmail.com
IronEagle6560,88752,True,ironeagle6560@gmail.com
GoldenLion6561,1439,True,goldenlion6561@yahoo.com
ShadowViper6562,22248,False,shadowviper6562@yahoo.com
MightyEagle6563,56477,True,mightyeagle6563@mail.ru
SwiftFox6564,38773,True,swiftfox6564@mail.ru
IronViper6565,93270,False,ironviper6565@mail.ru
ShadowLion6566,40383,True,shadowlion6566@mail.ru
EpicDragon6567,36645,False,epicdragon6567@yahoo.com
MightyFox6568,64753,False,mightyfox6568@outlook.com
SilentDragon6569,75010,False,silentdragon6569@mail.ru
ShadowWolf6570,93903,False,shadowwolf6570@yahoo.com
EpicFox6571,66873,False,epicfox6571@mail.ru
FireHawk6572,73398,False,firehawk6572@yahoo.com
GoldenWolf6573,7776,False,goldenwolf6573@yahoo.com
MightyTiger6574,28944,True,mightytiger6574@outlook.com
GoldenDragon6575,63541,False,goldendragon6575@gmail.com
EpicEagle6576,83943,True,epiceagle6576@outlook.com
SilentBear6577,52719,False,silentbear6577@mail.ru
DarkHawk6578,59327,False,darkhawk6578@outlook.com
FireTiger6579,4444,False,firetiger6579@hotmail.com
GoldenFox6580,88958,True,goldenfox6580@yahoo.com
ShadowTiger6581,59115,True,shadowtiger6581@gmail.com
SwiftShark6582,44546,False,swiftshark6582@mail.ru
SwiftFox6583,5444,False,swiftfox6583@gmail.com
DarkDragon6584,37176,False,darkdragon6584@outlook.com
CoolWolf6585,26212,False,coolwolf6585@hotmail.com
DarkDragon6586,31071,False,darkdragon6586@gmail.com
CoolEagle6587,18132,False,cooleagle6587@yahoo.com
SilentViper6588,16935,False,silentviper6588@mail.ru
ShadowHawk6589,46006,True,shadowhawk6589@mail.ru
DarkHawk6590,85489,False,darkhawk6590@gmail.com
SwiftFox6591,94842,True,swiftfox6591@yahoo.com
SwiftLion6592,89426,False,swiftlion6592@gmail.com
SwiftDragon6593,79450,False,swiftdragon6593@yahoo.com
DarkDragon6594,89840,False,darkdragon6594@yahoo.com
CoolBear6595,54022,False,coolbear6595@outlook.com
FireWolf6596,13823,False,firewolf6596@outlook.com
DarkShark6597,46622,False,darkshark6597@gmail.com
ShadowEagle6598,21050,False,shadoweagle6598@yahoo.com
IronShark6599,57442,False,ironshark6599@outlook.com
IronLion6600,8890,False,ironlion6600@mail.ru
CoolShark6601,10222,True,coolshark6601@yahoo.com
GoldenHawk6602,16733,False,goldenhawk6602@mail.ru
CoolTiger6603,50845,False,cooltiger6603@hotmail.com
ShadowShark6604,54645,False,shadowshark6604@hotmail.com
ShadowWolf6605,87774,True,shadowwolf6605@gmail.com
ShadowViper6606,-726,False,shadowviper6606@gmail.com
IronLion6607,73049,False,ironlion6607@gmail.com
CoolFox6608,58476,True,coolfox6608@yahoo.com
EpicTiger6609,78797,False,epictiger6609@gmail.com
CoolViper6610,53199,False,coolviper6610@hotmail.com
EpicShark6611,21923,False,epicshark6611@mail.ru
FireWolf6612,59109,False,firewolf6612@outlook.com
IronViper6613,89369,True,ironviper6613@mail.ru
CoolBear6614,25749,True,coolbear6614@hotmail.com
GoldenTiger6615,79055,True,goldentiger6615@outlook.com
ShadowWolf6616,20945,False,shadowwolf6616@mail.ru
EpicWolf6617,54611,True,epicwolf6617@hotmail.com
SilentFox6618,93880,True,silentfox6618@gmail.com
FireHawk6619,46968,False,firehawk6619@hotmail.com
SilentBear6620,85189,False,silentbear6620@yahoo.com
GoldenDragon6621,96345,False,goldendragon6621@yahoo.com
EpicLion6622,84361,False,epiclion6622@yahoo.com
EpicDragon6623,64230,False,epicdragon6623@mail.ru
FireHawk6624,85265,False,firehawk6624@yahoo.com
MightyTiger6625,67139,True,mightytiger6625@mail.ru
MightyBear6626,24164,False,mightybear6626@hotmail.com
CoolFox6627,81096,False,coolfox6627@outlook.com
GoldenDragon6628,76507,False,goldendragon6628@yahoo.com
CoolWolf6629,48169,True,coolwolf6629@yahoo.com
FireWolf6630,60783,True,firewolf6630@gmail.com
EpicDragon6631,77832,False,epicdragon6631@mail.ru
ShadowDragon6632,32763,False,shadowdragon6632@outlook.com
ShadowShark6633,49515,True,shadowshark6633@outlook.com
CoolBear6634,26917,False,coolbear6634@outlook.com
ShadowHawk6635,14072,False,shadowhawk6635@mail.ru
SwiftHawk6636,22182,False,swifthawk6636@gmail.com
EpicHawk6637,60471,False,epichawk6637@gmail.com
ShadowHawk6638,52232,False,shadowhawk6638@outlook.com
DarkEagle6639,68097,False,darkeagle6639@gmail.com
IronFox6640,28752,False,ironfox6640@outlook.com
SwiftTiger6641,69931,False,swifttiger6641@yahoo.com
FireWolf6642,24906,False,firewolf6642@yahoo.com
CoolShark6643,89631,True,coolshark6643@gmail.com
ShadowFox6644,99866,False,shadowfox6644@hotmail.com
IronEagle6645,97721,True,ironeagle6645@yahoo.com
EpicBear6646,10258,False,epicbear6646@gmail.com
GoldenViper6647,3410,False,goldenviper6647@gmail.com
ShadowFox6648,85694,True,shadowfox6648@yahoo.com
FireBear6649,24216,False,firebear6649@outlook.com
ShadowFox6650,16292,False,shadowfox6650@outlook.com
FireEagle6651,37467,False,fireeagle6651@yahoo.com
SilentShark6652,52738,False,silentshark6652@mail.ru
GoldenHawk6653,98484,False,goldenhawk6653@outlook.com
GoldenTiger6654,58987,False,goldentiger6654@outlook.com
EpicFox6655,70206,True,epicfox6655@gmail.com
CoolBear6656,83082,True,coolbear6656@outlook.com
GoldenShark6657,21199,False,goldenshark6657@outlook.com
FireDragon6658,56744,False,firedragon6658@mail.ru
ShadowBear6659,33057,False,shadowbear6659@outlook.com
SilentWolf6660,51886,False,silentwolf6660@mail.ru
CoolWolf6661,54583,True,coolwolf6661@yahoo.com
SilentFox6662,30871,False,silentfox6662@gmail.com
SilentEagle6663,956,False,silenteagle6663@mail.ru
SilentBear6664,92295,True,silentbear6664@yahoo.com
MightyFox6665,5013,False,mightyfox6665@outlook.com
CoolShark6666,46597,True,coolshark6666@yahoo.com
DarkWolf6667,76114,True,darkwolf6667@outlook.com
EpicEagle6668,10952,True,epiceagle6668@gmail.com
FireLion6669,50828,True,firelion6669@outlook.com
SwiftHawk6670,103,False,swifthawk6670@mail.ru
FireViper6671,11632,False,fireviper6671@yahoo.com
MightyWolf6672,66855,False,mightywolf6672@hotmail.com
EpicWolf6673,7364,False,epicwolf6673@mail.ru
DarkShark6674,15439,True,darkshark6674@outlook.com
MightyShark6675,15985,False,mightyshark6675@yahoo.com
SwiftViper6676,57558,True,swiftviper6676@mail.ru
SwiftFox6677,24763,True,swiftfox6677@hotmail.com
FireLion6678,70735,True,firelion6678@hotmail.com
GoldenTiger6679,54421,True,goldentiger6679@outlook.com
SilentDragon6680,56338,False,silentdragon6680@hotmail.com
DarkHawk6681,782,False,darkhawk6681@yahoo.com
IronTiger6682,24967,False,irontiger6682@hotmail.com
MightyTiger6683,79154,False,mightytiger6683@hotmail.com
GoldenBear6684,56590,True,goldenbear6684@gmail.com
EpicDragon6685,54635,True,epicdragon6685@gmail.com
MightyDragon6686,75951,False,mightydragon6686@outlook.com
FireWolf6687,1877,False,firewolf6687@gmail.com
MightyBear6688,93905,False,mightybear6688@gmail.com
IronWolf6689,24937,False,ironwolf6689@gmail.com
GoldenWolf6690,86349,False,goldenwolf6690@mail.ru
ShadowWolf6691,17631,False,shadowwolf6691@gmail.com
MightyEagle6692,41535,False,mightyeagle6692@yahoo.com
EpicLion6693,80568,False,epiclion6693@hotmail.com
IronViper6694,97379,False,ironviper6694@mail.ru
DarkTiger6695,21815,False,darktiger6695@hotmail.com
CoolTiger6696,4290,True,cooltiger6696@hotmail.com
IronLion6697,95084,False,ironlion6697@yahoo.com
IronEagle6698,18308,False,ironeagle6698@hotmail.com
EpicDragon6699,6578,True,epicdragon6699@outlook.com
MightyLion6700,33104,False,mightylion6700@outlook.com
CoolLion6701,55328,False,coollion6701@gmail.com
MightyTiger6702,87207,False,mightytiger6702@yahoo.com
IronWolf6703,57438,False,ironwolf6703@gmail.com
IronEagle6704,9768,False,ironeagle6704@hotmail.com
MightyLion6705,47222,False,mightylion6705@mail.ru
SwiftLion6706,88724,False,swiftlion6706@hotmail.com
IronTiger6707,58408,False,irontiger6707@hotmail.com
SilentWolf6708,51037,False,silentwolf6708@yahoo.com
SilentLion6709,63378,False,silentlion6709@outlook.com
SilentEagle6710,65121,False,silenteagle6710@hotmail.com
SwiftTiger6711,78823,False,swifttiger6711@yahoo.com
EpicDragon6712,44160,False,epicdragon6712@yahoo.com
IronWolf6713,80218,False,ironwolf6713@yahoo.com
FireBear6714,64700,False,firebear6714@outlook.com
SwiftEagle6715,78376,True,swifteagle6715@hotmail.com
EpicHawk6716,70374,True,epichawk6716@hotmail.com
EpicTiger6717,22306,False,epictiger6717@yahoo.com
MightyEagle6718,12555,False,mightyeagle6718@yahoo.com
CoolTiger6719,82891,False,cooltiger6719@hotmail.com
FireBear6720,95048,True,firebear6720@yahoo.com
CoolBear6721,66896,False,coolbear6721@outlook.com
GoldenTiger6722,79531,True,goldentiger6722@outlook.com
ShadowLion6723,37762,False,shadowlion6723@mail.ru
ShadowShark6724,3054,False,shadowshark6724@gmail.com
ShadowDragon6725,54495,False,shadowdragon6725@hotmail.com
ShadowViper6726,68858,False,shadowviper6726@outlook.com
MightyShark6727,9036,False,mightyshark6727@gmail.com
MightyBear6728,30716,False,mightybear6728@mail.ru
IronViper6729,23568,False,ironviper6729@mail.ru
GoldenViper6730,76869,False,goldenviper6730@hotmail.com
ShadowTiger6731,90726,False,shadowtiger6731@hotmail.com
FireFox6732,13646,False,firefox6732@outlook.com
FireEagle6733,20282,False,fireeagle6733@hotmail.com
SilentShark6734,27407,False,silentshark6734@mail.ru
CoolFox6735,4142,True,coolfox6735@hotmail.com
SwiftWolf6736,74336,True,swiftwolf6736@yahoo.com
FireWolf6737,93048,False,firewolf6737@yahoo.com
SwiftFox6738,15711,False,swiftfox6738@gmail.com
MightyFox6739,33380,False,mightyfox6739@mail.ru
SwiftEagle6740,36302,True,swifteagle6740@gmail.com
GoldenShark6741,4416,False,goldenshark6741@outlook.com
DarkFox6742,75070,False,darkfox6742@outlook.com
DarkEagle6743,19058,False,darkeagle6743@hotmail.com
GoldenTiger6744,93336,False,goldentiger6744@gmail.com
SwiftLion6745,53912,False,swiftlion6745@outlook.com
SwiftWolf6746,35871,True,swiftwolf6746@hotmail.com
MightyEagle6747,17031,False,mightyeagle6747@gmail.com
MightyShark6748,70671,False,mightyshark6748@mail.ru
SwiftBear6749,71240,True,swiftbear6749@hotmail.com
MightyShark6750,42761,False,mightyshark6750@outlook.com
EpicLion6751,12624,True,epiclion6751@yahoo.com
EpicBear6752,98477,False,epicbear6752@hotmail.com
SwiftEagle6753,52420,False,swifteagle6753@yahoo.com
IronBear6754,28119,False,ironbear6754@gmail.com
CoolViper6755,9207,False,coolviper6755@yahoo.com
GoldenFox6756,1925,False,goldenfox6756@gmail.com
CoolWolf6757,52000,False,coolwolf6757@hotmail.com
EpicDragon6758,72526,False,epicdragon6758@gmail.com
SilentHawk6759,30211,False,silenthawk6759@hotmail.com
GoldenFox6760,57670,True,goldenfox6760@mail.ru
MightyEagle6761,77771,False,mightyeagle6761@mail.ru
GoldenDragon6762,39024,False,goldendragon6762@hotmail.com
EpicTiger6763,98981,False,epictiger6763@gmail.com
SilentFox6764,57001,True,silentfox6764@gmail.com
ShadowEagle6765,37529,True,shadoweagle6765@mail.ru
GoldenFox6766,75510,True,goldenfox6766@yahoo.com
IronEagle6767,40850,False,ironeagle6767@yahoo.com
SwiftFox6768,78111,True,swiftfox6768@mail.ru
GoldenHawk6769,93168,True,goldenhawk6769@hotmail.com
ShadowWolf6770,59113,False,shadowwolf6770@outlook.com
SilentFox6771,12955,False,silentfox6771@gmail.com
DarkViper6772,64750,True,darkviper6772@hotmail.com
SwiftEagle6773,23880,False,swifteagle6773@gmail.com
GoldenFox6774,3929,False,goldenfox6774@outlook.com
SwiftEagle6775,26128,True,swifteagle6775@outlook.com
DarkDragon6776,68996,True,darkdragon6776@yahoo.com
CoolLion6777,59190,False,coollion6777@outlook.com
DarkTiger6778,17389,False,darktiger6778@hotmail.com
SwiftViper6779,49918,True,swiftviper6779@mail.ru
FireViper6780,30604,False,fireviper6780@outlook.com
CoolViper6781,51025,True,coolviper6781@mail.ru
IronWolf6782,77129,False,ironwolf6782@yahoo.com
SilentShark6783,80053,False,silentshark6783@mail.ru
GoldenLion6784,74108,True,goldenlion6784@gmail.com
CoolTiger6785,37626,False,cooltiger6785@hotmail.com
SwiftShark6786,53513,False,swiftshark6786@yahoo.com
ShadowHawk6787,16685,True,shadowhawk6787@hotmail.com
SwiftEagle6788,32153,True,swifteagle6788@hotmail.com
GoldenLion6789,75384,False,goldenlion6789@hotmail.com
ShadowTiger6790,14139,False,shadowtiger6790@outlook.com
EpicBear6791,32257,False,epicbear6791@yahoo.com
DarkHawk6792,9947,True,darkhawk6792@outlook.com
SwiftHawk6793,56894,False,swifthawk6793@gmail.com
ShadowWolf6794,27446,False,shadowwolf6794@gmail.com
MightyBear6795,47895,False,mightybear6795@mail.ru
MightyWolf6796,41666,False,mightywolf6796@yahoo.com
SilentFox6797,97286,False,silentfox6797@yahoo.com
FireTiger6798,77596,True,firetiger6798@hotmail.com
ShadowLion6799,23442,True,shadowlion6799@hotmail.com
EpicViper6800,21615,False,epicviper6800@outlook.com
MightyLion6801,27938,False,mightylion6801@gmail.com
GoldenBear6802,27584,False,goldenbear6802@gmail.com
SwiftBear6803,50640,False,swiftbear6803@gmail.com
SwiftHawk6804,84783,True,swifthawk6804@mail.ru
EpicViper6805,42155,False,epicviper6805@hotmail.com
MightyFox6806,3073,False,mightyfox6806@outlook.com
FireWolf6807,78281,False,firewolf6807@hotmail.com
DarkTiger6808,32584,False,darktiger6808@gmail.com
CoolWolf6809,77392,True,coolwolf6809@outlook.com
FireDragon6810,6135,False,firedragon6810@outlook.com
ShadowBear6811,76367,False,shadowbear6811@outlook.com
GoldenFox6812,39447,True,goldenfox6812@hotmail.com
IronHawk6813,78181,False,ironhawk6813@hotmail.com
IronEagle6814,22883,False,ironeagle6814@yahoo.com
EpicFox6815,36341,False,epicfox6815@mail.ru
CoolLion6816,47827,False,coollion6816@mail.ru
ShadowBear6817,86089,False,shadowbear6817@yahoo.com
ShadowDragon6818,71351,True,shadowdragon6818@gmail.com
EpicDragon6819,97697,False,epicdragon6819@gmail.com
ShadowDragon6820,17854,True,shadowdragon6820@outlook.com
IronFox6821,28065,False,ironfox6821@hotmail.com
MightyBear6822,11892,False,mightybear6822@yahoo.com
GoldenHawk6823,17768,True,goldenhawk6823@yahoo.com
FireWolf6824,90743,True,firewolf6824@gmail.com
GoldenBear6825,34962,False,goldenbear6825@outlook.com
CoolHawk6826,17632,False,coolhawk6826@gmail.com
ShadowFox6827,81375,False,shadowfox6827@yahoo.com
ShadowViper6828,93160,False,shadowviper6828@yahoo.com
FireTiger6829,79979,False,firetiger6829@yahoo.com
DarkBear6830,11041,False,darkbear6830@mail.ru
SwiftEagle6831,60158,True,swifteagle6831@yahoo.com
SwiftHawk6832,37698,True,swifthawk6832@hotmail.com
GoldenTiger6833,33575,False,goldentiger6833@hotmail.com
MightyBear6834,34199,False,mightybear6834@mail.ru
IronTiger6835,80261,False,irontiger6835@gmail.com
IronHawk6836,46987,False,ironhawk6836@mail.ru
CoolViper6837,70467,False,coolviper6837@outlook.com
SilentBear6838,14639,False,silentbear6838@mail.ru
SwiftBear6839,69071,False,swiftbear6839@hotmail.com
SilentBear6840,30333,False,silentbear6840@yahoo.com
DarkEagle6841,34336,False,darkeagle6841@yahoo.com
ShadowBear6842,89604,False,shadowbear6842@hotmail.com
IronLion6843,74783,False,ironlion6843@gmail.com
CoolBear6844,79079,True,coolbear6844@gmail.com
MightyShark6845,63771,True,mightyshark6845@outlook.com
MightyWolf6846,24162,True,mightywolf6846@yahoo.com
CoolTiger6847,96893,True,cooltiger6847@yahoo.com
MightyLion6848,81167,False,mightylion6848@hotmail.com
EpicBear6849,45975,False,epicbear6849@yahoo.com
IronDragon6850,18270,True,irondragon6850@yahoo.com
IronTiger6851,68234,False,irontiger6851@outlook.com
ShadowBear6852,24478,False,shadowbear6852@yahoo.com
DarkShark6853,25821,False,darkshark6853@hotmail.com
CoolFox6854,81553,True,coolfox6854@hotmail.com
GoldenEagle6855,96953,False,goldeneagle6855@gmail.com
EpicDragon6856,86093,False,epicdragon6856@gmail.com
SilentHawk6857,56873,False,silenthawk6857@outlook.com
DarkDragon6858,2197,False,darkdragon6858@outlook.com
ShadowTiger6859,46883,False,shadowtiger6859@gmail.com
GoldenShark6860,66211,False,goldenshark6860@gmail.com
ShadowEagle6861,9144,False,shadoweagle6861@yahoo.com
DarkLion6862,62922,False,darklion6862@outlook.com
SwiftBear6863,15960,True,swiftbear6863@hotmail.com
SwiftFox6864,92460,False,swiftfox6864@yahoo.com
MightyTiger6865,39844,True,mightytiger6865@gmail.com
MightyLion6866,50776,True,mightylion6866@outlook.com
IronDragon6867,65190,True,irondragon6867@yahoo.com
ShadowTiger6868,95224,True,shadowtiger6868@yahoo.com
CoolWolf6869,31756,False,coolwolf6869@mail.ru
FireHawk6870,44539,False,firehawk6870@yahoo.com
SwiftLion6871,26390,True,swiftlion6871@outlook.com
GoldenFox6872,2566,False,goldenfox6872@gmail.com
SilentDragon6873,90113,False,silentdragon6873@outlook.com
MightyHawk6874,31892,False,mightyhawk6874@mail.ru
SilentHawk6875,14935,False,silenthawk6875@mail.ru
SwiftEagle6876,53028,False,swifteagle6876@mail.ru
ShadowShark6877,42993,False,shadowshark6877@mail.ru
GoldenEagle6878,62201,False,goldeneagle6878@gmail.com
GoldenEagle6879,49010,False,goldeneagle6879@outlook.com
IronBear6880,77663,False,ironbear6880@mail.ru
FireBear6881,69503,False,firebear6881@gmail.com
CoolDragon6882,89819,False,cooldragon6882@hotmail.com
SwiftDragon6883,41209,False,swiftdragon6883@hotmail.com
IronBear6884,66916,True,ironbear6884@gmail.com
IronHawk6885,19078,True,ironhawk6885@gmail.com
SwiftHawk6886,47955,False,swifthawk6886@gmail.com
SwiftTiger6887,17625,True,swifttiger6887@gmail.com
CoolLion6888,88575,False,coollion6888@outlook.com
SilentShark6889,70171,True,silentshark6889@hotmail.com
FireHawk6890,62755,False,firehawk6890@gmail.com
CoolDragon6891,81085,False,cooldragon6891@outlook.com
IronWolf6892,68848,False,ironwolf6892@hotmail.com
EpicDragon6893,80287,True,epicdragon6893@outlook.com
CoolTiger6894,97905,False,cooltiger6894@gmail.com
SwiftLion6895,43825,False,swiftlion6895@hotmail.com
IronEagle6896,77390,False,ironeagle6896@yahoo.com
SwiftEagle6897,2342,False,swifteagle6897@outlook.com
DarkHawk6898,51654,False,darkhawk6898@yahoo.com
GoldenWolf6899,65508,False,goldenwolf6899@outlook.com
DarkShark6900,6730,False,darkshark6900@yahoo.com
SilentShark6901,36850,False,silentshark6901@yahoo.com
SilentTiger6902,29496,False,silenttiger6902@gmail.com
EpicFox6903,52302,False,epicfox6903@hotmail.com
SwiftDragon6904,5980,False,swiftdragon6904@yahoo.com
SwiftLion6905,-847,False,swiftlion6905@mail.ru
SwiftTiger6906,62624,False,swifttiger6906@hotmail.com
CoolEagle6907,45488,False,cooleagle6907@yahoo.com
GoldenWolf6908,99956,False,goldenwolf6908@outlook.com
EpicHawk6909,15510,False,epichawk6909@outlook.com
CoolFox6910,87753,False,coolfox6910@gmail.com
SwiftHawk6911,94410,False,swifthawk6911@outlook.com
GoldenViper6912,65375,False,goldenviper6912@gmail.com
GoldenViper6913,70326,False,goldenviper6913@yahoo.com
FireDragon6914,57134,False,firedragon6914@hotmail.com
IronEagle6915,53813,False,ironeagle6915@mail.ru
EpicEagle6916,28261,False,epiceagle6916@mail.ru
EpicEagle6917,66298,False,epiceagle6917@gmail.com
DarkTiger6918,74294,False,darktiger6918@mail.ru
SwiftWolf6919,51947,True,swiftwolf6919@hotmail.com
FireViper6920,43337,False,fireviper6920@outlook.com
MightyDragon6921,56107,False,mightydragon6921@yahoo.com
GoldenShark6922,43310,False,goldenshark6922@mail.ru
EpicFox6923,37143,False,epicfox6923@yahoo.com
MightyDragon6924,87984,False,mightydragon6924@mail.ru
FireViper6925,97318,False,fireviper6925@outlook.com
DarkFox6926,74875,True,darkfox6926@hotmail.com
FireEagle6927,17297,False,fireeagle6927@mail.ru
FireEagle6928,76972,False,fireeagle6928@yahoo.com
FireTiger6929,79091,False,firetiger6929@yahoo.com
SwiftBear6930,51071,False,swiftbear6930@outlook.com
SwiftLion6931,23433,False,swiftlion6931@gmail.com
FireHawk6932,21615,True,firehawk6932@hotmail.com
CoolShark6933,18567,True,coolshark6933@mail.ru
EpicShark6934,75981,False,epicshark6934@outlook.com
IronBear6935,8866,False,ironbear6935@gmail.com
GoldenDragon6936,56372,False,goldendragon6936@mail.ru
ShadowFox6937,87273,False,shadowfox6937@mail.ru
CoolWolf6938,10655,True,coolwolf6938@yahoo.com
MightyWolf6939,89742,False,mightywolf6939@yahoo.com
SwiftFox6940,33002,False,swiftfox6940@hotmail.com
CoolTiger6941,-305,False,cooltiger6941@hotmail.com
FireDragon6942,53678,False,firedragon6942@gmail.com
DarkBear6943,87372,False,darkbear6943@outlook.com
GoldenEagle6944,29406,False,goldeneagle6944@yahoo.com
SilentLion6945,62777,False,silentlion6945@yahoo.com
MightyWolf6946,8829,True,mightywolf6946@outlook.com
CoolHawk6947,85594,False,coolhawk6947@hotmail.com
IronHawk6948,65926,False,ironhawk6948@yahoo.com
ShadowFox6949,65833,False,shadowfox6949@hotmail.com
ShadowTiger6950,20745,False,shadowtiger6950@gmail.com
FireDragon6951,78232,False,firedragon6951@outlook.com
ShadowLion6952,16088,False,shadowlion6952@gmail.com
DarkEagle6953,54084,False,darkeagle6953@gmail.com
CoolEagle6954,87565,False,cooleagle6954@outlook.com
ShadowLion6955,97217,False,shadowlion6955@mail.ru
DarkLion6956,48590,False,darklion6956@mail.ru
IronDragon6957,71601,False,irondragon6957@yahoo.com
SilentWolf6958,64512,True,silentwolf6958@outlook.com
IronFox6959,12118,True,ironfox6959@gmail.com
SilentShark6960,41765,False,silentshark6960@gmail.com
IronDragon6961,90993,False,irondragon6961@hotmail.com
EpicBear6962,20034,False,epicbear6962@mail.ru
MightyLion6963,83647,True,mightylion6963@gmail.com
DarkViper6964,8321,False,darkviper6964@hotmail.com
SilentFox6965,14639,False,silentfox6965@mail.ru
IronFox6966,87925,False,ironfox6966@outlook.com
SilentLion6967,90949,False,silentlion6967@hotmail.com
FireEagle6968,33650,False,fireeagle6968@mail.ru
EpicShark6969,83741,False,epicshark6969@outlook.com
DarkBear6970,82338,False,darkbear6970@outlook.com
EpicBear6971,-184,False,epicbear6971@gmail.com
MightyDragon6972,39946,False,mightydragon6972@outlook.com
EpicViper6973,4407,False,epicviper6973@outlook.com
ShadowLion6974,88698,False,shadowlion6974@gmail.com
SilentTiger6975,83050,False,silenttiger6975@hotmail.com
MightyEagle6976,49618,True,mightyeagle6976@outlook.com
SwiftWolf6977,982,False,swiftwolf6977@hotmail.com
CoolEagle6978,71402,False,cooleagle6978@hotmail.com
DarkViper6979,81867,False,darkviper6979@outlook.com
ShadowEagle6980,88600,False,shadoweagle6980@hotmail.com
SwiftShark6981,70969,False,swiftshark6981@mail.ru
MightyViper6982,6465,True,mightyviper6982@gmail.com
SilentTiger6983,33168,False,silenttiger6983@hotmail.com
SilentEagle6984,68040,False,silenteagle6984@hotmail.com
DarkBear6985,69235,True,darkbear6985@yahoo.com
FireShark6986,44925,True,fireshark6986@gmail.com
EpicLion6987,39346,False,epiclion6987@outlook.com
DarkFox6988,29495,True,darkfox6988@hotmail.com
IronLion6989,28578,False,ironlion6989@gmail.com
EpicTiger6990,31639,True,epictiger6990@gmail.com
EpicWolf6991,78966,False,epicwolf6991@gmail.com
ShadowViper6992,25753,True,shadowviper6992@gmail.com
GoldenTiger6993,65544,False,goldentiger6993@hotmail.com
SwiftEagle6994,71070,False,swifteagle6994@hotmail.com
FireHawk6995,39749,False,firehawk6995@outlook.com
CoolWolf6996,42837,True,coolwolf6996@yahoo.com
ShadowDragon6997,18758,False,shadowdragon6997@outlook.com
MightyDragon6998,85137,False,mightydragon6998@yahoo.com
SwiftFox6999,26400,False,swiftfox6999@yahoo.com
GoldenBear7000,66074,True,goldenbear7000@gmail.com
DarkFox7001,91992,False,darkfox7001@gmail.com
DarkDragon7002,14343,False,darkdragon7002@yahoo.com
ShadowHawk7003,15700,True,shadowhawk7003@gmail.com
MightyWolf7004,89755,False,mightywolf7004@hotmail.com
EpicDragon7005,73399,False,epicdragon7005@mail.ru
SwiftDragon7006,74070,False,swiftdragon7006@yahoo.com
IronHawk7007,17745,False,ironhawk7007@hotmail.com
CoolEagle7008,57811,False,cooleagle7008@hotmail.com
CoolHawk7009,40039,False,coolhawk7009@gmail.com
ShadowHawk7010,11082,False,shadowhawk7010@hotmail.com
EpicLion7011,66804,True,epiclion7011@yahoo.com
IronLion7012,19217,False,ironlion7012@outlook.com
CoolHawk7013,3088,True,coolhawk7013@outlook.com
SilentHawk7014,99856,False,silenthawk7014@hotmail.com
FireHawk7015,12228,True,firehawk7015@hotmail.com
GoldenViper7016,25499,False,goldenviper7016@outlook.com
ShadowEagle7017,84792,False,shadoweagle7017@gmail.com
SwiftTiger7018,43851,False,swifttiger7018@yahoo.com
DarkFox7019,95120,False,darkfox7019@hotmail.com
EpicDragon7020,51619,False,epicdragon7020@outlook.com
FireFox7021,16860,False,firefox7021@mail.ru
FireViper7022,76792,False,fireviper7022@outlook.com
EpicDragon7023,39771,False,epicdragon7023@outlook.com
FireBear7024,13484,False,firebear7024@yahoo.com
ShadowFox7025,22594,True,shadowfox7025@gmail.com
ShadowEagle7026,2976,True,shadoweagle7026@outlook.com
GoldenHawk7027,66940,False,goldenhawk7027@gmail.com
SilentDragon7028,90219,False,silentdragon7028@outlook.com
IronHawk7029,9619,False,ironhawk7029@hotmail.com
EpicEagle7030,7497,False,epiceagle7030@gmail.com
MightyEagle7031,3776,False,mightyeagle7031@hotmail.com
CoolTiger7032,80031,False,cooltiger7032@yahoo.com
IronHawk7033,74806,False,ironhawk7033@outlook.com
GoldenLion7034,54522,False,goldenlion7034@gmail.com
DarkLion7035,45044,False,darklion7035@mail.ru
IronHawk7036,80892,False,ironhawk7036@mail.ru
FireViper7037,22984,False,fireviper7037@yahoo.com
FireBear7038,66174,False,firebear7038@yahoo.com
DarkFox7039,13411,False,darkfox7039@mail.ru
IronHawk7040,56082,False,ironhawk7040@outlook.com
GoldenHawk7041,39328,False,goldenhawk7041@yahoo.com
SilentTiger7042,98167,False,silenttiger7042@outlook.com
EpicTiger7043,26967,False,epictiger7043@outlook.com
ShadowLion7044,25977,False,shadowlion7044@gmail.com
SilentTiger7045,18294,False,silenttiger7045@yahoo.com
ShadowWolf7046,654,True,shadowwolf7046@yahoo.com
FireHawk7047,88509,False,firehawk7047@gmail.com
CoolWolf7048,48748,False,coolwolf7048@yahoo.com
CoolHawk7049,52239,False,coolhawk7049@gmail.com
EpicHawk7050,72972,False,epichawk7050@mail.ru
MightyWolf7051,40932,False,mightywolf7051@mail.ru
EpicHawk7052,7759,False,epichawk7052@outlook.com
SwiftBear7053,89823,False,swiftbear7053@yahoo.com
MightyEagle7054,28170,True,mightyeagle7054@yahoo.com
DarkTiger7055,90744,False,darktiger7055@gmail.com
FireFox7056,78495,True,firefox7056@mail.ru
SwiftViper7057,72441,False,swiftviper7057@yahoo.com
FireEagle7058,69116,False,fireeagle7058@mail.ru
MightyDragon7059,30800,False,mightydragon7059@hotmail.com
EpicShark7060,11806,False,epicshark7060@outlook.com
SilentFox7061,26169,False,silentfox7061@yahoo.com
IronHawk7062,2737,False,ironhawk7062@hotmail.com
DarkHawk7063,49734,True,darkhawk7063@gmail.com
EpicHawk7064,47632,True,epichawk7064@hotmail.com
IronLion7065,83681,False,ironlion7065@mail.ru
FireWolf7066,3932,False,firewolf7066@hotmail.com
ShadowDragon7067,67758,False,shadowdragon7067@hotmail.com
ShadowFox7068,76027,False,shadowfox7068@mail.ru
ShadowViper7069,29408,False,shadowviper7069@mail.ru
DarkDragon7070,91862,False,darkdragon7070@hotmail.com
CoolFox7071,96676,False,coolfox7071@yahoo.com
IronHawk7072,17809,False,ironhawk7072@hotmail.com
FireEagle7073,4655,False,fireeagle7073@gmail.com
CoolDragon7074,27594,False,cooldragon7074@yahoo.com
SwiftLion7075,26856,False,swiftlion7075@mail.ru
ShadowWolf7076,57066,False,shadowwolf7076@yahoo.com
SwiftLion7077,12590,False,swiftlion7077@yahoo.com
DarkDragon7078,82567,False,darkdragon7078@hotmail.com
MightyBear7079,61057,True,mightybear7079@outlook.com
EpicFox7080,49957,False,epicfox7080@gmail.com
IronEagle7081,91868,False,ironeagle7081@yahoo.com
GoldenWolf7082,53448,True,goldenwolf7082@mail.ru
SilentTiger7083,49536,False,silenttiger7083@hotmail.com
DarkEagle7084,23925,False,darkeagle7084@mail.ru
EpicShark7085,57957,False,epicshark7085@outlook.com
EpicHawk7086,31166,False,epichawk7086@outlook.com
DarkHawk7087,81845,False,darkhawk7087@hotmail.com
MightyLion7088,98652,True,mightylion7088@hotmail.com
SwiftEagle7089,24403,False,swifteagle7089@hotmail.com
CoolShark7090,1694,False,coolshark7090@yahoo.com
EpicTiger7091,42083,False,epictiger7091@mail.ru
FireShark7092,41345,False,fireshark7092@gmail.com
ShadowDragon7093,19714,False,shadowdragon7093@yahoo.com
FireBear7094,56021,False,firebear7094@outlook.com
IronLion7095,58036,False,ironlion7095@outlook.com
MightyLion7096,91499,False,mightylion7096@yahoo.com
ShadowLion7097,99786,False,shadowlion7097@hotmail.com
FireLion7098,33337,False,firelion7098@hotmail.com
FireShark7099,62457,False,fireshark7099@hotmail.com
GoldenWolf7100,52017,False,goldenwolf7100@yahoo.com
IronWolf7101,29259,False,ironwolf7101@gmail.com
ShadowHawk7102,41669,False,shadowhawk7102@mail.ru
SwiftBear7103,19242,False,swiftbear7103@hotmail.com
EpicFox7104,228,True,epicfox7104@hotmail.com
GoldenLion7105,84164,False,goldenlion7105@yahoo.com
SwiftWolf7106,81571,True,swiftwolf7106@gmail.com
SilentLion7107,11419,False,silentlion7107@gmail.com
CoolEagle7108,36169,False,cooleagle7108@yahoo.com
SilentDragon7109,99766,False,silentdragon7109@gmail.com
EpicShark7110,75025,False,epicshark7110@gmail.com
EpicShark7111,87524,False,epicshark7111@gmail.com
FireTiger7112,88750,False,firetiger7112@outlook.com
IronViper7113,1007,False,ironviper7113@yahoo.com
SwiftBear7114,61489,False,swiftbear7114@yahoo.com
GoldenTiger7115,24863,True,goldentiger7115@outlook.com
IronFox7116,36022,False,ironfox7116@outlook.com
ShadowShark7117,64109,False,shadowshark7117@gmail.com
SilentHawk7118,59654,False,silenthawk7118@hotmail.com
DarkFox7119,63906,False,darkfox7119@mail.ru
CoolBear7120,24631,False,coolbear7120@mail.ru
ShadowTiger7121,84200,False,shadowtiger7121@yahoo.com
DarkHawk7122,1229,False,darkhawk7122@outlook.com
CoolWolf7123,71587,True,coolwolf7123@hotmail.com
SilentBear7124,98449,False,silentbear7124@gmail.com
CoolBear7125,94055,False,coolbear7125@outlook.com
CoolHawk7126,7149,False,coolhawk7126@hotmail.com
DarkBear7127,53304,False,darkbear7127@gmail.com
SwiftWolf7128,53974,False,swiftwolf7128@hotmail.com
FireTiger7129,27544,False,firetiger7129@mail.ru
GoldenViper7130,27501,True,goldenviper7130@mail.ru
EpicDragon7131,67187,True,epicdragon7131@mail.ru
ShadowFox7132,1308,True,shadowfox7132@gmail.com
SilentFox7133,19143,False,silentfox7133@yahoo.com
ShadowHawk7134,68223,False,shadowhawk7134@outlook.com
SilentHawk7135,15821,False,silenthawk7135@mail.ru
IronHawk7136,58782,True,ironhawk7136@gmail.com
DarkLion7137,67295,True,darklion7137@gmail.com
MightyFox7138,42118,False,mightyfox7138@outlook.com
DarkFox7139,29295,False,darkfox7139@hotmail.com
SwiftShark7140,19733,False,swiftshark7140@outlook.com
ShadowWolf7141,26862,False,shadowwolf7141@hotmail.com
SwiftEagle7142,81029,False,swifteagle7142@gmail.com
IronBear7143,67230,False,ironbear7143@gmail.com
ShadowTiger7144,66787,True,shadowtiger7144@outlook.com
EpicShark7145,59755,False,epicshark7145@gmail.com
IronLion7146,45936,True,ironlion7146@mail.ru
FireLion7147,87586,False,firelion7147@mail.ru
MightyLion7148,93212,False,mightylion7148@yahoo.com
SilentFox7149,20589,False,silentfox7149@outlook.com
DarkDragon7150,68434,False,darkdragon7150@gmail.com
SwiftShark7151,65841,False,swiftshark7151@gmail.com
IronWolf7152,47631,False,ironwolf7152@hotmail.com
IronDragon7153,44512,False,irondragon7153@yahoo.com
ShadowHawk7154,53587,False,shadowhawk7154@outlook.com
IronDragon7155,79411,False,irondragon7155@hotmail.com
ShadowDragon7156,77011,True,shadowdragon7156@mail.ru
SilentEagle7157,38923,False,silenteagle7157@outlook.com
GoldenLion7158,27802,False,goldenlion7158@gmail.com
DarkEagle7159,8478,True,darkeagle7159@mail.ru
FireWolf7160,97384,True,firewolf7160@outlook.com
FireDragon7161,81470,False,firedragon7161@hotmail.com
SwiftFox7162,25057,False,swiftfox7162@outlook.com
DarkBear7163,75718,False,darkbear7163@gmail.com
ShadowViper7164,11323,False,shadowviper7164@yahoo.com
ShadowTiger7165,77977,False,shadowtiger7165@outlook.com
DarkLion7166,75718,False,darklion7166@hotmail.com
CoolHawk7167,69735,False,coolhawk7167@gmail.com
CoolLion7168,16340,False,coollion7168@outlook.com
CoolViper7169,90414,False,coolviper7169@gmail.com
EpicHawk7170,42283,False,epichawk7170@yahoo.com
MightyDragon7171,97977,True,mightydragon7171@mail.ru
SwiftFox7172,46303,False,swiftfox7172@hotmail.com
DarkHawk7173,43793,False,darkhawk7173@mail.ru
MightyHawk7174,92110,False,mightyhawk7174@outlook.com
ShadowFox7175,29476,True,shadowfox7175@gmail.com
SilentTiger7176,22001,False,silenttiger7176@gmail.com
DarkWolf7177,69829,False,darkwolf7177@gmail.com
EpicShark7178,75976,False,epicshark7178@gmail.com
DarkBear7179,50978,False,darkbear7179@gmail.com
GoldenViper7180,24098,False,goldenviper7180@yahoo.com
FireDragon7181,72440,True,firedragon7181@hotmail.com
SwiftEagle7182,6549,False,swifteagle7182@mail.ru
FireShark7183,37856,False,fireshark7183@mail.ru
SilentFox7184,41609,False,silentfox7184@hotmail.com
GoldenHawk7185,4929,False,goldenhawk7185@yahoo.com
SilentDragon7186,76535,False,silentdragon7186@yahoo.com
CoolViper7187,50108,False,coolviper7187@yahoo.com
GoldenWolf7188,30960,False,goldenwolf7188@mail.ru
MightyTiger7189,58699,True,mightytiger7189@hotmail.com
EpicTiger7190,76003,False,epictiger7190@outlook.com
SwiftTiger7191,82649,False,swifttiger7191@hotmail.com
FireShark7192,72054,False,fireshark7192@outlook.com
FireLion7193,86876,False,firelion7193@yahoo.com
SwiftShark7194,8631,False,swiftshark7194@gmail.com
DarkFox7195,88707,True,darkfox7195@mail.ru
CoolBear7196,79454,False,coolbear7196@mail.ru
CoolWolf7197,10410,False,coolwolf7197@gmail.com
GoldenHawk7198,69562,False,goldenhawk7198@outlook.com
DarkFox7199,18384,False,darkfox7199@outlook.com
EpicBear7200,58816,False,epicbear7200@outlook.com
FireShark7201,94136,False,fireshark7201@yahoo.com
MightyHawk7202,36169,False,mightyhawk7202@mail.ru
SilentHawk7203,46321,False,silenthawk7203@gmail.com
GoldenEagle7204,59902,False,goldeneagle7204@yahoo.com
SilentEagle7205,68713,False,silenteagle7205@outlook.com
ShadowViper7206,30380,False,shadowviper7206@yahoo.com
MightyViper7207,93112,False,mightyviper7207@outlook.com
EpicBear7208,98403,False,epicbear7208@outlook.com
ShadowHawk7209,36829,False,shadowhawk7209@outlook.com
CoolTiger7210,38151,False,cooltiger7210@yahoo.com
CoolBear7211,1358,False,coolbear7211@outlook.com
EpicShark7212,35937,False,epicshark7212@gmail.com
CoolLion7213,89270,False,coollion7213@mail.ru
CoolHawk7214,63364,True,coolhawk7214@outlook.com
EpicWolf7215,72211,True,epicwolf7215@mail.ru
MightyEagle7216,75304,True,mightyeagle7216@yahoo.com
IronDragon7217,56538,True,irondragon7217@hotmail.com
FireHawk7218,62526,True,firehawk7218@gmail.com
CoolDragon7219,38965,False,cooldragon7219@gmail.com
CoolEagle7220,51085,True,cooleagle7220@yahoo.com
DarkBear7221,78317,False,darkbear7221@outlook.com
EpicShark7222,18527,True,epicshark7222@gmail.com
EpicHawk7223,15300,False,epichawk7223@mail.ru
GoldenHawk7224,25495,False,goldenhawk7224@outlook.com
GoldenTiger7225,57928,False,goldentiger7225@yahoo.com
ShadowShark7226,54247,False,shadowshark7226@yahoo.com
SilentFox7227,7450,False,silentfox7227@hotmail.com
FireShark7228,26019,False,fireshark7228@yahoo.com
IronDragon7229,6136,False,irondragon7229@mail.ru
SwiftBear7230,51229,False,swiftbear7230@yahoo.com
ShadowLion7231,1431,True,shadowlion7231@yahoo.com
SwiftDragon7232,85634,True,swiftdragon7232@outlook.com
MightyViper7233,94142,False,mightyviper7233@hotmail.com
EpicEagle7234,82538,True,epiceagle7234@yahoo.com
ShadowHawk7235,86195,False,shadowhawk7235@outlook.com
DarkShark7236,56897,False,darkshark7236@outlook.com
SwiftWolf7237,6519,False,swiftwolf7237@mail.ru
CoolTiger7238,90513,False,cooltiger7238@yahoo.com
SilentHawk7239,99986,False,silenthawk7239@hotmail.com
IronBear7240,39191,False,ironbear7240@yahoo.com
MightyHawk7241,53555,False,mightyhawk7241@hotmail.com
GoldenTiger7242,28239,False,goldentiger7242@gmail.com
GoldenBear7243,65468,False,goldenbear7243@yahoo.com
GoldenFox7244,51533,False,goldenfox7244@gmail.com
IronHawk7245,87142,False,ironhawk7245@yahoo.com
CoolHawk7246,39475,False,coolhawk7246@outlook.com
CoolFox7247,59845,False,coolfox7247@gmail.com
IronLion7248,78694,False,ironlion7248@gmail.com
DarkDragon7249,61959,False,darkdragon7249@gmail.com
GoldenHawk7250,65557,True,goldenhawk7250@mail.ru
MightyLion7251,40706,False,mightylion7251@gmail.com
IronWolf7252,64989,False,ironwolf7252@hotmail.com
EpicViper7253,77417,False,epicviper7253@mail.ru
EpicDragon7254,34209,False,epicdragon7254@yahoo.com
FireDragon7255,17313,True,firedragon7255@mail.ru
IronFox7256,81874,False,ironfox7256@outlook.com
CoolDragon7257,14319,True,cooldragon7257@hotmail.com
SilentShark7258,75485,False,silentshark7258@outlook.com
EpicDragon7259,34637,False,epicdragon7259@hotmail.com
EpicEagle7260,21831,False,epiceagle7260@outlook.com
SilentBear7261,92682,False,silentbear7261@mail.ru
FireEagle7262,6183,False,fireeagle7262@mail.ru
EpicFox7263,81641,False,epicfox7263@outlook.com
EpicFox7264,14065,False,epicfox7264@yahoo.com
FireEagle7265,72157,False,fireeagle7265@gmail.com
EpicLion7266,31127,False,epiclion7266@outlook.com
DarkDragon7267,70261,False,darkdragon7267@yahoo.com
EpicDragon7268,27023,False,epicdragon7268@outlook.com
DarkWolf7269,74432,False,darkwolf7269@yahoo.com
DarkViper7270,10592,True,darkviper7270@outlook.com
FireHawk7271,81676,True,firehawk7271@yahoo.com
FireEagle7272,23264,False,fireeagle7272@gmail.com
GoldenBear7273,84860,False,goldenbear7273@outlook.com
SilentHawk7274,58698,False,silenthawk7274@gmail.com
EpicTiger7275,85509,True,epictiger7275@gmail.com
FireHawk7276,74917,False,firehawk7276@gmail.com
FireLion7277,82109,False,firelion7277@yahoo.com
DarkEagle7278,14713,False,darkeagle7278@outlook.com
EpicHawk7279,90383,False,epichawk7279@outlook.com
DarkViper7280,50890,False,darkviper7280@hotmail.com
SilentWolf7281,45010,False,silentwolf7281@gmail.com
SilentLion7282,45387,False,silentlion7282@yahoo.com
DarkFox7283,71300,False,darkfox7283@outlook.com
FireEagle7284,23685,False,fireeagle7284@yahoo.com
CoolShark7285,31375,False,coolshark7285@gmail.com
FireBear7286,35644,False,firebear7286@yahoo.com
ShadowBear7287,55347,False,shadowbear7287@hotmail.com
GoldenTiger7288,64037,True,goldentiger7288@hotmail.com
GoldenViper7289,25101,True,goldenviper7289@mail.ru
SwiftLion7290,37767,False,swiftlion7290@mail.ru
MightyFox7291,83263,False,mightyfox7291@yahoo.com
SilentDragon7292,33340,False,silentdragon7292@hotmail.com
EpicHawk7293,78200,False,epichawk7293@yahoo.com
EpicEagle7294,9898,False,epiceagle7294@mail.ru
SwiftShark7295,24518,False,swiftshark7295@outlook.com
ShadowWolf7296,99258,False,shadowwolf7296@outlook.com
IronTiger7297,50239,True,irontiger7297@gmail.com
FireFox7298,62288,False,firefox7298@yahoo.com
MightyWolf7299,69801,True,mightywolf7299@mail.ru
ShadowEagle7300,24392,False,shadoweagle7300@yahoo.com
EpicEagle7301,54278,False,epiceagle7301@outlook.com
MightyEagle7302,15585,False,mightyeagle7302@outlook.com
GoldenFox7303,2668,False,goldenfox7303@gmail.com
EpicTiger7304,94054,False,epictiger7304@hotmail.com
SilentTiger7305,13869,False,silenttiger7305@outlook.com
SwiftFox7306,25940,False,swiftfox7306@mail.ru
EpicEagle7307,81635,False,epiceagle7307@gmail.com
EpicFox7308,91979,False,epicfox7308@outlook.com
CoolViper7309,86432,False,coolviper7309@hotmail.com
SwiftShark7310,79980,True,swiftshark7310@hotmail.com
SilentHawk7311,97141,False,silenthawk7311@mail.ru
MightyEagle7312,35712,False,mightyeagle7312@yahoo.com
SilentEagle7313,32698,False,silenteagle7313@yahoo.com
SwiftViper7314,45791,False,swiftviper7314@yahoo.com
SilentViper7315,29038,False,silentviper7315@mail.ru
DarkTiger7316,45186,False,darktiger7316@gmail.com
CoolShark7317,42891,False,coolshark7317@mail.ru
MightyLion7318,99370,False,mightylion7318@outlook.com
EpicLion7319,75750,False,epiclion7319@yahoo.com
MightyShark7320,37610,False,mightyshark7320@hotmail.com
CoolHawk7321,17960,False,coolhawk7321@hotmail.com
SilentEagle7322,32400,False,silenteagle7322@gmail.com
FireLion7323,81293,False,firelion7323@hotmail.com
CoolFox7324,63912,False,coolfox7324@gmail.com
CoolEagle7325,93158,False,cooleagle7325@mail.ru
CoolTiger7326,81319,False,cooltiger7326@outlook.com
GoldenWolf7327,54548,False,goldenwolf7327@gmail.com
CoolDragon7328,38601,True,cooldragon7328@hotmail.com
IronHawk7329,9101,False,ironhawk7329@outlook.com
SilentHawk7330,92933,True,silenthawk7330@yahoo.com
SilentTiger7331,18227,False,silenttiger7331@yahoo.com
FireWolf7332,11667,False,firewolf7332@outlook.com
MightyDragon7333,54507,False,mightydragon7333@hotmail.com
EpicEagle7334,3432,False,epiceagle7334@yahoo.com
SwiftWolf7335,41443,False,swiftwolf7335@outlook.com
GoldenShark7336,22918,False,goldenshark7336@yahoo.com
GoldenBear7337,33585,False,goldenbear7337@gmail.com
ShadowTiger7338,43851,False,shadowtiger7338@hotmail.com
EpicHawk7339,20783,False,epichawk7339@gmail.com
FireViper7340,15910,True,fireviper7340@gmail.com
FireLion7341,54810,False,firelion7341@mail.ru
SilentFox7342,85437,False,silentfox7342@mail.ru
ShadowBear7343,98971,False,shadowbear7343@yahoo.com
DarkHawk7344,54926,True,darkhawk7344@gmail.com
CoolViper7345,60043,False,coolviper7345@yahoo.com
GoldenShark7346,35257,False,goldenshark7346@hotmail.com
SwiftHawk7347,81022,False,swifthawk7347@gmail.com
FireBear7348,29592,False,firebear7348@outlook.com
EpicDragon7349,64769,False,epicdragon7349@outlook.com
ShadowViper7350,67277,False,shadowviper7350@hotmail.com
CoolLion7351,21281,False,coollion7351@yahoo.com
MightyShark7352,90848,False,mightyshark7352@gmail.com
DarkEagle7353,10564,False,darkeagle7353@hotmail.com
DarkLion7354,26729,False,darklion7354@gmail.com
SilentTiger7355,70323,False,silenttiger7355@mail.ru
SwiftHawk7356,73285,False,swifthawk7356@mail.ru
FireViper7357,90082,False,fireviper7357@outlook.com
SilentTiger7358,98214,False,silenttiger7358@mail.ru
ShadowTiger7359,93538,False,shadowtiger7359@yahoo.com
MightyViper7360,61002,False,mightyviper7360@mail.ru
MightyViper7361,39261,False,mightyviper7361@hotmail.com
IronHawk7362,16416,False,ironhawk7362@yahoo.com
IronBear7363,47149,False,ironbear7363@hotmail.com
ShadowHawk7364,4594,False,shadowhawk7364@outlook.com
CoolBear7365,70258,False,coolbear7365@mail.ru
GoldenFox7366,77289,True,goldenfox7366@outlook.com
EpicFox7367,80824,True,epicfox7367@outlook.com
CoolShark7368,71309,False,coolshark7368@outlook.com
MightyHawk7369,68724,False,mightyhawk7369@yahoo.com
CoolEagle7370,28205,False,cooleagle7370@yahoo.com
EpicEagle7371,10490,False,epiceagle7371@outlook.com
IronShark7372,37149,False,ironshark7372@hotmail.com
MightyBear7373,65230,False,mightybear7373@yahoo.com
IronFox7374,10523,False,ironfox7374@outlook.com
GoldenFox7375,69239,False,goldenfox7375@yahoo.com
CoolDragon7376,3326,True,cooldragon7376@outlook.com
SilentViper7377,78561,False,silentviper7377@hotmail.com
DarkLion7378,11825,False,darklion7378@mail.ru
FireDragon7379,3679,True,firedragon7379@outlook.com
SilentLion7380,11540,True,silentlion7380@outlook.com
MightyWolf7381,26945,False,mightywolf7381@yahoo.com
ShadowViper7382,43706,False,shadowviper7382@hotmail.com
ShadowLion7383,22216,False,shadowlion7383@yahoo.com
SilentDragon7384,79040,False,silentdragon7384@yahoo.com
GoldenLion7385,46815,False,goldenlion7385@mail.ru
FireTiger7386,32894,True,firetiger7386@gmail.com
DarkLion7387,27590,False,darklion7387@mail.ru
EpicWolf7388,49462,True,epicwolf7388@hotmail.com
FireWolf7389,11236,True,firewolf7389@outlook.com
SilentFox7390,82094,True,silentfox7390@gmail.com
SwiftEagle7391,80249,False,swifteagle7391@outlook.com
CoolViper7392,48339,False,coolviper7392@mail.ru
SilentBear7393,10996,False,silentbear7393@outlook.com
EpicDragon7394,49759,False,epicdragon7394@outlook.com
MightyEagle7395,49371,False,mightyeagle7395@yahoo.com
EpicShark7396,38089,False,epicshark7396@mail.ru
CoolBear7397,47853,False,coolbear7397@outlook.com
SwiftHawk7398,79093,False,swifthawk7398@outlook.com
ShadowHawk7399,28058,False,shadowhawk7399@outlook.com
MightyHawk7400,37427,True,mightyhawk7400@hotmail.com
IronEagle7401,43195,False,ironeagle7401@outlook.com
SwiftFox7402,7508,True,swiftfox7402@mail.ru
IronLion7403,36462,False,ironlion7403@gmail.com
CoolHawk7404,74129,False,coolhawk7404@yahoo.com
FireFox7405,1185,False,firefox7405@hotmail.com
SilentShark7406,10837,False,silentshark7406@gmail.com
ShadowDragon7407,81915,False,shadowdragon7407@hotmail.com
GoldenShark7408,78634,False,goldenshark7408@gmail.com
MightyWolf7409,47886,False,mightywolf7409@mail.ru
ShadowBear7410,53142,False,shadowbear7410@yahoo.com
GoldenEagle7411,21961,True,goldeneagle7411@hotmail.com
GoldenEagle7412,57932,False,goldeneagle7412@yahoo.com
DarkShark7413,63639,False,darkshark7413@gmail.com
FireEagle7414,61543,False,fireeagle7414@yahoo.com
SwiftFox7415,49740,False,swiftfox7415@hotmail.com
DarkEagle7416,20297,False,darkeagle7416@yahoo.com
FireFox7417,61365,False,firefox7417@hotmail.com
CoolTiger7418,91987,False,cooltiger7418@hotmail.com
SwiftFox7419,97937,False,swiftfox7419@mail.ru
MightyEagle7420,10944,False,mightyeagle7420@hotmail.com
DarkEagle7421,97005,False,darkeagle7421@hotmail.com
GoldenShark7422,72352,False,goldenshark7422@yahoo.com
FireEagle7423,39090,True,fireeagle7423@hotmail.com
SilentLion7424,8333,False,silentlion7424@hotmail.com
CoolLion7425,55718,False,coollion7425@yahoo.com
EpicBear7426,93412,True,epicbear7426@gmail.com
DarkBear7427,25007,False,darkbear7427@hotmail.com
EpicViper7428,68353,False,epicviper7428@gmail.com
DarkFox7429,91792,False,darkfox7429@hotmail.com
SwiftEagle7430,75983,True,swifteagle7430@yahoo.com
FireWolf7431,39146,True,firewolf7431@gmail.com
EpicHawk7432,21862,False,epichawk7432@gmail.com
SwiftViper7433,52442,True,swiftviper7433@gmail.com
EpicViper7434,59771,False,epicviper7434@mail.ru
CoolViper7435,31483,True,coolviper7435@yahoo.com
DarkLion7436,80565,False,darklion7436@mail.ru
SilentBear7437,70692,True,silentbear7437@mail.ru
EpicViper7438,39925,False,epicviper7438@hotmail.com
SwiftShark7439,71433,False,swiftshark7439@mail.ru
CoolHawk7440,7093,False,coolhawk7440@mail.ru
DarkLion7441,78087,False,darklion7441@outlook.com
SilentFox7442,7968,False,silentfox7442@mail.ru
IronDragon7443,75919,False,irondragon7443@outlook.com
MightyLion7444,44717,False,mightylion7444@hotmail.com
SwiftWolf7445,12255,False,swiftwolf7445@outlook.com
SwiftShark7446,8770,True,swiftshark7446@mail.ru
MightyFox7447,17218,False,mightyfox7447@hotmail.com
ShadowDragon7448,38389,True,shadowdragon7448@outlook.com
ShadowFox7449,25359,False,shadowfox7449@hotmail.com
GoldenWolf7450,59064,False,goldenwolf7450@hotmail.com
IronTiger7451,44825,True,irontiger7451@hotmail.com
EpicDragon7452,79089,False,epicdragon7452@mail.ru
FireDragon7453,84441,False,firedragon7453@hotmail.com
GoldenEagle7454,1241,False,goldeneagle7454@hotmail.com
GoldenShark7455,12394,False,goldenshark7455@yahoo.com
GoldenEagle7456,70905,True,goldeneagle7456@hotmail.com
MightyBear7457,52489,False,mightybear7457@mail.ru
SwiftBear7458,72983,False,swiftbear7458@yahoo.com
SilentFox7459,73911,False,silentfox7459@yahoo.com
SilentTiger7460,72922,True,silenttiger7460@gmail.com
ShadowViper7461,49729,False,shadowviper7461@gmail.com
GoldenEagle7462,4257,False,goldeneagle7462@hotmail.com
GoldenViper7463,68873,False,goldenviper7463@mail.ru
MightyEagle7464,67979,False,mightyeagle7464@outlook.com
IronLion7465,26744,True,ironlion7465@yahoo.com
MightyDragon7466,51136,False,mightydragon7466@yahoo.com
DarkDragon7467,97017,False,darkdragon7467@mail.ru
FireEagle7468,63858,True,fireeagle7468@hotmail.com
ShadowHawk7469,24236,False,shadowhawk7469@mail.ru
FireTiger7470,27252,False,firetiger7470@mail.ru
IronBear7471,42024,False,ironbear7471@mail.ru
IronShark7472,63194,True,ironshark7472@gmail.com
ShadowViper7473,21195,False,shadowviper7473@outlook.com
IronHawk7474,25950,False,ironhawk7474@gmail.com
SilentWolf7475,4075,True,silentwolf7475@outlook.com
SwiftLion7476,99700,False,swiftlion7476@yahoo.com
IronEagle7477,44496,False,ironeagle7477@outlook.com
MightyHawk7478,16392,True,mightyhawk7478@gmail.com
MightyWolf7479,35238,True,mightywolf7479@gmail.com
CoolHawk7480,10110,False,coolhawk7480@hotmail.com
SilentDragon7481,45737,False,silentdragon7481@outlook.com
GoldenHawk7482,27511,False,goldenhawk7482@outlook.com
SilentWolf7483,66206,False,silentwolf7483@outlook.com
SilentHawk7484,25554,False,silenthawk7484@gmail.com
IronEagle7485,26746,False,ironeagle7485@mail.ru
GoldenBear7486,77440,False,goldenbear7486@mail.ru
CoolBear7487,71758,True,coolbear7487@mail.ru
EpicHawk7488,72193,False,epichawk7488@yahoo.com
MightyWolf7489,91061,True,mightywolf7489@mail.ru
MightyTiger7490,2317,False,mightytiger7490@gmail.com
CoolViper7491,77318,False,coolviper7491@hotmail.com
CoolFox7492,86221,False,coolfox7492@gmail.com
ShadowBear7493,4987,False,shadowbear7493@gmail.com
DarkFox7494,34405,False,darkfox7494@outlook.com
DarkEagle7495,83043,False,darkeagle7495@mail.ru
SwiftWolf7496,69946,False,swiftwolf7496@hotmail.com
ShadowBear7497,16768,False,shadowbear7497@outlook.com
EpicViper7498,33946,False,epicviper7498@hotmail.com
SilentHawk7499,24473,False,silenthawk7499@outlook.com
CoolWolf7500,96747,False,coolwolf7500@gmail.com
MightyTiger7501,24625,False,mightytiger7501@hotmail.com
DarkDragon7502,66714,True,darkdragon7502@outlook.com
IronTiger7503,48332,False,irontiger7503@gmail.com
CoolLion7504,61591,False,coollion7504@mail.ru
MightyShark7505,47819,False,mightyshark7505@outlook.com
ShadowDragon7506,24167,True,shadowdragon7506@gmail.com
IronEagle7507,96868,False,ironeagle7507@gmail.com
GoldenShark7508,76216,False,goldenshark7508@mail.ru
ShadowDragon7509,28465,False,shadowdragon7509@yahoo.com
SwiftShark7510,53550,False,swiftshark7510@hotmail.com
GoldenEagle7511,81593,False,goldeneagle7511@yahoo.com
GoldenDragon7512,71798,False,goldendragon7512@outlook.com
GoldenFox7513,36504,True,goldenfox7513@outlook.com
IronHawk7514,38235,False,ironhawk7514@yahoo.com
SilentViper7515,40868,True,silentviper7515@mail.ru
SilentShark7516,9081,False,silentshark7516@hotmail.com
FireLion7517,40745,False,firelion7517@outlook.com
DarkLion7518,30985,False,darklion7518@mail.ru
SwiftLion7519,76758,False,swiftlion7519@gmail.com
GoldenViper7520,60873,False,goldenviper7520@outlook.com
ShadowLion7521,53769,False,shadowlion7521@mail.ru
IronHawk7522,32460,True,ironhawk7522@gmail.com
DarkFox7523,49219,False,darkfox7523@mail.ru
FireEagle7524,36979,False,fireeagle7524@gmail.com
SwiftWolf7525,76657,False,swiftwolf7525@hotmail.com
IronEagle7526,58451,False,ironeagle7526@gmail.com
SwiftViper7527,62083,False,swiftviper7527@yahoo.com
IronLion7528,19508,False,ironlion7528@yahoo.com
MightyHawk7529,55875,False,mightyhawk7529@gmail.com
CoolDragon7530,75920,False,cooldragon7530@yahoo.com
DarkWolf7531,60414,False,darkwolf7531@hotmail.com
IronEagle7532,21447,False,ironeagle7532@hotmail.com
IronDragon7533,24488,False,irondragon7533@hotmail.com
SwiftDragon7534,45122,False,swiftdragon7534@gmail.com
MightyViper7535,71779,False,mightyviper7535@gmail.com
DarkWolf7536,54475,False,darkwolf7536@outlook.com
ShadowShark7537,55095,False,shadowshark7537@gmail.com
GoldenShark7538,81347,False,goldenshark7538@gmail.com
MightyFox7539,37904,False,mightyfox7539@outlook.com
SilentWolf7540,36017,False,silentwolf7540@outlook.com
ShadowFox7541,49002,False,shadowfox7541@yahoo.com
MightyTiger7542,53402,False,mightytiger7542@yahoo.com
SwiftBear7543,32874,False,swiftbear7543@yahoo.com
DarkDragon7544,-891,True,darkdragon7544@yahoo.com
MightyShark7545,58075,False,mightyshark7545@yahoo.com
CoolShark7546,31172,False,coolshark7546@yahoo.com
FireShark7547,74793,False,fireshark7547@gmail.com
ShadowWolf7548,72869,True,shadowwolf7548@gmail.com
FireWolf7549,72163,False,firewolf7549@hotmail.com
CoolTiger7550,24370,False,cooltiger7550@gmail.com
IronHawk7551,70669,True,ironhawk7551@mail.ru
SilentEagle7552,53687,False,silenteagle7552@outlook.com
SwiftViper7553,8426,False,swiftviper7553@hotmail.com
EpicFox7554,93317,False,epicfox7554@mail.ru
EpicBear7555,31830,False,epicbear7555@outlook.com
IronDragon7556,50618,False,irondragon7556@hotmail.com
SilentLion7557,90455,False,silentlion7557@outlook.com
DarkHawk7558,4324,False,darkhawk7558@outlook.com
SwiftBear7559,97580,False,swiftbear7559@hotmail.com
GoldenViper7560,79719,False,goldenviper7560@hotmail.com
CoolFox7561,87610,False,coolfox7561@yahoo.com
ShadowFox7562,60301,True,shadowfox7562@yahoo.com
ShadowFox7563,13907,False,shadowfox7563@outlook.com
SilentHawk7564,56632,True,silenthawk7564@mail.ru
FireEagle7565,87058,False,fireeagle7565@yahoo.com
ShadowViper7566,6782,False,shadowviper7566@yahoo.com
MightyTiger7567,67976,False,mightytiger7567@outlook.com
FireTiger7568,234,True,firetiger7568@mail.ru
SilentDragon7569,9560,False,silentdragon7569@yahoo.com
SwiftFox7570,35672,True,swiftfox7570@mail.ru
IronTiger7571,38326,False,irontiger7571@hotmail.com
DarkFox7572,99140,False,darkfox7572@gmail.com
EpicHawk7573,57894,False,epichawk7573@yahoo.com
MightyEagle7574,97252,False,mightyeagle7574@mail.ru
DarkShark7575,93126,False,darkshark7575@hotmail.com
FireBear7576,37617,True,firebear7576@outlook.com
SwiftTiger7577,19412,True,swifttiger7577@gmail.com
DarkLion7578,84606,False,darklion7578@gmail.com
IronFox7579,87761,False,ironfox7579@mail.ru
FireEagle7580,19159,True,fireeagle7580@yahoo.com
FireLion7581,3553,True,firelion7581@gmail.com
FireLion7582,91446,False,firelion7582@outlook.com
MightyLion7583,62295,False,mightylion7583@outlook.com
SwiftLion7584,85288,True,swiftlion7584@hotmail.com
SilentFox7585,49653,False,silentfox7585@hotmail.com
GoldenShark7586,32099,False,goldenshark7586@outlook.com
CoolEagle7587,59969,False,cooleagle7587@hotmail.com
SwiftTiger7588,8930,False,swifttiger7588@outlook.com
GoldenLion7589,4899,False,goldenlion7589@yahoo.com
CoolWolf7590,97099,False,coolwolf7590@mail.ru
DarkShark7591,42624,False,darkshark7591@yahoo.com
CoolHawk7592,55971,False,coolhawk7592@mail.ru
MightyDragon7593,79938,True,mightydragon7593@outlook.com
SwiftBear7594,72702,False,swiftbear7594@mail.ru
MightyFox7595,59709,False,mightyfox7595@mail.ru
DarkTiger7596,57321,True,darktiger7596@outlook.com
GoldenHawk7597,89488,False,goldenhawk7597@yahoo.com
EpicViper7598,73240,True,epicviper7598@outlook.com
FireEagle7599,80470,True,fireeagle7599@yahoo.com
MightyFox7600,23826,False,mightyfox7600@yahoo.com
EpicShark7601,34216,False,epicshark7601@yahoo.com
IronShark7602,11664,False,ironshark7602@outlook.com
SilentDragon7603,94587,False,silentdragon7603@yahoo.com
EpicEagle7604,11751,False,epiceagle7604@hotmail.com
SwiftWolf7605,84217,True,swiftwolf7605@yahoo.com
DarkBear7606,85673,False,darkbear7606@outlook.com
DarkBear7607,34757,False,darkbear7607@gmail.com
ShadowFox7608,89803,False,shadowfox7608@mail.ru
SilentLion7609,91969,False,silentlion7609@yahoo.com
EpicShark7610,15559,False,epicshark7610@gmail.com
MightyShark7611,56478,False,mightyshark7611@gmail.com
SwiftShark7612,28776,False,swiftshark7612@hotmail.com
SwiftTiger7613,63266,False,swifttiger7613@gmail.com
SwiftShark7614,87916,True,swiftshark7614@hotmail.com
CoolBear7615,77680,False,coolbear7615@gmail.com
FireWolf7616,19825,False,firewolf7616@yahoo.com
MightyViper7617,60241,False,mightyviper7617@outlook.com
SilentViper7618,68332,False,silentviper7618@outlook.com
IronViper7619,33206,False,ironviper7619@outlook.com
IronLion7620,59312,True,ironlion7620@outlook.com
EpicViper7621,28551,False,epicviper7621@mail.ru
EpicLion7622,79547,True,epiclion7622@yahoo.com
MightyLion7623,68880,False,mightylion7623@mail.ru
ShadowDragon7624,40694,False,shadowdragon7624@outlook.com
EpicBear7625,51165,False,epicbear7625@outlook.com
IronShark7626,74125,False,ironshark7626@gmail.com
SilentWolf7627,91477,True,silentwolf7627@outlook.com
FireDragon7628,66426,False,firedragon7628@gmail.com
IronShark7629,77353,False,ironshark7629@yahoo.com
ShadowTiger7630,39286,False,shadowtiger7630@outlook.com
GoldenHawk7631,37480,False,goldenhawk7631@gmail.com
GoldenLion7632,44844,False,goldenlion7632@hotmail.com
FireDragon7633,97828,False,firedragon7633@hotmail.com
CoolHawk7634,94766,False,coolhawk7634@hotmail.com
MightyShark7635,39399,False,mightyshark7635@hotmail.com
CoolLion7636,46415,False,coollion7636@yahoo.com
GoldenHawk7637,76541,False,goldenhawk7637@yahoo.com
ShadowViper7638,27044,False,shadowviper7638@outlook.com
ShadowLion7639,74895,False,shadowlion7639@mail.ru
ShadowHawk7640,75199,False,shadowhawk7640@yahoo.com
IronHawk7641,4763,False,ironhawk7641@outlook.com
GoldenShark7642,49338,False,goldenshark7642@yahoo.com
SilentViper7643,37340,False,silentviper7643@gmail.com
FireViper7644,72299,True,fireviper7644@hotmail.com
EpicViper7645,21329,False,epicviper7645@yahoo.com
SwiftLion7646,60068,True,swiftlion7646@yahoo.com
CoolFox7647,10539,False,coolfox7647@hotmail.com
EpicEagle7648,69814,False,epiceagle7648@hotmail.com
EpicFox7649,78132,False,epicfox7649@hotmail.com
FireLion7650,39168,False,firelion7650@mail.ru
SwiftTiger7651,73259,False,swifttiger7651@yahoo.com
GoldenViper7652,28196,False,goldenviper7652@mail.ru
MightyDragon7653,97068,True,mightydragon7653@yahoo.com
SwiftLion7654,29158,False,swiftlion7654@gmail.com
GoldenHawk7655,35448,False,goldenhawk7655@gmail.com
GoldenEagle7656,2077,False,goldeneagle7656@hotmail.com
CoolViper7657,64409,False,coolviper7657@yahoo.com
IronLion7658,34026,False,ironlion7658@outlook.com
IronViper7659,47589,False,ironviper7659@mail.ru
CoolEagle7660,47404,False,cooleagle7660@outlook.com
SwiftDragon7661,4946,False,swiftdragon7661@hotmail.com
DarkEagle7662,38434,False,darkeagle7662@mail.ru
IronViper7663,3780,False,ironviper7663@hotmail.com
CoolTiger7664,40954,True,cooltiger7664@yahoo.com
EpicEagle7665,8481,False,epiceagle7665@gmail.com
SilentWolf7666,34120,False,silentwolf7666@gmail.com
SwiftLion7667,98492,False,swiftlion7667@outlook.com
MightyFox7668,28415,False,mightyfox7668@gmail.com
DarkDragon7669,40767,False,darkdragon7669@mail.ru
IronTiger7670,1562,False,irontiger7670@outlook.com
DarkEagle7671,39586,False,darkeagle7671@yahoo.com
ShadowFox7672,55803,False,shadowfox7672@hotmail.com
EpicDragon7673,57022,False,epicdragon7673@mail.ru
EpicLion7674,49831,True,epiclion7674@mail.ru
CoolHawk7675,7547,False,coolhawk7675@mail.ru
IronLion7676,51311,True,ironlion7676@hotmail.com
CoolShark7677,30795,False,coolshark7677@outlook.com
IronShark7678,16386,False,ironshark7678@gmail.com
ShadowViper7679,38800,False,shadowviper7679@gmail.com
GoldenTiger7680,2119,False,goldentiger7680@mail.ru
GoldenFox7681,80104,True,goldenfox7681@outlook.com
CoolFox7682,17431,False,coolfox7682@mail.ru
IronShark7683,51405,False,ironshark7683@gmail.com
MightyWolf7684,48625,False,mightywolf7684@hotmail.com
SwiftFox7685,24892,False,swiftfox7685@gmail.com
EpicShark7686,92540,False,epicshark7686@outlook.com
GoldenLion7687,76501,False,goldenlion7687@yahoo.com
SwiftTiger7688,48454,False,swifttiger7688@yahoo.com
MightyLion7689,7792,False,mightylion7689@hotmail.com
SwiftShark7690,89575,False,swiftshark7690@hotmail.com
SilentLion7691,81932,False,silentlion7691@outlook.com
IronDragon7692,96824,False,irondragon7692@yahoo.com
CoolWolf7693,97899,False,coolwolf7693@yahoo.com
GoldenLion7694,2314,False,goldenlion7694@yahoo.com
SwiftLion7695,33235,False,swiftlion7695@hotmail.com
DarkViper7696,58318,False,darkviper7696@mail.ru
DarkShark7697,81086,False,darkshark7697@outlook.com
CoolLion7698,13491,False,coollion7698@hotmail.com
FireViper7699,48907,False,fireviper7699@hotmail.com
GoldenDragon7700,54214,True,goldendragon7700@hotmail.com
SilentBear7701,90559,True,silentbear7701@outlook.com
IronFox7702,50353,False,ironfox7702@yahoo.com
FireBear7703,49383,True,firebear7703@yahoo.com
SilentFox7704,65040,False,silentfox7704@gmail.com
DarkDragon7705,20993,False,darkdragon7705@hotmail.com
IronShark7706,33368,False,ironshark7706@yahoo.com
EpicDragon7707,71486,False,epicdragon7707@outlook.com
EpicWolf7708,37856,False,epicwolf7708@mail.ru
FireLion7709,5850,False,firelion7709@mail.ru
DarkViper7710,70018,False,darkviper7710@outlook.com
IronEagle7711,29138,False,ironeagle7711@mail.ru
DarkLion7712,88744,False,darklion7712@gmail.com
FireLion7713,93043,False,firelion7713@hotmail.com
ShadowShark7714,75759,False,shadowshark7714@gmail.com
SwiftTiger7715,12038,False,swifttiger7715@mail.ru
IronWolf7716,99357,False,ironwolf7716@outlook.com
ShadowLion7717,21615,False,shadowlion7717@mail.ru
GoldenBear7718,2098,False,goldenbear7718@outlook.com
EpicFox7719,20597,False,epicfox7719@hotmail.com
MightyHawk7720,66974,False,mightyhawk7720@outlook.com
DarkBear7721,54439,False,darkbear7721@outlook.com
SilentWolf7722,26767,False,silentwolf7722@mail.ru
FireTiger7723,4447,True,firetiger7723@mail.ru
ShadowTiger7724,51679,False,shadowtiger7724@yahoo.com
GoldenTiger7725,99002,False,goldentiger7725@yahoo.com
SilentHawk7726,84191,False,silenthawk7726@yahoo.com
GoldenHawk7727,44876,False,goldenhawk7727@outlook.com
DarkDragon7728,45940,False,darkdragon7728@hotmail.com
EpicLion7729,63850,True,epiclion7729@outlook.com
CoolBear7730,36734,True,coolbear7730@gmail.com
DarkShark7731,886,False,darkshark7731@hotmail.com
MightyViper7732,47822,False,mightyviper7732@mail.ru
MightyShark7733,18438,False,mightyshark7733@mail.ru
GoldenLion7734,11062,True,goldenlion7734@hotmail.com
ShadowWolf7735,85260,False,shadowwolf7735@gmail.com
EpicWolf7736,22213,False,epicwolf7736@mail.ru
ShadowViper7737,32380,True,shadowviper7737@gmail.com
SilentTiger7738,34245,False,silenttiger7738@mail.ru
EpicBear7739,80084,False,epicbear7739@hotmail.com
FireBear7740,81365,True,firebear7740@yahoo.com
SilentEagle7741,80063,False,silenteagle7741@outlook.com
SwiftWolf7742,52395,True,swiftwolf7742@outlook.com
IronLion7743,67998,False,ironlion7743@yahoo.com
FireLion7744,56581,True,firelion7744@gmail.com
GoldenLion7745,50856,False,goldenlion7745@hotmail.com
CoolWolf7746,64947,True,coolwolf7746@mail.ru
ShadowShark7747,35437,False,shadowshark7747@yahoo.com
ShadowHawk7748,43845,True,shadowhawk7748@outlook.com
MightyTiger7749,17772,False,mightytiger7749@mail.ru
IronHawk7750,31573,False,ironhawk7750@gmail.com
SwiftFox7751,83215,False,swiftfox7751@gmail.com
ShadowWolf7752,5560,False,shadowwolf7752@gmail.com
FireViper7753,54843,False,fireviper7753@gmail.com
EpicEagle7754,-215,False,epiceagle7754@hotmail.com
EpicDragon7755,59772,True,epicdragon7755@outlook.com
SilentWolf7756,12958,True,silentwolf7756@mail.ru
DarkBear7757,39081,False,darkbear7757@mail.ru
DarkBear7758,37974,False,darkbear7758@outlook.com
SwiftLion7759,40137,False,swiftlion7759@outlook.com
EpicViper7760,38566,False,epicviper7760@outlook.com
GoldenViper7761,13592,False,goldenviper7761@mail.ru
IronEagle7762,12887,False,ironeagle7762@outlook.com
IronShark7763,45937,False,ironshark7763@mail.ru
MightyWolf7764,99078,False,mightywolf7764@gmail.com
ShadowDragon7765,42145,False,shadowdragon7765@gmail.com
SwiftShark7766,15740,True,swiftshark7766@hotmail.com
ShadowShark7767,95516,False,shadowshark7767@yahoo.com
FireTiger7768,39811,False,firetiger7768@yahoo.com
SwiftBear7769,33705,False,swiftbear7769@outlook.com
IronFox7770,89457,False,ironfox7770@mail.ru
MightyTiger7771,96814,False,mightytiger7771@gmail.com
MightyHawk7772,65380,True,mightyhawk7772@outlook.com
CoolShark7773,98444,True,coolshark7773@hotmail.com
DarkTiger7774,19126,True,darktiger7774@yahoo.com
CoolShark7775,-628,False,coolshark7775@yahoo.com
CoolLion7776,76702,False,coollion7776@mail.ru
GoldenFox7777,32604,False,goldenfox7777@gmail.com
ShadowViper7778,30237,False,shadowviper7778@hotmail.com
SwiftFox7779,89153,False,swiftfox7779@hotmail.com
SilentViper7780,45071,False,silentviper7780@hotmail.com
MightyWolf7781,24357,False,mightywolf7781@mail.ru
GoldenViper7782,12749,False,goldenviper7782@mail.ru
ShadowBear7783,6853,False,shadowbear7783@hotmail.com
SilentFox7784,64339,False,silentfox7784@hotmail.com
SwiftBear7785,57340,False,swiftbear7785@gmail.com
SilentBear7786,15572,False,silentbear7786@outlook.com
IronBear7787,74221,False,ironbear7787@hotmail.com
EpicFox7788,28726,True,epicfox7788@yahoo.com
FireEagle7789,97575,False,fireeagle7789@hotmail.com
FireWolf7790,98361,False,firewolf7790@yahoo.com
IronTiger7791,33136,False,irontiger7791@hotmail.com
FireLion7792,-73,True,firelion7792@yahoo.com
EpicFox7793,64802,True,epicfox7793@gmail.com
FireShark7794,65004,False,fireshark7794@mail.ru
SilentHawk7795,22178,False,silenthawk7795@mail.ru
SilentShark7796,58109,False,silentshark7796@yahoo.com
SwiftViper7797,56265,False,swiftviper7797@outlook.com
ShadowFox7798,46609,False,shadowfox7798@hotmail.com
DarkEagle7799,64936,False,darkeagle7799@mail.ru
EpicViper7800,58102,False,epicviper7800@mail.ru
ShadowFox7801,20879,False,shadowfox7801@outlook.com
SilentEagle7802,72711,False,silenteagle7802@mail.ru
SwiftLion7803,65692,False,swiftlion7803@mail.ru
EpicViper7804,77237,False,epicviper7804@gmail.com
MightyEagle7805,32361,True,mightyeagle7805@outlook.com
SilentLion7806,38338,False,silentlion7806@yahoo.com
IronDragon7807,27366,True,irondragon7807@hotmail.com
IronFox7808,60466,True,ironfox7808@gmail.com
MightyFox7809,21434,False,mightyfox7809@hotmail.com
EpicHawk7810,98984,True,epichawk7810@gmail.com
MightyShark7811,42301,False,mightyshark7811@gmail.com
GoldenEagle7812,15081,False,goldeneagle7812@hotmail.com
CoolViper7813,10234,False,coolviper7813@gmail.com
IronShark7814,16039,False,ironshark7814@hotmail.com
IronViper7815,51065,False,ironviper7815@mail.ru
EpicBear7816,24557,False,epicbear7816@hotmail.com
DarkViper7817,37557,False,darkviper7817@mail.ru
IronShark7818,8466,False,ironshark7818@hotmail.com
EpicDragon7819,42947,False,epicdragon7819@yahoo.com
SilentShark7820,20459,False,silentshark7820@gmail.com
ShadowViper7821,70200,False,shadowviper7821@hotmail.com
ShadowLion7822,83411,False,shadowlion7822@hotmail.com
SwiftTiger7823,24687,True,swifttiger7823@mail.ru
DarkWolf7824,4398,False,darkwolf7824@gmail.com
SwiftWolf7825,8055,False,swiftwolf7825@gmail.com
EpicEagle7826,31898,True,epiceagle7826@yahoo.com
CoolHawk7827,58211,True,coolhawk7827@outlook.com
FireEagle7828,62260,False,fireeagle7828@outlook.com
MightyShark7829,46765,False,mightyshark7829@hotmail.com
ShadowEagle7830,30102,False,shadoweagle7830@mail.ru
FireTiger7831,19451,False,firetiger7831@gmail.com
EpicShark7832,6838,True,epicshark7832@outlook.com
EpicViper7833,10674,False,epicviper7833@yahoo.com
SwiftWolf7834,95188,False,swiftwolf7834@outlook.com
SilentDragon7835,63236,False,silentdragon7835@yahoo.com
EpicWolf7836,45608,False,epicwolf7836@mail.ru
DarkWolf7837,84611,False,darkwolf7837@hotmail.com
EpicLion7838,76039,False,epiclion7838@outlook.com
ShadowLion7839,69991,True,shadowlion7839@mail.ru
MightyHawk7840,88354,False,mightyhawk7840@outlook.com
SilentEagle7841,2678,False,silenteagle7841@outlook.com
FireTiger7842,13893,False,firetiger7842@outlook.com
FireShark7843,19848,False,fireshark7843@mail.ru
CoolBear7844,12482,True,coolbear7844@hotmail.com
DarkWolf7845,95980,False,darkwolf7845@outlook.com
SwiftShark7846,66765,False,swiftshark7846@gmail.com
FireShark7847,84982,True,fireshark7847@hotmail.com
MightyWolf7848,39265,False,mightywolf7848@gmail.com
ShadowDragon7849,9162,True,shadowdragon7849@outlook.com
CoolTiger7850,44381,False,cooltiger7850@outlook.com
CoolViper7851,40059,True,coolviper7851@yahoo.com
EpicFox7852,77681,False,epicfox7852@yahoo.com
SilentEagle7853,61182,True,silenteagle7853@hotmail.com
SilentHawk7854,96110,False,silenthawk7854@yahoo.com
IronShark7855,55579,False,ironshark7855@outlook.com
FireEagle7856,55213,True,fireeagle7856@outlook.com
SwiftBear7857,12315,False,swiftbear7857@yahoo.com
FireDragon7858,77125,False,firedragon7858@outlook.com
SilentWolf7859,7517,True,silentwolf7859@outlook.com
SwiftViper7860,22344,False,swiftviper7860@mail.ru
IronTiger7861,64802,False,irontiger7861@outlook.com
ShadowBear7862,30730,False,shadowbear7862@mail.ru
MightyHawk7863,73176,False,mightyhawk7863@yahoo.com
CoolBear7864,46764,False,coolbear7864@mail.ru
GoldenHawk7865,64843,False,goldenhawk7865@hotmail.com
SwiftWolf7866,936,False,swiftwolf7866@hotmail.com
CoolBear7867,82735,False,coolbear7867@gmail.com
ShadowViper7868,75147,False,shadowviper7868@hotmail.com
IronShark7869,38065,True,ironshark7869@mail.ru
CoolBear7870,71362,False,coolbear7870@yahoo.com
DarkEagle7871,68572,False,darkeagle7871@hotmail.com
MightyFox7872,30896,False,mightyfox7872@mail.ru
MightyEagle7873,37149,False,mightyeagle7873@mail.ru
GoldenWolf7874,94977,False,goldenwolf7874@mail.ru
ShadowDragon7875,47681,False,shadowdragon7875@mail.ru
MightyLion7876,43102,False,mightylion7876@hotmail.com
ShadowHawk7877,3735,True,shadowhawk7877@hotmail.com
FireEagle7878,61771,False,fireeagle7878@hotmail.com
FireDragon7879,40050,False,firedragon7879@mail.ru
SwiftLion7880,2265,False,swiftlion7880@outlook.com
SwiftFox7881,32997,True,swiftfox7881@mail.ru
CoolFox7882,29761,False,coolfox7882@hotmail.com
MightyDragon7883,50412,False,mightydragon7883@mail.ru
GoldenTiger7884,22419,False,goldentiger7884@hotmail.com
SwiftWolf7885,98471,False,swiftwolf7885@hotmail.com
SilentViper7886,33979,False,silentviper7886@outlook.com
CoolBear7887,41103,True,coolbear7887@hotmail.com
MightyLion7888,13784,False,mightylion7888@mail.ru
SilentWolf7889,88626,False,silentwolf7889@mail.ru
IronTiger7890,22698,False,irontiger7890@gmail.com
GoldenShark7891,51788,False,goldenshark7891@mail.ru
GoldenLion7892,92275,False,goldenlion7892@yahoo.com
EpicHawk7893,76899,True,epichawk7893@outlook.com
DarkEagle7894,77290,False,darkeagle7894@yahoo.com
CoolWolf7895,5847,True,coolwolf7895@gmail.com
ShadowEagle7896,41553,False,shadoweagle7896@mail.ru
CoolFox7897,14482,False,coolfox7897@outlook.com
CoolWolf7898,55960,False,coolwolf7898@mail.ru
IronShark7899,61845,True,ironshark7899@outlook.com
DarkViper7900,78986,False,darkviper7900@gmail.com
MightyWolf7901,45357,False,mightywolf7901@yahoo.com
SilentBear7902,28288,False,silentbear7902@gmail.com
EpicViper7903,50787,False,epicviper7903@gmail.com
EpicLion7904,99340,True,epiclion7904@outlook.com
CoolLion7905,10806,False,coollion7905@gmail.com
EpicFox7906,96399,True,epicfox7906@outlook.com
IronHawk7907,3728,True,ironhawk7907@hotmail.com
SilentLion7908,42488,False,silentlion7908@hotmail.com
CoolTiger7909,91772,True,cooltiger7909@hotmail.com
SilentTiger7910,97675,False,silenttiger7910@mail.ru
ShadowTiger7911,56179,False,shadowtiger7911@yahoo.com
GoldenEagle7912,79386,True,goldeneagle7912@outlook.com
IronBear7913,21449,False,ironbear7913@outlook.com
CoolLion7914,22451,False,coollion7914@hotmail.com
FireEagle7915,32411,False,fireeagle7915@outlook.com
FireViper7916,14292,False,fireviper7916@yahoo.com
GoldenTiger7917,65192,False,goldentiger7917@yahoo.com
FireFox7918,55638,False,firefox7918@outlook.com
SilentTiger7919,59405,False,silenttiger7919@yahoo.com
CoolDragon7920,77680,False,cooldragon7920@outlook.com
SilentWolf7921,66863,False,silentwolf7921@hotmail.com
FireDragon7922,73767,False,firedragon7922@mail.ru
DarkTiger7923,4487,False,darktiger7923@gmail.com
CoolFox7924,75805,False,coolfox7924@yahoo.com
IronWolf7925,74275,False,ironwolf7925@hotmail.com
CoolTiger7926,98167,True,cooltiger7926@mail.ru
SilentBear7927,11864,False,silentbear7927@yahoo.com
CoolEagle7928,62491,False,cooleagle7928@mail.ru
EpicTiger7929,43261,False,epictiger7929@gmail.com
ShadowFox7930,94462,False,shadowfox7930@mail.ru
SwiftTiger7931,77771,False,swifttiger7931@mail.ru
FireHawk7932,89269,True,firehawk7932@gmail.com
CoolViper7933,23734,False,coolviper7933@hotmail.com
FireFox7934,16831,False,firefox7934@mail.ru
FireBear7935,15209,False,firebear7935@gmail.com
SilentViper7936,19703,False,silentviper7936@gmail.com
GoldenHawk7937,52001,False,goldenhawk7937@outlook.com
ShadowBear7938,76514,True,shadowbear7938@outlook.com
MightyBear7939,75153,False,mightybear7939@outlook.com
ShadowTiger7940,43302,False,shadowtiger7940@gmail.com
SwiftEagle7941,99474,False,swifteagle7941@outlook.com
MightyEagle7942,1435,True,mightyeagle7942@hotmail.com
DarkViper7943,13896,False,darkviper7943@gmail.com
DarkTiger7944,24605,False,darktiger7944@hotmail.com
DarkDragon7945,71040,False,darkdragon7945@yahoo.com
CoolShark7946,59966,False,coolshark7946@hotmail.com
DarkFox7947,12496,False,darkfox7947@hotmail.com
SwiftDragon7948,82114,False,swiftdragon7948@gmail.com
DarkFox7949,70394,False,darkfox7949@outlook.com
MightyBear7950,47797,False,mightybear7950@hotmail.com
SilentDragon7951,6516,False,silentdragon7951@mail.ru
EpicHawk7952,66115,True,epichawk7952@gmail.com
DarkHawk7953,45076,False,darkhawk7953@mail.ru
IronEagle7954,11793,False,ironeagle7954@outlook.com
ShadowWolf7955,17034,False,shadowwolf7955@outlook.com
DarkHawk7956,88077,True,darkhawk7956@gmail.com
MightyEagle7957,76101,True,mightyeagle7957@mail.ru
IronLion7958,52562,False,ironlion7958@mail.ru
MightyTiger7959,75408,False,mightytiger7959@gmail.com
EpicHawk7960,32194,False,epichawk7960@gmail.com
CoolBear7961,77260,False,coolbear7961@mail.ru
EpicWolf7962,51691,False,epicwolf7962@outlook.com
DarkEagle7963,97502,False,darkeagle7963@yahoo.com
CoolBear7964,42248,False,coolbear7964@hotmail.com
GoldenShark7965,35119,False,goldenshark7965@outlook.com
CoolShark7966,56497,False,coolshark7966@outlook.com
CoolEagle7967,42841,False,cooleagle7967@hotmail.com
IronBear7968,96258,False,ironbear7968@gmail.com
IronWolf7969,9211,False,ironwolf7969@gmail.com
ShadowShark7970,32138,False,shadowshark7970@hotmail.com
EpicBear7971,56064,False,epicbear7971@yahoo.com
EpicEagle7972,17092,False,epiceagle7972@gmail.com
SwiftShark7973,75937,False,swiftshark7973@hotmail.com
ShadowTiger7974,48582,False,shadowtiger7974@yahoo.com
EpicViper7975,34086,False,epicviper7975@outlook.com
SilentFox7976,8725,False,silentfox7976@outlook.com
SwiftDragon7977,34459,True,swiftdragon7977@yahoo.com
SilentTiger7978,25502,True,silenttiger7978@mail.ru
DarkEagle7979,13250,False,darkeagle7979@mail.ru
CoolViper7980,22352,True,coolviper7980@gmail.com
IronTiger7981,83649,False,irontiger7981@hotmail.com
ShadowEagle7982,41780,False,shadoweagle7982@yahoo.com
MightyFox7983,72639,False,mightyfox7983@yahoo.com
IronDragon7984,74640,False,irondragon7984@yahoo.com
SwiftViper7985,28551,False,swiftviper7985@gmail.com
ShadowBear7986,80321,False,shadowbear7986@hotmail.com
EpicLion7987,45270,True,epiclion7987@gmail.com
EpicDragon7988,46884,False,epicdragon7988@outlook.com
IronWolf7989,9938,True,ironwolf7989@gmail.com
EpicEagle7990,96180,False,epiceagle7990@outlook.com
ShadowLion7991,82557,False,shadowlion7991@hotmail.com
SwiftFox7992,8744,False,swiftfox7992@gmail.com
SwiftTiger7993,3984,False,swifttiger7993@hotmail.com
IronBear7994,58692,True,ironbear7994@yahoo.com
FireViper7995,18769,True,fireviper7995@mail.ru
SilentLion7996,51707,False,silentlion7996@hotmail.com
CoolDragon7997,67790,False,cooldragon7997@hotmail.com
GoldenBear7998,18936,False,goldenbear7998@hotmail.com
GoldenDragon7999,54675,False,goldendragon7999@outlook.com
IronEagle8000,50811,False,ironeagle8000@outlook.com
EpicHawk8001,66182,False,epichawk8001@hotmail.com
GoldenDragon8002,45182,False,goldendragon8002@gmail.com
ShadowDragon8003,7714,False,shadowdragon8003@mail.ru
IronBear8004,73122,True,ironbear8004@mail.ru
MightyDragon8005,34435,False,mightydragon8005@outlook.com
GoldenWolf8006,20627,True,goldenwolf8006@mail.ru
IronDragon8007,52151,False,irondragon8007@yahoo.com
GoldenShark8008,21683,False,goldenshark8008@yahoo.com
CoolWolf8009,78634,False,coolwolf8009@yahoo.com
SwiftLion8010,26249,False,swiftlion8010@mail.ru
MightyViper8011,64603,False,mightyviper8011@outlook.com
IronWolf8012,23882,True,ironwolf8012@gmail.com
DarkWolf8013,16207,False,darkwolf8013@yahoo.com
GoldenHawk8014,7697,True,goldenhawk8014@mail.ru
CoolDragon8015,59509,False,cooldragon8015@gmail.com
IronEagle8016,27535,False,ironeagle8016@outlook.com
EpicShark8017,91974,False,epicshark8017@yahoo.com
IronShark8018,23050,False,ironshark8018@outlook.com
EpicHawk8019,40781,False,epichawk8019@yahoo.com
IronViper8020,59851,False,ironviper8020@hotmail.com
DarkFox8021,1728,True,darkfox8021@yahoo.com
DarkHawk8022,34628,False,darkhawk8022@mail.ru
FireShark8023,52650,False,fireshark8023@gmail.com
SilentEagle8024,65285,False,silenteagle8024@gmail.com
MightyWolf8025,94945,True,mightywolf8025@gmail.com
CoolEagle8026,17107,False,cooleagle8026@outlook.com
ShadowWolf8027,59535,True,shadowwolf8027@hotmail.com
SilentViper8028,7216,False,silentviper8028@outlook.com
CoolDragon8029,55260,False,cooldragon8029@gmail.com
CoolDragon8030,21783,False,cooldragon8030@gmail.com
SwiftTiger8031,82276,False,swifttiger8031@mail.ru
EpicShark8032,94835,False,epicshark8032@yahoo.com
SilentViper8033,52783,False,silentviper8033@mail.ru
FireWolf8034,18896,False,firewolf8034@yahoo.com
IronShark8035,59676,False,ironshark8035@mail.ru
SwiftWolf8036,52524,False,swiftwolf8036@yahoo.com
ShadowEagle8037,45004,False,shadoweagle8037@outlook.com
IronFox8038,72913,False,ironfox8038@outlook.com
SilentLion8039,30321,False,silentlion8039@outlook.com
MightyShark8040,26437,False,mightyshark8040@hotmail.com
IronFox8041,2960,False,ironfox8041@mail.ru
GoldenWolf8042,72046,False,goldenwolf8042@mail.ru
MightyWolf8043,60966,False,mightywolf8043@hotmail.com
SilentEagle8044,92146,False,silenteagle8044@yahoo.com
GoldenTiger8045,92806,True,goldentiger8045@yahoo.com
ShadowWolf8046,84443,False,shadowwolf8046@gmail.com
FireDragon8047,-796,True,firedragon8047@hotmail.com
CoolShark8048,46454,False,coolshark8048@yahoo.com
GoldenWolf8049,81606,True,goldenwolf8049@mail.ru
MightyViper8050,79791,False,mightyviper8050@yahoo.com
EpicViper8051,95755,False,epicviper8051@hotmail.com
DarkHawk8052,8816,False,darkhawk8052@yahoo.com
GoldenHawk8053,36630,False,goldenhawk8053@mail.ru
MightyViper8054,95375,False,mightyviper8054@hotmail.com
SilentViper8055,93894,False,silentviper8055@yahoo.com
FireEagle8056,49865,False,fireeagle8056@mail.ru
MightyBear8057,44737,False,mightybear8057@yahoo.com
GoldenWolf8058,21639,False,goldenwolf8058@yahoo.com
EpicLion8059,65105,True,epiclion8059@mail.ru
GoldenDragon8060,76212,False,goldendragon8060@yahoo.com
EpicShark8061,17767,True,epicshark8061@yahoo.com
DarkDragon8062,49324,False,darkdragon8062@gmail.com
CoolDragon8063,89875,False,cooldragon8063@mail.ru
IronViper8064,34248,False,ironviper8064@mail.ru
SwiftLion8065,48820,False,swiftlion8065@hotmail.com
IronFox8066,53173,False,ironfox8066@gmail.com
IronViper8067,57468,True,ironviper8067@yahoo.com
GoldenHawk8068,91052,False,goldenhawk8068@hotmail.com
SwiftWolf8069,31826,False,swiftwolf8069@mail.ru
DarkLion8070,59199,False,darklion8070@hotmail.com
FireFox8071,63014,True,firefox8071@outlook.com
EpicShark8072,78839,True,epicshark8072@gmail.com
IronShark8073,13510,True,ironshark8073@gmail.com
ShadowLion8074,12145,True,shadowlion8074@mail.ru
SilentShark8075,8229,False,silentshark8075@hotmail.com
CoolFox8076,61089,False,coolfox8076@outlook.com
SwiftFox8077,89294,False,swiftfox8077@hotmail.com
IronShark8078,95998,True,ironshark8078@mail.ru
MightyFox8079,84783,False,mightyfox8079@hotmail.com
IronEagle8080,57325,False,ironeagle8080@outlook.com
GoldenHawk8081,34088,False,goldenhawk8081@outlook.com
SwiftShark8082,81869,False,swiftshark8082@yahoo.com
FireBear8083,27037,False,firebear8083@outlook.com
MightyTiger8084,47035,False,mightytiger8084@hotmail.com
FireShark8085,9770,False,fireshark8085@mail.ru
EpicDragon8086,56822,False,epicdragon8086@gmail.com
CoolHawk8087,13515,False,coolhawk8087@hotmail.com
SwiftLion8088,68193,False,swiftlion8088@hotmail.com
CoolLion8089,21623,True,coollion8089@hotmail.com
CoolHawk8090,93790,False,coolhawk8090@gmail.com
CoolWolf8091,17500,False,coolwolf8091@mail.ru
MightyBear8092,15665,False,mightybear8092@gmail.com
SilentFox8093,55,False,silentfox8093@mail.ru
SwiftBear8094,27115,True,swiftbear8094@yahoo.com
CoolDragon8095,23009,False,cooldragon8095@gmail.com
SwiftEagle8096,99200,False,swifteagle8096@outlook.com
DarkShark8097,19497,False,darkshark8097@outlook.com
SwiftLion8098,66930,False,swiftlion8098@mail.ru
EpicEagle8099,62383,True,epiceagle8099@mail.ru
SwiftDragon8100,36923,False,swiftdragon8100@mail.ru
CoolWolf8101,28581,False,coolwolf8101@mail.ru
DarkLion8102,93337,False,darklion8102@outlook.com
SilentBear8103,45326,True,silentbear8103@outlook.com
MightyBear8104,85891,False,mightybear8104@outlook.com
CoolLion8105,81261,False,coollion8105@mail.ru
ShadowLion8106,50525,True,shadowlion8106@outlook.com
MightyViper8107,57469,True,mightyviper8107@gmail.com
EpicWolf8108,98903,False,epicwolf8108@outlook.com
ShadowViper8109,47168,False,shadowviper8109@hotmail.com
DarkBear8110,80234,False,darkbear8110@outlook.com
GoldenBear8111,81470,True,goldenbear8111@gmail.com
MightyViper8112,58095,False,mightyviper8112@outlook.com
SwiftLion8113,8003,False,swiftlion8113@gmail.com
FireEagle8114,92694,False,fireeagle8114@outlook.com
ShadowDragon8115,4724,False,shadowdragon8115@gmail.com
SilentFox8116,23517,False,silentfox8116@yahoo.com
IronWolf8117,52058,False,ironwolf8117@outlook.com
CoolBear8118,70108,False,coolbear8118@mail.ru
ShadowDragon8119,64715,True,shadowdragon8119@hotmail.com
IronHawk8120,98710,True,ironhawk8120@yahoo.com
ShadowWolf8121,10748,False,shadowwolf8121@mail.ru
EpicLion8122,23093,True,epiclion8122@gmail.com
DarkHawk8123,67224,False,darkhawk8123@hotmail.com
FireHawk8124,39322,False,firehawk8124@hotmail.com
SilentHawk8125,10358,False,silenthawk8125@mail.ru
SilentWolf8126,82425,True,silentwolf8126@gmail.com
SwiftViper8127,69868,False,swiftviper8127@hotmail.com
SilentWolf8128,99283,False,silentwolf8128@mail.ru
CoolEagle8129,88583,False,cooleagle8129@gmail.com
IronTiger8130,25091,False,irontiger8130@mail.ru
CoolWolf8131,80407,False,coolwolf8131@yahoo.com
GoldenTiger8132,98565,False,goldentiger8132@hotmail.com
SwiftDragon8133,72858,True,swiftdragon8133@gmail.com
FireEagle8134,71652,False,fireeagle8134@yahoo.com
EpicWolf8135,49390,False,epicwolf8135@mail.ru
SilentViper8136,41769,False,silentviper8136@yahoo.com
SilentBear8137,15434,False,silentbear8137@hotmail.com
EpicBear8138,17568,False,epicbear8138@hotmail.com
FireWolf8139,70865,True,firewolf8139@outlook.com
MightyDragon8140,43412,True,mightydragon8140@outlook.com
DarkHawk8141,47672,False,darkhawk8141@gmail.com
EpicLion8142,38819,False,epiclion8142@mail.ru
ShadowBear8143,92442,False,shadowbear8143@yahoo.com
EpicTiger8144,5843,False,epictiger8144@yahoo.com
EpicDragon8145,57086,False,epicdragon8145@hotmail.com
DarkWolf8146,15313,False,darkwolf8146@hotmail.com
DarkHawk8147,21924,False,darkhawk8147@yahoo.com
SwiftDragon8148,15919,False,swiftdragon8148@mail.ru
SwiftViper8149,28215,False,swiftviper8149@hotmail.com
DarkLion8150,21958,False,darklion8150@hotmail.com
GoldenShark8151,7904,False,goldenshark8151@yahoo.com
CoolFox8152,39272,True,coolfox8152@gmail.com
CoolEagle8153,48345,False,cooleagle8153@mail.ru
ShadowTiger8154,78864,False,shadowtiger8154@gmail.com
IronBear8155,51559,True,ironbear8155@mail.ru
IronTiger8156,50026,False,irontiger8156@gmail.com
IronLion8157,61830,False,ironlion8157@gmail.com
SilentLion8158,99089,False,silentlion8158@hotmail.com
MightyBear8159,1562,False,mightybear8159@outlook.com
IronWolf8160,47018,False,ironwolf8160@hotmail.com
DarkFox8161,89993,False,darkfox8161@gmail.com
CoolLion8162,98252,True,coollion8162@mail.ru
IronLion8163,66647,False,ironlion8163@mail.ru
GoldenFox8164,92599,True,goldenfox8164@yahoo.com
GoldenBear8165,9859,False,goldenbear8165@gmail.com
MightyFox8166,73184,False,mightyfox8166@gmail.com
DarkLion8167,62121,False,darklion8167@gmail.com
GoldenWolf8168,14689,False,goldenwolf8168@yahoo.com
IronShark8169,17295,True,ironshark8169@hotmail.com
ShadowWolf8170,40226,True,shadowwolf8170@mail.ru
SilentEagle8171,95832,True,silenteagle8171@gmail.com
IronEagle8172,61225,False,ironeagle8172@hotmail.com
EpicWolf8173,15138,False,epicwolf8173@outlook.com
GoldenTiger8174,54951,False,goldentiger8174@mail.ru
SwiftBear8175,71340,False,swiftbear8175@yahoo.com
SwiftShark8176,30475,False,swiftshark8176@hotmail.com
FireViper8177,68780,False,fireviper8177@outlook.com
CoolHawk8178,36218,True,coolhawk8178@hotmail.com
IronDragon8179,78519,False,irondragon8179@outlook.com
FireFox8180,12875,False,firefox8180@hotmail.com
SwiftDragon8181,67400,False,swiftdragon8181@outlook.com
SwiftDragon8182,81672,False,swiftdragon8182@mail.ru
SilentFox8183,1639,False,silentfox8183@hotmail.com
GoldenDragon8184,74358,True,goldendragon8184@yahoo.com
SwiftFox8185,29717,False,swiftfox8185@yahoo.com
EpicWolf8186,51432,True,epicwolf8186@outlook.com
FireEagle8187,56964,False,fireeagle8187@yahoo.com
SilentHawk8188,84318,False,silenthawk8188@mail.ru
MightyBear8189,77884,True,mightybear8189@gmail.com
EpicLion8190,39605,True,epiclion8190@yahoo.com
EpicDragon8191,22564,False,epicdragon8191@mail.ru
IronViper8192,21515,False,ironviper8192@hotmail.com
SilentTiger8193,75713,True,silenttiger8193@outlook.com
ShadowViper8194,30109,False,shadowviper8194@gmail.com
GoldenLion8195,64005,False,goldenlion8195@mail.ru
DarkViper8196,53886,True,darkviper8196@yahoo.com
MightyViper8197,18959,True,mightyviper8197@outlook.com
DarkEagle8198,34672,True,darkeagle8198@yahoo.com
EpicEagle8199,27342,False,epiceagle8199@gmail.com
ShadowHawk8200,90789,False,shadowhawk8200@hotmail.com
ShadowBear8201,63905,False,shadowbear8201@gmail.com
MightyFox8202,8262,False,mightyfox8202@yahoo.com
DarkViper8203,21131,False,darkviper8203@hotmail.com
ShadowShark8204,59151,False,shadowshark8204@gmail.com
IronShark8205,80112,False,ironshark8205@yahoo.com
DarkTiger8206,61870,False,darktiger8206@mail.ru
SilentFox8207,18169,False,silentfox8207@yahoo.com
IronTiger8208,47326,False,irontiger8208@hotmail.com
FireWolf8209,85936,False,firewolf8209@outlook.com
IronWolf8210,5299,False,ironwolf8210@gmail.com
GoldenDragon8211,87938,False,goldendragon8211@hotmail.com
IronShark8212,76671,True,ironshark8212@hotmail.com
CoolLion8213,83632,True,coollion8213@yahoo.com
FireLion8214,70751,False,firelion8214@hotmail.com
FireLion8215,44458,False,firelion8215@mail.ru
MightyDragon8216,70161,False,mightydragon8216@outlook.com
IronEagle8217,31929,False,ironeagle8217@gmail.com
GoldenEagle8218,59916,False,goldeneagle8218@mail.ru
ShadowViper8219,91289,False,shadowviper8219@gmail.com
ShadowBear8220,29721,False,shadowbear8220@outlook.com
IronTiger8221,85418,False,irontiger8221@gmail.com
SwiftViper8222,5575,False,swiftviper8222@outlook.com
CoolViper8223,99174,True,coolviper8223@hotmail.com
SwiftHawk8224,87382,False,swifthawk8224@yahoo.com
SwiftDragon8225,93478,False,swiftdragon8225@gmail.com
CoolShark8226,85759,False,coolshark8226@yahoo.com
GoldenShark8227,98587,False,goldenshark8227@mail.ru
SilentTiger8228,23476,False,silenttiger8228@outlook.com
SilentLion8229,68611,True,silentlion8229@mail.ru
FireHawk8230,5647,False,firehawk8230@hotmail.com
DarkBear8231,85307,False,darkbear8231@yahoo.com
DarkShark8232,83715,False,darkshark8232@mail.ru
IronViper8233,87894,True,ironviper8233@gmail.com
ShadowDragon8234,21595,False,shadowdragon8234@outlook.com
ShadowShark8235,99517,False,shadowshark8235@yahoo.com
SwiftLion8236,12245,False,swiftlion8236@mail.ru
CoolBear8237,63682,True,coolbear8237@yahoo.com
SilentEagle8238,80195,False,silenteagle8238@yahoo.com
ShadowEagle8239,54376,False,shadoweagle8239@yahoo.com
SwiftViper8240,89855,True,swiftviper8240@yahoo.com
IronBear8241,45821,False,ironbear8241@gmail.com
CoolTiger8242,73469,False,cooltiger8242@hotmail.com
FireShark8243,23420,False,fireshark8243@outlook.com
IronTiger8244,68346,False,irontiger8244@mail.ru
CoolShark8245,48144,False,coolshark8245@outlook.com
FireBear8246,13914,False,firebear8246@yahoo.com
CoolFox8247,87914,True,coolfox8247@gmail.com
ShadowLion8248,43544,False,shadowlion8248@hotmail.com
DarkEagle8249,50730,False,darkeagle8249@mail.ru
EpicHawk8250,75058,False,epichawk8250@outlook.com
EpicTiger8251,68044,False,epictiger8251@outlook.com
MightyBear8252,34210,False,mightybear8252@mail.ru
CoolDragon8253,46114,False,cooldragon8253@gmail.com
SwiftLion8254,20278,False,swiftlion8254@hotmail.com
DarkEagle8255,3813,False,darkeagle8255@mail.ru
MightyBear8256,97009,False,mightybear8256@mail.ru
SilentShark8257,6238,False,silentshark8257@gmail.com
SilentViper8258,63240,False,silentviper8258@outlook.com
IronHawk8259,44004,False,ironhawk8259@gmail.com
SwiftFox8260,70352,False,swiftfox8260@gmail.com
ShadowWolf8261,91908,True,shadowwolf8261@hotmail.com
GoldenTiger8262,97292,False,goldentiger8262@outlook.com
EpicLion8263,5444,False,epiclion8263@mail.ru
SilentFox8264,82650,False,silentfox8264@outlook.com
IronTiger8265,31929,True,irontiger8265@outlook.com
MightyBear8266,40966,False,mightybear8266@yahoo.com
SilentHawk8267,34780,False,silenthawk8267@gmail.com
GoldenBear8268,21821,True,goldenbear8268@mail.ru
SilentBear8269,51379,True,silentbear8269@outlook.com
IronShark8270,11988,False,ironshark8270@hotmail.com
DarkViper8271,80130,False,darkviper8271@yahoo.com
IronViper8272,60289,False,ironviper8272@gmail.com
GoldenViper8273,46738,False,goldenviper8273@outlook.com
CoolTiger8274,74467,False,cooltiger8274@gmail.com
ShadowViper8275,86706,False,shadowviper8275@mail.ru
FireBear8276,89530,False,firebear8276@yahoo.com
SilentLion8277,9707,True,silentlion8277@hotmail.com
ShadowViper8278,19960,False,shadowviper8278@outlook.com
MightyHawk8279,33459,False,mightyhawk8279@gmail.com
DarkTiger8280,-418,False,darktiger8280@mail.ru
SilentBear8281,92307,False,silentbear8281@mail.ru
IronEagle8282,99644,True,ironeagle8282@hotmail.com
GoldenHawk8283,8988,False,goldenhawk8283@hotmail.com
SwiftEagle8284,53819,False,swifteagle8284@hotmail.com
GoldenDragon8285,82233,False,goldendragon8285@mail.ru
GoldenWolf8286,98676,False,goldenwolf8286@hotmail.com
ShadowWolf8287,52104,False,shadowwolf8287@hotmail.com
ShadowDragon8288,89644,False,shadowdragon8288@yahoo.com
SilentDragon8289,15080,False,silentdragon8289@hotmail.com
FireLion8290,75009,False,firelion8290@mail.ru
SwiftDragon8291,93137,False,swiftdragon8291@gmail.com
GoldenHawk8292,12683,False,goldenhawk8292@hotmail.com
EpicHawk8293,98151,False,epichawk8293@outlook.com
EpicDragon8294,83692,True,epicdragon8294@outlook.com
SwiftShark8295,49970,False,swiftshark8295@hotmail.com
IronWolf8296,80927,False,ironwolf8296@outlook.com
FireShark8297,8866,True,fireshark8297@mail.ru
CoolDragon8298,9907,False,cooldragon8298@yahoo.com
DarkShark8299,18912,False,darkshark8299@hotmail.com
SwiftShark8300,51841,False,swiftshark8300@hotmail.com
ShadowHawk8301,51249,False,shadowhawk8301@mail.ru
IronDragon8302,94236,True,irondragon8302@outlook.com
CoolFox8303,9127,False,coolfox8303@outlook.com
IronDragon8304,20515,False,irondragon8304@mail.ru
IronViper8305,61115,False,ironviper8305@mail.ru
SilentTiger8306,11313,False,silenttiger8306@outlook.com
CoolShark8307,49535,True,coolshark8307@gmail.com
ShadowWolf8308,16093,False,shadowwolf8308@outlook.com
CoolFox8309,79853,False,coolfox8309@yahoo.com
DarkHawk8310,72711,False,darkhawk8310@hotmail.com
CoolTiger8311,53733,False,cooltiger8311@yahoo.com
GoldenViper8312,4971,False,goldenviper8312@yahoo.com
EpicTiger8313,37870,False,epictiger8313@outlook.com
FireDragon8314,57800,False,firedragon8314@hotmail.com
ShadowFox8315,29287,False,shadowfox8315@hotmail.com
FireEagle8316,60557,False,fireeagle8316@outlook.com
IronTiger8317,48781,False,irontiger8317@hotmail.com
IronViper8318,91197,False,ironviper8318@hotmail.com
MightyBear8319,76084,False,mightybear8319@gmail.com
EpicEagle8320,79204,True,epiceagle8320@hotmail.com
SilentBear8321,41978,True,silentbear8321@yahoo.com
CoolViper8322,72377,False,coolviper8322@mail.ru
GoldenWolf8323,69251,False,goldenwolf8323@hotmail.com
SwiftLion8324,71752,False,swiftlion8324@yahoo.com
GoldenLion8325,18846,False,goldenlion8325@hotmail.com
SilentLion8326,60082,True,silentlion8326@outlook.com
EpicBear8327,95155,False,epicbear8327@outlook.com
DarkWolf8328,6820,False,darkwolf8328@yahoo.com
DarkDragon8329,29530,True,darkdragon8329@mail.ru
EpicFox8330,48378,False,epicfox8330@gmail.com
SwiftViper8331,6929,False,swiftviper8331@hotmail.com
MightyWolf8332,24067,False,mightywolf8332@outlook.com
IronHawk8333,58194,False,ironhawk8333@yahoo.com
GoldenEagle8334,58800,False,goldeneagle8334@mail.ru
EpicFox8335,2561,False,epicfox8335@gmail.com
SilentEagle8336,53183,False,silenteagle8336@outlook.com
MightyBear8337,52366,True,mightybear8337@mail.ru
SilentViper8338,43374,False,silentviper8338@outlook.com
CoolTiger8339,40436,False,cooltiger8339@outlook.com
IronDragon8340,22426,False,irondragon8340@mail.ru
EpicTiger8341,17019,False,epictiger8341@outlook.com
FireEagle8342,76489,False,fireeagle8342@yahoo.com
DarkFox8343,91369,False,darkfox8343@gmail.com
DarkFox8344,70939,False,darkfox8344@yahoo.com
EpicBear8345,34670,False,epicbear8345@gmail.com
FireTiger8346,8204,True,firetiger8346@outlook.com
GoldenFox8347,7986,True,goldenfox8347@hotmail.com
SilentShark8348,91969,True,silentshark8348@hotmail.com
MightyWolf8349,45810,False,mightywolf8349@yahoo.com
MightyShark8350,11025,False,mightyshark8350@yahoo.com
IronLion8351,61138,False,ironlion8351@gmail.com
IronFox8352,64080,False,ironfox8352@hotmail.com
SilentHawk8353,93928,False,silenthawk8353@gmail.com
FireEagle8354,60824,False,fireeagle8354@outlook.com
IronHawk8355,95588,False,ironhawk8355@yahoo.com
DarkEagle8356,7973,False,darkeagle8356@hotmail.com
FireShark8357,29587,True,fireshark8357@hotmail.com
FireViper8358,87358,True,fireviper8358@hotmail.com
IronWolf8359,47627,False,ironwolf8359@hotmail.com
ShadowFox8360,49175,False,shadowfox8360@gmail.com
DarkTiger8361,61520,True,darktiger8361@hotmail.com
FireViper8362,8851,False,fireviper8362@outlook.com
CoolEagle8363,57714,True,cooleagle8363@yahoo.com
EpicHawk8364,75158,False,epichawk8364@yahoo.com
MightyTiger8365,41591,False,mightytiger8365@hotmail.com
SwiftFox8366,17300,False,swiftfox8366@outlook.com
IronBear8367,41368,False,ironbear8367@outlook.com
ShadowTiger8368,79140,False,shadowtiger8368@yahoo.com
IronEagle8369,61634,False,ironeagle8369@hotmail.com
EpicShark8370,97163,False,epicshark8370@mail.ru
IronViper8371,65367,False,ironviper8371@yahoo.com
GoldenHawk8372,51748,False,goldenhawk8372@hotmail.com
SilentShark8373,92631,False,silentshark8373@yahoo.com
CoolWolf8374,22373,False,coolwolf8374@outlook.com
CoolFox8375,99185,False,coolfox8375@hotmail.com
SilentShark8376,45502,False,silentshark8376@hotmail.com
EpicLion8377,40858,False,epiclion8377@gmail.com
GoldenFox8378,2697,True,goldenfox8378@gmail.com
SwiftShark8379,67908,False,swiftshark8379@yahoo.com
IronFox8380,16234,False,ironfox8380@yahoo.com
FireShark8381,56627,True,fireshark8381@yahoo.com
SilentShark8382,98430,False,silentshark8382@outlook.com
FireEagle8383,96223,True,fireeagle8383@yahoo.com
ShadowFox8384,66375,True,shadowfox8384@gmail.com
ShadowLion8385,51830,False,shadowlion8385@gmail.com
EpicTiger8386,6576,False,epictiger8386@hotmail.com
SwiftShark8387,38243,False,swiftshark8387@gmail.com
MightyBear8388,50618,False,mightybear8388@gmail.com
MightyLion8389,72550,True,mightylion8389@mail.ru
FireShark8390,54078,False,fireshark8390@mail.ru
CoolShark8391,46309,False,coolshark8391@hotmail.com
DarkShark8392,78831,True,darkshark8392@outlook.com
MightyEagle8393,46056,False,mightyeagle8393@yahoo.com
FireFox8394,63869,False,firefox8394@yahoo.com
FireViper8395,43142,False,fireviper8395@outlook.com
SilentFox8396,89034,True,silentfox8396@mail.ru
IronShark8397,725,False,ironshark8397@gmail.com
SwiftLion8398,37355,True,swiftlion8398@gmail.com
GoldenTiger8399,53670,True,goldentiger8399@hotmail.com
IronEagle8400,15868,False,ironeagle8400@gmail.com
EpicDragon8401,6075,False,epicdragon8401@hotmail.com
GoldenWolf8402,60105,True,goldenwolf8402@yahoo.com
SwiftEagle8403,17785,False,swifteagle8403@outlook.com
FireFox8404,76988,True,firefox8404@yahoo.com
GoldenBear8405,22401,False,goldenbear8405@yahoo.com
IronDragon8406,72893,False,irondragon8406@hotmail.com
IronWolf8407,9728,False,ironwolf8407@hotmail.com
SilentViper8408,59189,False,silentviper8408@mail.ru
FireDragon8409,77612,False,firedragon8409@hotmail.com
EpicEagle8410,18607,False,epiceagle8410@hotmail.com
IronHawk8411,448,False,ironhawk8411@outlook.com
SilentEagle8412,67645,True,silenteagle8412@outlook.com
GoldenLion8413,35294,True,goldenlion8413@hotmail.com
SwiftTiger8414,28673,False,swifttiger8414@hotmail.com
FireTiger8415,51908,False,firetiger8415@mail.ru
EpicFox8416,89129,False,epicfox8416@yahoo.com
IronViper8417,57706,True,ironviper8417@mail.ru
IronEagle8418,70956,True,ironeagle8418@outlook.com
SilentEagle8419,20526,False,silenteagle8419@mail.ru
DarkShark8420,65134,False,darkshark8420@gmail.com
IronHawk8421,17385,True,ironhawk8421@hotmail.com
MightyLion8422,42800,False,mightylion8422@outlook.com
GoldenTiger8423,34031,True,goldentiger8423@yahoo.com
CoolLion8424,8420,False,coollion8424@yahoo.com
SilentViper8425,20312,False,silentviper8425@hotmail.com
DarkBear8426,29779,False,darkbear8426@mail.ru
EpicEagle8427,39708,False,epiceagle8427@yahoo.com
SwiftFox8428,14934,False,swiftfox8428@outlook.com
MightyLion8429,9175,False,mightylion8429@hotmail.com
SwiftTiger8430,86721,False,swifttiger8430@outlook.com
EpicLion8431,32823,False,epiclion8431@gmail.com
ShadowTiger8432,43221,True,shadowtiger8432@outlook.com
FireTiger8433,50359,False,firetiger8433@hotmail.com
GoldenWolf8434,31880,False,goldenwolf8434@hotmail.com
ShadowHawk8435,54277,False,shadowhawk8435@gmail.com
DarkFox8436,12541,True,darkfox8436@outlook.com
GoldenShark8437,92075,False,goldenshark8437@mail.ru
EpicLion8438,73703,False,epiclion8438@outlook.com
IronTiger8439,87580,False,irontiger8439@mail.ru
SwiftLion8440,626,False,swiftlion8440@gmail.com
DarkWolf8441,48086,True,darkwolf8441@outlook.com
SilentFox8442,70717,False,silentfox8442@hotmail.com
IronDragon8443,87512,False,irondragon8443@outlook.com
MightyTiger8444,76801,False,mightytiger8444@hotmail.com
IronTiger8445,59617,False,irontiger8445@yahoo.com
MightyWolf8446,54781,True,mightywolf8446@yahoo.com
GoldenHawk8447,18478,False,goldenhawk8447@outlook.com
SilentShark8448,20002,False,silentshark8448@gmail.com
IronViper8449,10108,False,ironviper8449@gmail.com
DarkBear8450,68155,False,darkbear8450@outlook.com
GoldenEagle8451,84183,False,goldeneagle8451@yahoo.com
ShadowTiger8452,27552,False,shadowtiger8452@hotmail.com
MightyTiger8453,71147,False,mightytiger8453@mail.ru
SilentLion8454,81801,False,silentlion8454@yahoo.com
CoolEagle8455,77878,False,cooleagle8455@yahoo.com
DarkBear8456,36270,False,darkbear8456@hotmail.com
EpicFox8457,34725,False,epicfox8457@hotmail.com
IronTiger8458,33240,False,irontiger8458@hotmail.com
DarkTiger8459,75467,False,darktiger8459@gmail.com
MightyShark8460,52974,False,mightyshark8460@gmail.com
ShadowViper8461,2427,False,shadowviper8461@yahoo.com
FireViper8462,62383,False,fireviper8462@outlook.com
IronShark8463,33522,False,ironshark8463@hotmail.com
ShadowHawk8464,94983,True,shadowhawk8464@yahoo.com
FireBear8465,60660,False,firebear8465@hotmail.com
SwiftBear8466,13623,False,swiftbear8466@yahoo.com
SwiftTiger8467,4913,False,swifttiger8467@gmail.com
IronFox8468,62633,True,ironfox8468@gmail.com
IronLion8469,74119,False,ironlion8469@gmail.com
CoolViper8470,64238,False,coolviper8470@outlook.com
DarkTiger8471,54675,True,darktiger8471@outlook.com
CoolLion8472,99893,False,coollion8472@mail.ru
DarkDragon8473,92952,False,darkdragon8473@yahoo.com
EpicViper8474,60813,False,epicviper8474@yahoo.com
ShadowEagle8475,47963,True,shadoweagle8475@hotmail.com
SwiftHawk8476,7967,False,swifthawk8476@yahoo.com
DarkDragon8477,84720,True,darkdragon8477@gmail.com
ShadowTiger8478,66383,False,shadowtiger8478@mail.ru
GoldenBear8479,10911,False,goldenbear8479@yahoo.com
SwiftShark8480,36420,False,swiftshark8480@mail.ru
GoldenFox8481,11480,False,goldenfox8481@hotmail.com
DarkWolf8482,66770,False,darkwolf8482@mail.ru
MightyViper8483,17033,False,mightyviper8483@mail.ru
SwiftShark8484,84803,True,swiftshark8484@mail.ru
FireLion8485,13473,False,firelion8485@yahoo.com
CoolFox8486,86056,False,coolfox8486@outlook.com
ShadowDragon8487,67708,False,shadowdragon8487@mail.ru
SwiftEagle8488,2796,False,swifteagle8488@hotmail.com
DarkHawk8489,80037,True,darkhawk8489@hotmail.com
EpicHawk8490,8910,False,epichawk8490@hotmail.com
SilentDragon8491,53289,False,silentdragon8491@mail.ru
SwiftViper8492,95909,False,swiftviper8492@mail.ru
DarkTiger8493,50295,False,darktiger8493@mail.ru
CoolTiger8494,36086,False,cooltiger8494@yahoo.com
SwiftViper8495,49330,False,swiftviper8495@mail.ru
GoldenTiger8496,88524,True,goldentiger8496@mail.ru
SwiftBear8497,75786,False,swiftbear8497@mail.ru
EpicShark8498,39567,False,epicshark8498@yahoo.com
CoolBear8499,55711,False,coolbear8499@outlook.com
GoldenBear8500,11862,False,goldenbear8500@outlook.com
ShadowBear8501,94397,False,shadowbear8501@mail.ru
SwiftLion8502,84457,False,swiftlion8502@hotmail.com
GoldenTiger8503,8553,False,goldentiger8503@mail.ru
FireHawk8504,23724,False,firehawk8504@outlook.com
IronHawk8505,8813,False,ironhawk8505@gmail.com
FireEagle8506,32334,False,fireeagle8506@outlook.com
GoldenTiger8507,62547,True,goldentiger8507@gmail.com
FireViper8508,31405,True,fireviper8508@yahoo.com
FireLion8509,82431,False,firelion8509@outlook.com
ShadowShark8510,39538,True,shadowshark8510@gmail.com
IronBear8511,3446,False,ironbear8511@mail.ru
SilentDragon8512,58277,False,silentdragon8512@yahoo.com
CoolEagle8513,80068,False,cooleagle8513@gmail.com
EpicHawk8514,19092,False,epichawk8514@hotmail.com
MightyEagle8515,88791,True,mightyeagle8515@outlook.com
MightyShark8516,12700,False,mightyshark8516@yahoo.com
FireTiger8517,13977,False,firetiger8517@outlook.com
GoldenHawk8518,31188,False,goldenhawk8518@mail.ru
FireWolf8519,23748,False,firewolf8519@mail.ru
MightyDragon8520,62173,False,mightydragon8520@outlook.com
EpicLion8521,15639,False,epiclion8521@yahoo.com
SwiftHawk8522,60724,False,swifthawk8522@yahoo.com
SilentTiger8523,27995,False,silenttiger8523@hotmail.com
IronHawk8524,16663,False,ironhawk8524@mail.ru
ShadowFox8525,76866,True,shadowfox8525@gmail.com
SilentWolf8526,81632,False,silentwolf8526@yahoo.com
EpicLion8527,90597,False,epiclion8527@yahoo.com
EpicHawk8528,37577,False,epichawk8528@hotmail.com
ShadowShark8529,74819,False,shadowshark8529@outlook.com
IronTiger8530,71396,True,irontiger8530@yahoo.com
SwiftShark8531,23071,True,swiftshark8531@mail.ru
SwiftLion8532,92888,False,swiftlion8532@mail.ru
ShadowTiger8533,57953,False,shadowtiger8533@yahoo.com
GoldenLion8534,89143,False,goldenlion8534@hotmail.com
MightyBear8535,40390,True,mightybear8535@hotmail.com
SwiftTiger8536,93828,False,swifttiger8536@yahoo.com
GoldenViper8537,26060,False,goldenviper8537@outlook.com
CoolShark8538,23084,True,coolshark8538@yahoo.com
ShadowHawk8539,18606,False,shadowhawk8539@hotmail.com
FireEagle8540,83875,False,fireeagle8540@outlook.com
MightyHawk8541,81662,True,mightyhawk8541@outlook.com
ShadowTiger8542,49076,True,shadowtiger8542@mail.ru
EpicBear8543,73716,False,epicbear8543@outlook.com
SilentHawk8544,63282,False,silenthawk8544@gmail.com
FireFox8545,89228,False,firefox8545@mail.ru
DarkHawk8546,14405,False,darkhawk8546@outlook.com
SilentEagle8547,64760,False,silenteagle8547@gmail.com
FireViper8548,13349,False,fireviper8548@mail.ru
CoolBear8549,60014,False,coolbear8549@yahoo.com
DarkShark8550,93732,False,darkshark8550@mail.ru
SilentHawk8551,6590,False,silenthawk8551@gmail.com
DarkHawk8552,3553,False,darkhawk8552@yahoo.com
SwiftEagle8553,12502,True,swifteagle8553@gmail.com
SilentDragon8554,-902,False,silentdragon8554@gmail.com
EpicFox8555,26551,False,epicfox8555@mail.ru
IronLion8556,99857,False,ironlion8556@outlook.com
IronLion8557,7416,False,ironlion8557@outlook.com
SwiftFox8558,66891,False,swiftfox8558@yahoo.com
EpicFox8559,95647,False,epicfox8559@yahoo.com
DarkHawk8560,41328,False,darkhawk8560@hotmail.com
FireDragon8561,17521,False,firedragon8561@gmail.com
SwiftViper8562,41512,True,swiftviper8562@outlook.com
ShadowWolf8563,31857,False,shadowwolf8563@gmail.com
EpicEagle8564,83894,False,epiceagle8564@gmail.com
ShadowShark8565,73026,False,shadowshark8565@mail.ru
EpicViper8566,79006,True,epicviper8566@mail.ru
IronHawk8567,15476,False,ironhawk8567@gmail.com
ShadowEagle8568,46397,True,shadoweagle8568@hotmail.com
CoolFox8569,31064,False,coolfox8569@gmail.com
FireBear8570,8538,False,firebear8570@yahoo.com
CoolWolf8571,36502,False,coolwolf8571@hotmail.com
ShadowShark8572,56190,False,shadowshark8572@mail.ru
SwiftDragon8573,53954,False,swiftdragon8573@mail.ru
DarkEagle8574,55256,False,darkeagle8574@yahoo.com
MightyShark8575,58855,True,mightyshark8575@mail.ru
SwiftTiger8576,56482,False,swifttiger8576@yahoo.com
EpicViper8577,71259,False,epicviper8577@gmail.com
IronDragon8578,29233,False,irondragon8578@outlook.com
ShadowEagle8579,44652,False,shadoweagle8579@yahoo.com
EpicTiger8580,36188,False,epictiger8580@mail.ru
EpicDragon8581,42089,True,epicdragon8581@hotmail.com
GoldenShark8582,78101,False,goldenshark8582@mail.ru
CoolViper8583,3219,True,coolviper8583@gmail.com
SwiftTiger8584,94912,False,swifttiger8584@hotmail.com
GoldenShark8585,38468,False,goldenshark8585@mail.ru
SwiftEagle8586,57529,False,swifteagle8586@yahoo.com
SilentTiger8587,53991,False,silenttiger8587@yahoo.com
CoolLion8588,95326,False,coollion8588@yahoo.com
GoldenTiger8589,81146,False,goldentiger8589@gmail.com
EpicHawk8590,21628,False,epichawk8590@hotmail.com
MightyWolf8591,59507,False,mightywolf8591@mail.ru
IronWolf8592,39225,False,ironwolf8592@outlook.com
IronDragon8593,31649,False,irondragon8593@gmail.com
MightyBear8594,4429,False,mightybear8594@yahoo.com
SilentShark8595,60195,False,silentshark8595@hotmail.com
ShadowDragon8596,10477,True,shadowdragon8596@outlook.com
MightyFox8597,22339,True,mightyfox8597@outlook.com
SilentShark8598,22986,False,silentshark8598@mail.ru
IronBear8599,98882,True,ironbear8599@mail.ru
IronHawk8600,31421,False,ironhawk8600@outlook.com
SilentViper8601,77955,False,silentviper8601@outlook.com
SwiftViper8602,53311,False,swiftviper8602@gmail.com
IronLion8603,58312,True,ironlion8603@yahoo.com
FireDragon8604,34567,True,firedragon8604@yahoo.com
GoldenWolf8605,81043,False,goldenwolf8605@mail.ru
CoolDragon8606,15966,False,cooldragon8606@mail.ru
EpicFox8607,48965,False,epicfox8607@yahoo.com
SwiftFox8608,40487,False,swiftfox8608@outlook.com
FireTiger8609,11802,False,firetiger8609@outlook.com
SwiftBear8610,3215,False,swiftbear8610@hotmail.com
ShadowShark8611,92012,True,shadowshark8611@yahoo.com
EpicDragon8612,82749,False,epicdragon8612@yahoo.com
IronHawk8613,53916,False,ironhawk8613@gmail.com
CoolEagle8614,6089,False,cooleagle8614@gmail.com
ShadowDragon8615,40125,True,shadowdragon8615@hotmail.com
MightyBear8616,30371,False,mightybear8616@outlook.com
EpicWolf8617,98509,True,epicwolf8617@mail.ru
IronBear8618,54274,True,ironbear8618@gmail.com
IronDragon8619,30040,False,irondragon8619@outlook.com
SilentViper8620,60716,False,silentviper8620@yahoo.com
FireHawk8621,44363,False,firehawk8621@hotmail.com
FireShark8622,22252,False,fireshark8622@mail.ru
MightyBear8623,46567,False,mightybear8623@outlook.com
SwiftEagle8624,21667,True,swifteagle8624@hotmail.com
GoldenLion8625,70051,False,goldenlion8625@mail.ru
MightyEagle8626,8183,False,mightyeagle8626@mail.ru
ShadowFox8627,88207,False,shadowfox8627@mail.ru
DarkEagle8628,48647,False,darkeagle8628@gmail.com
GoldenDragon8629,20805,True,goldendragon8629@yahoo.com
SwiftWolf8630,37109,False,swiftwolf8630@hotmail.com
SwiftEagle8631,18525,False,swifteagle8631@gmail.com
SwiftBear8632,25047,True,swiftbear8632@outlook.com
MightyFox8633,52091,False,mightyfox8633@yahoo.com
CoolBear8634,26420,True,coolbear8634@outlook.com
GoldenTiger8635,40057,False,goldentiger8635@outlook.com
DarkLion8636,97306,False,darklion8636@yahoo.com
GoldenShark8637,55641,False,goldenshark8637@outlook.com
GoldenBear8638,54976,False,goldenbear8638@mail.ru
IronHawk8639,4096,False,ironhawk8639@yahoo.com
DarkViper8640,71249,True,darkviper8640@hotmail.com
ShadowShark8641,98267,True,shadowshark8641@yahoo.com
MightyFox8642,55205,False,mightyfox8642@gmail.com
FireFox8643,73895,False,firefox8643@outlook.com
GoldenBear8644,79795,False,goldenbear8644@outlook.com
FireDragon8645,75379,False,firedragon8645@yahoo.com
ShadowFox8646,49131,False,shadowfox8646@outlook.com
IronViper8647,58007,True,ironviper8647@hotmail.com
CoolDragon8648,37675,True,cooldragon8648@gmail.com
GoldenTiger8649,96349,False,goldentiger8649@hotmail.com
GoldenFox8650,74909,False,goldenfox8650@mail.ru
EpicEagle8651,87994,False,epiceagle8651@mail.ru
MightyLion8652,51416,False,mightylion8652@outlook.com
CoolViper8653,52368,False,coolviper8653@gmail.com
EpicEagle8654,56243,False,epiceagle8654@mail.ru
MightyLion8655,15296,False,mightylion8655@yahoo.com
ShadowEagle8656,43965,False,shadoweagle8656@mail.ru
ShadowLion8657,77186,False,shadowlion8657@outlook.com
IronViper8658,45751,False,ironviper8658@yahoo.com
MightyViper8659,29400,False,mightyviper8659@mail.ru
IronDragon8660,23983,False,irondragon8660@mail.ru
EpicShark8661,35722,False,epicshark8661@outlook.com
SilentLion8662,21203,False,silentlion8662@yahoo.com
DarkEagle8663,48800,False,darkeagle8663@outlook.com
SwiftWolf8664,26595,False,swiftwolf8664@yahoo.com
IronDragon8665,31703,False,irondragon8665@yahoo.com
ShadowTiger8666,12898,False,shadowtiger8666@yahoo.com
SilentWolf8667,24774,False,silentwolf8667@gmail.com
DarkEagle8668,81515,False,darkeagle8668@gmail.com
EpicHawk8669,11116,False,epichawk8669@hotmail.com
FireViper8670,47963,False,fireviper8670@gmail.com
MightyHawk8671,14281,False,mightyhawk8671@yahoo.com
CoolHawk8672,16540,False,coolhawk8672@hotmail.com
IronFox8673,74248,False,ironfox8673@hotmail.com
SilentEagle8674,24563,False,silenteagle8674@hotmail.com
DarkEagle8675,77049,False,darkeagle8675@gmail.com
EpicHawk8676,57138,False,epichawk8676@outlook.com
IronShark8677,92209,False,ironshark8677@gmail.com
SwiftLion8678,97499,False,swiftlion8678@hotmail.com
SwiftEagle8679,50106,False,swifteagle8679@mail.ru
GoldenWolf8680,17541,False,goldenwolf8680@gmail.com
EpicWolf8681,4181,False,epicwolf8681@gmail.com
ShadowHawk8682,37786,False,shadowhawk8682@gmail.com
SwiftBear8683,47872,True,swiftbear8683@gmail.com
FireHawk8684,52304,False,firehawk8684@outlook.com
EpicDragon8685,39399,False,epicdragon8685@yahoo.com
CoolShark8686,65488,False,coolshark8686@mail.ru
IronTiger8687,16861,False,irontiger8687@yahoo.com
CoolWolf8688,70245,False,coolwolf8688@outlook.com
MightyBear8689,73903,True,mightybear8689@yahoo.com
MightyTiger8690,96180,False,mightytiger8690@mail.ru
IronBear8691,27427,False,ironbear8691@hotmail.com
EpicShark8692,34544,False,epicshark8692@outlook.com
MightyHawk8693,91175,True,mightyhawk8693@mail.ru
DarkTiger8694,58489,False,darktiger8694@outlook.com
MightyLion8695,14725,True,mightylion8695@outlook.com
SwiftBear8696,31066,False,swiftbear8696@hotmail.com
DarkHawk8697,51990,False,darkhawk8697@gmail.com
CoolViper8698,35622,False,coolviper8698@outlook.com
FireBear8699,-128,False,firebear8699@yahoo.com
MightyLion8700,95340,True,mightylion8700@yahoo.com
IronLion8701,28789,False,ironlion8701@yahoo.com
EpicViper8702,54653,True,epicviper8702@yahoo.com
EpicHawk8703,74181,False,epichawk8703@outlook.com
SilentEagle8704,43878,True,silenteagle8704@gmail.com
ShadowDragon8705,71344,False,shadowdragon8705@outlook.com
DarkViper8706,83165,False,darkviper8706@yahoo.com
MightyEagle8707,37623,False,mightyeagle8707@hotmail.com
MightyEagle8708,9226,False,mightyeagle8708@outlook.com
CoolTiger8709,56032,True,cooltiger8709@yahoo.com
ShadowTiger8710,90646,False,shadowtiger8710@mail.ru
FireLion8711,41674,False,firelion8711@outlook.com
GoldenEagle8712,79664,False,goldeneagle8712@gmail.com
SilentTiger8713,33390,True,silenttiger8713@gmail.com
EpicFox8714,65230,False,epicfox8714@gmail.com
ShadowTiger8715,36911,False,shadowtiger8715@yahoo.com
DarkShark8716,51783,False,darkshark8716@hotmail.com
MightyHawk8717,10083,False,mightyhawk8717@yahoo.com
FireLion8718,62666,False,firelion8718@yahoo.com
SwiftTiger8719,39869,False,swifttiger8719@mail.ru
EpicTiger8720,23716,True,epictiger8720@hotmail.com
MightyTiger8721,64712,False,mightytiger8721@mail.ru
FireLion8722,89702,False,firelion8722@gmail.com
IronFox8723,88993,False,ironfox8723@gmail.com
IronDragon8724,28430,False,irondragon8724@hotmail.com
FireDragon8725,73250,False,firedragon8725@outlook.com
SwiftWolf8726,95115,False,swiftwolf8726@gmail.com
FireTiger8727,44595,False,firetiger8727@outlook.com
FireFox8728,97646,False,firefox8728@hotmail.com
SilentFox8729,57550,False,silentfox8729@yahoo.com
EpicWolf8730,49214,False,epicwolf8730@hotmail.com
SilentWolf8731,17489,False,silentwolf8731@outlook.com
SilentHawk8732,99389,False,silenthawk8732@gmail.com
FireHawk8733,95824,False,firehawk8733@mail.ru
GoldenViper8734,3453,True,goldenviper8734@hotmail.com
EpicBear8735,93823,False,epicbear8735@hotmail.com
EpicHawk8736,74745,True,epichawk8736@gmail.com
EpicBear8737,-331,False,epicbear8737@yahoo.com
ShadowLion8738,26458,False,shadowlion8738@yahoo.com
IronWolf8739,10631,False,ironwolf8739@yahoo.com
SwiftBear8740,55710,True,swiftbear8740@yahoo.com
CoolBear8741,56368,False,coolbear8741@outlook.com
SwiftBear8742,75403,False,swiftbear8742@outlook.com
IronDragon8743,38561,False,irondragon8743@outlook.com
CoolViper8744,12662,False,coolviper8744@gmail.com
GoldenLion8745,54006,False,goldenlion8745@yahoo.com
FireBear8746,8216,True,firebear8746@hotmail.com
IronShark8747,17425,False,ironshark8747@mail.ru
IronWolf8748,10658,False,ironwolf8748@yahoo.com
FireFox8749,33974,False,firefox8749@hotmail.com
DarkWolf8750,87108,False,darkwolf8750@mail.ru
IronWolf8751,66824,False,ironwolf8751@yahoo.com
IronDragon8752,34363,False,irondragon8752@mail.ru
DarkLion8753,97858,False,darklion8753@yahoo.com
IronBear8754,89444,False,ironbear8754@mail.ru
ShadowViper8755,768,False,shadowviper8755@mail.ru
CoolWolf8756,39173,False,coolwolf8756@outlook.com
DarkHawk8757,96918,False,darkhawk8757@outlook.com
DarkLion8758,71625,False,darklion8758@outlook.com
FireFox8759,16370,False,firefox8759@yahoo.com
CoolFox8760,68163,False,coolfox8760@hotmail.com
SilentHawk8761,22313,True,silenthawk8761@hotmail.com
IronEagle8762,90344,False,ironeagle8762@gmail.com
EpicBear8763,98143,True,epicbear8763@yahoo.com
CoolTiger8764,20610,False,cooltiger8764@yahoo.com
ShadowViper8765,77676,False,shadowviper8765@outlook.com
CoolShark8766,48222,False,coolshark8766@hotmail.com
MightyShark8767,24995,False,mightyshark8767@gmail.com
EpicHawk8768,84908,False,epichawk8768@outlook.com
CoolHawk8769,37379,False,coolhawk8769@outlook.com
GoldenBear8770,55897,True,goldenbear8770@gmail.com
IronWolf8771,9713,True,ironwolf8771@hotmail.com
IronEagle8772,9708,False,ironeagle8772@yahoo.com
SwiftHawk8773,24381,False,swifthawk8773@mail.ru
SilentLion8774,57214,False,silentlion8774@mail.ru
SilentShark8775,6470,False,silentshark8775@mail.ru
CoolHawk8776,50094,False,coolhawk8776@yahoo.com
EpicTiger8777,91737,False,epictiger8777@outlook.com
EpicHawk8778,20856,True,epichawk8778@yahoo.com
MightyWolf8779,62053,False,mightywolf8779@outlook.com
SwiftBear8780,23936,False,swiftbear8780@outlook.com
EpicLion8781,76100,False,epiclion8781@gmail.com
DarkShark8782,7454,True,darkshark8782@mail.ru
EpicTiger8783,20106,False,epictiger8783@mail.ru
CoolDragon8784,41227,False,cooldragon8784@hotmail.com
DarkHawk8785,76380,False,darkhawk8785@gmail.com
SilentWolf8786,3271,False,silentwolf8786@gmail.com
CoolBear8787,53662,False,coolbear8787@mail.ru
MightyLion8788,45859,True,mightylion8788@yahoo.com
GoldenFox8789,82316,False,goldenfox8789@hotmail.com
MightyBear8790,69213,False,mightybear8790@mail.ru
FireFox8791,3911,False,firefox8791@yahoo.com
IronTiger8792,78004,False,irontiger8792@hotmail.com
FireEagle8793,50414,False,fireeagle8793@hotmail.com
SilentDragon8794,83665,False,silentdragon8794@outlook.com
IronShark8795,78391,False,ironshark8795@mail.ru
IronEagle8796,29427,False,ironeagle8796@yahoo.com
FireBear8797,41778,False,firebear8797@yahoo.com
FireWolf8798,28743,False,firewolf8798@mail.ru
SilentFox8799,86450,False,silentfox8799@gmail.com
CoolViper8800,-837,False,coolviper8800@hotmail.com
SwiftTiger8801,71604,True,swifttiger8801@mail.ru
SilentEagle8802,88299,False,silenteagle8802@mail.ru
DarkLion8803,67367,True,darklion8803@outlook.com
ShadowShark8804,37062,True,shadowshark8804@outlook.com
GoldenTiger8805,56934,False,goldentiger8805@gmail.com
ShadowEagle8806,41427,False,shadoweagle8806@yahoo.com
SilentViper8807,60961,False,silentviper8807@mail.ru
IronEagle8808,37666,False,ironeagle8808@outlook.com
GoldenFox8809,34644,False,goldenfox8809@yahoo.com
ShadowDragon8810,52355,True,shadowdragon8810@mail.ru
EpicWolf8811,96872,False,epicwolf8811@yahoo.com
ShadowDragon8812,93258,False,shadowdragon8812@outlook.com
SilentFox8813,37147,False,silentfox8813@yahoo.com
MightyBear8814,600,False,mightybear8814@outlook.com
SilentFox8815,7801,False,silentfox8815@hotmail.com
GoldenTiger8816,60763,False,goldentiger8816@gmail.com
MightyLion8817,62306,False,mightylion8817@yahoo.com
SilentBear8818,11273,False,silentbear8818@mail.ru
SwiftLion8819,59595,False,swiftlion8819@hotmail.com
SilentHawk8820,84375,False,silenthawk8820@mail.ru
SilentBear8821,83826,False,silentbear8821@mail.ru
DarkViper8822,96279,False,darkviper8822@gmail.com
CoolFox8823,50100,False,coolfox8823@hotmail.com
GoldenWolf8824,31591,False,goldenwolf8824@hotmail.com
FireLion8825,22947,False,firelion8825@yahoo.com
EpicLion8826,87426,True,epiclion8826@outlook.com
DarkWolf8827,27279,False,darkwolf8827@mail.ru
CoolFox8828,52141,False,coolfox8828@gmail.com
EpicViper8829,12680,False,epicviper8829@yahoo.com
FireDragon8830,43122,False,firedragon8830@gmail.com
ShadowTiger8831,65017,False,shadowtiger8831@outlook.com
SilentWolf8832,78444,False,silentwolf8832@gmail.com
GoldenTiger8833,21460,False,goldentiger8833@outlook.com
DarkHawk8834,24675,True,darkhawk8834@yahoo.com
EpicFox8835,93383,False,epicfox8835@mail.ru
EpicDragon8836,95613,False,epicdragon8836@yahoo.com
MightyLion8837,35937,False,mightylion8837@mail.ru
DarkWolf8838,80698,True,darkwolf8838@hotmail.com
SilentWolf8839,91001,False,silentwolf8839@mail.ru
ShadowViper8840,64599,False,shadowviper8840@hotmail.com
SilentShark8841,93747,False,silentshark8841@mail.ru
GoldenBear8842,72609,False,goldenbear8842@mail.ru
SilentEagle8843,11541,False,silenteagle8843@mail.ru
MightyViper8844,32838,False,mightyviper8844@hotmail.com
GoldenViper8845,97364,False,goldenviper8845@gmail.com
ShadowWolf8846,15078,False,shadowwolf8846@outlook.com
CoolShark8847,38940,False,coolshark8847@mail.ru
SwiftEagle8848,46791,False,swifteagle8848@outlook.com
ShadowDragon8849,28019,True,shadowdragon8849@yahoo.com
FireLion8850,53142,False,firelion8850@gmail.com
SwiftFox8851,41298,True,swiftfox8851@hotmail.com
CoolTiger8852,29183,False,cooltiger8852@outlook.com
FireBear8853,11975,False,firebear8853@hotmail.com
MightyBear8854,8811,False,mightybear8854@hotmail.com
MightyWolf8855,88094,True,mightywolf8855@gmail.com
SilentEagle8856,99569,True,silenteagle8856@hotmail.com
SilentTiger8857,19005,True,silenttiger8857@yahoo.com
SilentDragon8858,46310,True,silentdragon8858@mail.ru
SwiftEagle8859,46541,False,swifteagle8859@mail.ru
FireShark8860,85808,False,fireshark8860@outlook.com
FireLion8861,91778,True,firelion8861@outlook.com
MightyLion8862,76010,True,mightylion8862@yahoo.com
ShadowViper8863,85443,True,shadowviper8863@outlook.com
EpicFox8864,11875,False,epicfox8864@gmail.com
IronHawk8865,44733,False,ironhawk8865@outlook.com
FireFox8866,50633,True,firefox8866@yahoo.com
CoolViper8867,88460,False,coolviper8867@yahoo.com
SilentLion8868,27378,False,silentlion8868@mail.ru
FireWolf8869,19557,False,firewolf8869@hotmail.com
MightyTiger8870,15797,True,mightytiger8870@mail.ru
DarkTiger8871,47248,False,darktiger8871@gmail.com
IronViper8872,60555,False,ironviper8872@hotmail.com
MightyEagle8873,45531,False,mightyeagle8873@yahoo.com
SwiftDragon8874,20671,False,swiftdragon8874@yahoo.com
SilentDragon8875,85866,False,silentdragon8875@hotmail.com
MightyViper8876,40219,False,mightyviper8876@outlook.com
SilentDragon8877,71914,True,silentdragon8877@hotmail.com
MightyLion8878,72248,False,mightylion8878@hotmail.com
CoolHawk8879,53163,False,coolhawk8879@yahoo.com
SwiftWolf8880,50956,True,swiftwolf8880@mail.ru
IronBear8881,67929,False,ironbear8881@hotmail.com
DarkHawk8882,-487,False,darkhawk8882@mail.ru
CoolHawk8883,92627,False,coolhawk8883@mail.ru
EpicFox8884,4410,False,epicfox8884@hotmail.com
DarkBear8885,98258,False,darkbear8885@mail.ru
MightyWolf8886,24092,True,mightywolf8886@outlook.com
FireWolf8887,30251,False,firewolf8887@hotmail.com
DarkEagle8888,12973,False,darkeagle8888@mail.ru
CoolHawk8889,64162,False,coolhawk8889@mail.ru
EpicFox8890,95103,False,epicfox8890@yahoo.com
DarkShark8891,47219,False,darkshark8891@gmail.com
MightyShark8892,3073,True,mightyshark8892@gmail.com
SwiftBear8893,6746,False,swiftbear8893@gmail.com
GoldenWolf8894,15690,False,goldenwolf8894@yahoo.com
DarkDragon8895,92219,False,darkdragon8895@gmail.com
SilentShark8896,34111,False,silentshark8896@yahoo.com
CoolDragon8897,95538,True,cooldragon8897@yahoo.com
IronDragon8898,58494,True,irondragon8898@yahoo.com
SwiftEagle8899,74844,True,swifteagle8899@yahoo.com
DarkHawk8900,74840,False,darkhawk8900@mail.ru
SwiftEagle8901,97114,False,swifteagle8901@yahoo.com
GoldenEagle8902,68666,False,goldeneagle8902@yahoo.com
SwiftHawk8903,37201,False,swifthawk8903@outlook.com
SwiftHawk8904,40264,False,swifthawk8904@gmail.com
GoldenShark8905,54280,False,goldenshark8905@mail.ru
MightyDragon8906,48116,False,mightydragon8906@outlook.com
MightyBear8907,15331,False,mightybear8907@outlook.com
GoldenBear8908,5559,False,goldenbear8908@hotmail.com
MightyFox8909,43708,False,mightyfox8909@gmail.com
ShadowEagle8910,78542,False,shadoweagle8910@hotmail.com
ShadowEagle8911,96794,False,shadoweagle8911@mail.ru
CoolHawk8912,37885,False,coolhawk8912@yahoo.com
IronShark8913,82101,True,ironshark8913@outlook.com
SwiftHawk8914,14239,False,swifthawk8914@hotmail.com
MightyWolf8915,9305,False,mightywolf8915@gmail.com
FireBear8916,32626,False,firebear8916@gmail.com
DarkHawk8917,32945,False,darkhawk8917@hotmail.com
ShadowShark8918,54461,False,shadowshark8918@yahoo.com
DarkLion8919,43848,False,darklion8919@yahoo.com
CoolHawk8920,73642,False,coolhawk8920@mail.ru
SilentLion8921,28002,False,silentlion8921@mail.ru
GoldenWolf8922,22752,False,goldenwolf8922@gmail.com
FireBear8923,19274,True,firebear8923@mail.ru
CoolHawk8924,21634,False,coolhawk8924@yahoo.com
IronLion8925,39961,False,ironlion8925@outlook.com
MightyFox8926,9796,False,mightyfox8926@hotmail.com
CoolLion8927,5281,False,coollion8927@hotmail.com
DarkFox8928,72039,False,darkfox8928@gmail.com
GoldenTiger8929,27506,False,goldentiger8929@outlook.com
GoldenHawk8930,41781,False,goldenhawk8930@outlook.com
SilentWolf8931,19560,False,silentwolf8931@gmail.com
FireViper8932,50170,False,fireviper8932@outlook.com
MightyShark8933,65134,True,mightyshark8933@hotmail.com
CoolWolf8934,70273,False,coolwolf8934@hotmail.com
GoldenFox8935,32493,False,goldenfox8935@mail.ru
SilentWolf8936,6786,True,silentwolf8936@hotmail.com
SwiftDragon8937,75302,False,swiftdragon8937@mail.ru
CoolTiger8938,64852,False,cooltiger8938@yahoo.com
FireHawk8939,1745,False,firehawk8939@gmail.com
MightyViper8940,19069,False,mightyviper8940@hotmail.com
ShadowLion8941,95612,False,shadowlion8941@hotmail.com
EpicLion8942,78150,True,epiclion8942@hotmail.com
SwiftTiger8943,22149,False,swifttiger8943@gmail.com
DarkViper8944,85931,True,darkviper8944@gmail.com
MightyFox8945,49303,False,mightyfox8945@hotmail.com
GoldenViper8946,52459,False,goldenviper8946@mail.ru
CoolBear8947,47186,False,coolbear8947@outlook.com
DarkWolf8948,49897,True,darkwolf8948@mail.ru
EpicViper8949,40814,False,epicviper8949@hotmail.com
FireBear8950,99509,False,firebear8950@outlook.com
IronDragon8951,15610,False,irondragon8951@mail.ru
MightyDragon8952,48703,False,mightydragon8952@gmail.com
MightyLion8953,85096,False,mightylion8953@yahoo.com
GoldenLion8954,82058,False,goldenlion8954@gmail.com
SwiftShark8955,69763,False,swiftshark8955@hotmail.com
DarkShark8956,72824,False,darkshark8956@gmail.com
SilentBear8957,11844,False,silentbear8957@mail.ru
ShadowViper8958,74708,True,shadowviper8958@mail.ru
EpicHawk8959,96180,False,epichawk8959@hotmail.com
CoolTiger8960,24212,False,cooltiger8960@hotmail.com
GoldenViper8961,62898,False,goldenviper8961@yahoo.com
IronHawk8962,27001,False,ironhawk8962@yahoo.com
CoolEagle8963,41089,True,cooleagle8963@mail.ru
EpicHawk8964,1285,False,epichawk8964@outlook.com
CoolTiger8965,54329,False,cooltiger8965@gmail.com
MightyViper8966,86985,False,mightyviper8966@hotmail.com
SwiftLion8967,89802,True,swiftlion8967@yahoo.com
CoolFox8968,50333,False,coolfox8968@yahoo.com
EpicShark8969,14161,False,epicshark8969@mail.ru
GoldenEagle8970,57061,False,goldeneagle8970@yahoo.com
DarkFox8971,89668,False,darkfox8971@hotmail.com
DarkTiger8972,12922,False,darktiger8972@hotmail.com
SilentHawk8973,4877,False,silenthawk8973@yahoo.com
FireHawk8974,60798,False,firehawk8974@outlook.com
CoolLion8975,8471,False,coollion8975@yahoo.com
GoldenFox8976,47645,False,goldenfox8976@hotmail.com
SwiftEagle8977,69669,False,swifteagle8977@hotmail.com
ShadowDragon8978,81161,False,shadowdragon8978@mail.ru
ShadowBear8979,67672,False,shadowbear8979@yahoo.com
SwiftBear8980,6251,True,swiftbear8980@yahoo.com
CoolHawk8981,47320,False,coolhawk8981@outlook.com
FireLion8982,7234,False,firelion8982@yahoo.com
CoolHawk8983,99417,True,coolhawk8983@mail.ru
SilentBear8984,87612,False,silentbear8984@mail.ru
EpicShark8985,94560,False,epicshark8985@hotmail.com
MightyHawk8986,10651,True,mightyhawk8986@outlook.com
ShadowWolf8987,86415,False,shadowwolf8987@yahoo.com
GoldenLion8988,74325,False,goldenlion8988@gmail.com
IronViper8989,87719,False,ironviper8989@gmail.com
GoldenBear8990,55836,False,goldenbear8990@mail.ru
SilentLion8991,30376,False,silentlion8991@hotmail.com
MightyLion8992,62021,False,mightylion8992@outlook.com
CoolBear8993,75358,False,coolbear8993@gmail.com
IronBear8994,91847,True,ironbear8994@hotmail.com
CoolViper8995,17385,True,coolviper8995@gmail.com
GoldenLion8996,68567,True,goldenlion8996@outlook.com
IronWolf8997,95576,False,ironwolf8997@outlook.com
GoldenViper8998,68534,False,goldenviper8998@hotmail.com
MightyHawk8999,77538,False,mightyhawk8999@hotmail.com
FireShark9000,47846,False,fireshark9000@mail.ru
EpicDragon9001,20425,False,epicdragon9001@outlook.com
DarkWolf9002,41163,False,darkwolf9002@hotmail.com
CoolWolf9003,21487,False,coolwolf9003@outlook.com
SilentTiger9004,74042,False,silenttiger9004@mail.ru
EpicWolf9005,2908,False,epicwolf9005@yahoo.com
IronEagle9006,10001,False,ironeagle9006@hotmail.com
SwiftEagle9007,82570,True,swifteagle9007@mail.ru
FireViper9008,46018,True,fireviper9008@outlook.com
CoolFox9009,90879,False,coolfox9009@mail.ru
DarkBear9010,19318,False,darkbear9010@hotmail.com
IronLion9011,10046,False,ironlion9011@mail.ru
FireLion9012,88018,True,firelion9012@hotmail.com
IronDragon9013,49122,False,irondragon9013@hotmail.com
SwiftHawk9014,84984,False,swifthawk9014@outlook.com
SwiftViper9015,95446,True,swiftviper9015@mail.ru
FireBear9016,14719,True,firebear9016@hotmail.com
GoldenEagle9017,8169,True,goldeneagle9017@gmail.com
GoldenShark9018,62123,False,goldenshark9018@yahoo.com
SwiftHawk9019,13137,False,swifthawk9019@gmail.com
EpicLion9020,94831,True,epiclion9020@outlook.com
CoolDragon9021,64610,False,cooldragon9021@mail.ru
CoolWolf9022,96709,False,coolwolf9022@hotmail.com
EpicTiger9023,39368,False,epictiger9023@gmail.com
EpicViper9024,30652,False,epicviper9024@outlook.com
SilentBear9025,70564,False,silentbear9025@gmail.com
ShadowHawk9026,87250,True,shadowhawk9026@mail.ru
DarkDragon9027,3596,False,darkdragon9027@yahoo.com
MightyEagle9028,17050,True,mightyeagle9028@hotmail.com
GoldenWolf9029,12540,False,goldenwolf9029@outlook.com
SwiftDragon9030,87927,False,swiftdragon9030@gmail.com
DarkBear9031,37949,False,darkbear9031@mail.ru
DarkFox9032,31584,False,darkfox9032@mail.ru
CoolTiger9033,89979,True,cooltiger9033@gmail.com
CoolEagle9034,96236,False,cooleagle9034@mail.ru
IronTiger9035,23662,False,irontiger9035@yahoo.com
GoldenWolf9036,42826,True,goldenwolf9036@yahoo.com
SwiftTiger9037,99729,False,swifttiger9037@hotmail.com
DarkFox9038,47331,False,darkfox9038@outlook.com
GoldenTiger9039,37858,True,goldentiger9039@mail.ru
SilentTiger9040,63853,False,silenttiger9040@hotmail.com
CoolDragon9041,93961,False,cooldragon9041@hotmail.com
GoldenHawk9042,6065,False,goldenhawk9042@gmail.com
DarkShark9043,72560,False,darkshark9043@hotmail.com
MightyHawk9044,67681,False,mightyhawk9044@hotmail.com
FireLion9045,66079,False,firelion9045@hotmail.com
DarkWolf9046,65510,False,darkwolf9046@hotmail.com
EpicHawk9047,35178,False,epichawk9047@mail.ru
SilentBear9048,75585,False,silentbear9048@hotmail.com
DarkShark9049,42454,False,darkshark9049@mail.ru
SilentWolf9050,71621,False,silentwolf9050@yahoo.com
FireHawk9051,92928,True,firehawk9051@outlook.com
SwiftDragon9052,43326,False,swiftdragon9052@hotmail.com
DarkEagle9053,16119,True,darkeagle9053@mail.ru
SwiftViper9054,18514,True,swiftviper9054@outlook.com
DarkEagle9055,32182,False,darkeagle9055@hotmail.com
CoolDragon9056,26687,False,cooldragon9056@mail.ru
EpicWolf9057,70977,True,epicwolf9057@yahoo.com
CoolViper9058,93310,False,coolviper9058@yahoo.com
GoldenHawk9059,17803,False,goldenhawk9059@outlook.com
IronBear9060,50892,False,ironbear9060@gmail.com
ShadowLion9061,79132,False,shadowlion9061@yahoo.com
GoldenLion9062,61252,False,goldenlion9062@gmail.com
MightyDragon9063,38382,False,mightydragon9063@mail.ru
EpicLion9064,12876,False,epiclion9064@outlook.com
FireTiger9065,78710,False,firetiger9065@hotmail.com
SwiftHawk9066,19311,False,swifthawk9066@hotmail.com
GoldenFox9067,4675,False,goldenfox9067@yahoo.com
ShadowTiger9068,34268,False,shadowtiger9068@yahoo.com
FireWolf9069,859,False,firewolf9069@gmail.com
ShadowDragon9070,84394,False,shadowdragon9070@mail.ru
ShadowDragon9071,29302,True,shadowdragon9071@outlook.com
FireDragon9072,24279,False,firedragon9072@yahoo.com
FireEagle9073,93253,False,fireeagle9073@gmail.com
EpicFox9074,77850,True,epicfox9074@hotmail.com
SilentTiger9075,67862,False,silenttiger9075@outlook.com
FireViper9076,9636,False,fireviper9076@outlook.com
GoldenHawk9077,78454,False,goldenhawk9077@gmail.com
EpicViper9078,93554,False,epicviper9078@gmail.com
MightyWolf9079,45840,False,mightywolf9079@outlook.com
ShadowShark9080,25232,False,shadowshark9080@gmail.com
EpicShark9081,78786,True,epicshark9081@gmail.com
MightyShark9082,84740,True,mightyshark9082@yahoo.com
SilentTiger9083,36279,False,silenttiger9083@yahoo.com
MightyEagle9084,76634,False,mightyeagle9084@gmail.com
CoolFox9085,73593,False,coolfox9085@outlook.com
IronFox9086,70895,False,ironfox9086@mail.ru
FireHawk9087,15174,True,firehawk9087@hotmail.com
FireFox9088,99127,False,firefox9088@yahoo.com
ShadowShark9089,66722,False,shadowshark9089@outlook.com
SwiftFox9090,4987,False,swiftfox9090@outlook.com
CoolTiger9091,8802,False,cooltiger9091@hotmail.com
CoolBear9092,51820,False,coolbear9092@gmail.com
IronWolf9093,15695,True,ironwolf9093@yahoo.com
IronTiger9094,52123,False,irontiger9094@gmail.com
MightyTiger9095,20238,False,mightytiger9095@outlook.com
SwiftBear9096,42344,False,swiftbear9096@mail.ru
SwiftDragon9097,43499,False,swiftdragon9097@hotmail.com
GoldenFox9098,62610,False,goldenfox9098@gmail.com
GoldenWolf9099,58005,False,goldenwolf9099@yahoo.com
SwiftTiger9100,79770,False,swifttiger9100@hotmail.com
GoldenWolf9101,4352,False,goldenwolf9101@mail.ru
FireShark9102,77608,True,fireshark9102@mail.ru
FireDragon9103,21202,False,firedragon9103@yahoo.com
SilentHawk9104,14278,False,silenthawk9104@gmail.com
DarkEagle9105,2500,False,darkeagle9105@outlook.com
ShadowShark9106,13128,False,shadowshark9106@outlook.com
EpicViper9107,19562,False,epicviper9107@outlook.com
SilentDragon9108,85785,False,silentdragon9108@yahoo.com
MightyBear9109,82110,False,mightybear9109@outlook.com
DarkEagle9110,36905,True,darkeagle9110@yahoo.com
FireTiger9111,77205,False,firetiger9111@outlook.com
GoldenEagle9112,32572,False,goldeneagle9112@hotmail.com
GoldenHawk9113,30900,False,goldenhawk9113@yahoo.com
FireViper9114,94320,False,fireviper9114@yahoo.com
GoldenEagle9115,29585,False,goldeneagle9115@mail.ru
CoolHawk9116,69826,True,coolhawk9116@gmail.com
MightyEagle9117,86008,False,mightyeagle9117@mail.ru
IronHawk9118,50718,False,ironhawk9118@gmail.com
SilentWolf9119,62596,False,silentwolf9119@gmail.com
CoolWolf9120,53742,False,coolwolf9120@mail.ru
GoldenWolf9121,84503,False,goldenwolf9121@mail.ru
IronFox9122,72443,False,ironfox9122@yahoo.com
FireViper9123,94191,False,fireviper9123@mail.ru
MightyDragon9124,79625,False,mightydragon9124@mail.ru
FireEagle9125,48726,False,fireeagle9125@gmail.com
MightyFox9126,52189,False,mightyfox9126@outlook.com
SwiftBear9127,42435,False,swiftbear9127@yahoo.com
GoldenFox9128,77073,False,goldenfox9128@gmail.com
DarkDragon9129,89390,False,darkdragon9129@mail.ru
FireFox9130,23540,False,firefox9130@gmail.com
CoolEagle9131,77983,True,cooleagle9131@yahoo.com
ShadowFox9132,57536,True,shadowfox9132@outlook.com
CoolHawk9133,52171,False,coolhawk9133@yahoo.com
SwiftViper9134,76762,False,swiftviper9134@mail.ru
IronBear9135,72239,True,ironbear9135@hotmail.com
FireDragon9136,4123,False,firedragon9136@gmail.com
IronViper9137,46615,False,ironviper9137@yahoo.com
ShadowWolf9138,74944,False,shadowwolf9138@gmail.com
GoldenDragon9139,74224,False,goldendragon9139@gmail.com
DarkHawk9140,17015,False,darkhawk9140@gmail.com
FireHawk9141,47779,False,firehawk9141@gmail.com
ShadowDragon9142,6876,True,shadowdragon9142@yahoo.com
DarkDragon9143,4563,False,darkdragon9143@outlook.com
MightyDragon9144,9560,True,mightydragon9144@gmail.com
DarkLion9145,23814,False,darklion9145@gmail.com
SilentFox9146,61019,False,silentfox9146@mail.ru
EpicTiger9147,2550,False,epictiger9147@gmail.com
FireWolf9148,72938,False,firewolf9148@gmail.com
ShadowHawk9149,80958,False,shadowhawk9149@outlook.com
GoldenWolf9150,65318,False,goldenwolf9150@mail.ru
MightyEagle9151,38663,False,mightyeagle9151@gmail.com
SwiftHawk9152,41064,False,swifthawk9152@mail.ru
SwiftShark9153,31236,False,swiftshark9153@yahoo.com
MightyViper9154,74718,False,mightyviper9154@mail.ru
CoolDragon9155,932,False,cooldragon9155@mail.ru
EpicDragon9156,82396,False,epicdragon9156@mail.ru
IronDragon9157,91384,False,irondragon9157@mail.ru
GoldenViper9158,16903,False,goldenviper9158@mail.ru
SwiftDragon9159,30705,True,swiftdragon9159@hotmail.com
MightyWolf9160,87526,False,mightywolf9160@gmail.com
ShadowTiger9161,19882,True,shadowtiger9161@mail.ru
EpicWolf9162,61846,False,epicwolf9162@hotmail.com
ShadowLion9163,13782,False,shadowlion9163@outlook.com
SilentTiger9164,83793,False,silenttiger9164@yahoo.com
EpicEagle9165,89507,True,epiceagle9165@yahoo.com
EpicEagle9166,9321,False,epiceagle9166@outlook.com
SwiftTiger9167,3795,True,swifttiger9167@gmail.com
FireDragon9168,67504,False,firedragon9168@outlook.com
SwiftLion9169,3770,False,swiftlion9169@mail.ru
GoldenLion9170,71060,False,goldenlion9170@mail.ru
IronDragon9171,89963,False,irondragon9171@gmail.com
SwiftEagle9172,77292,True,swifteagle9172@outlook.com
ShadowFox9173,40084,False,shadowfox9173@gmail.com
EpicTiger9174,13318,False,epictiger9174@yahoo.com
SilentEagle9175,24947,False,silenteagle9175@outlook.com
EpicHawk9176,61852,True,epichawk9176@outlook.com
DarkTiger9177,81447,False,darktiger9177@hotmail.com
ShadowLion9178,74568,False,shadowlion9178@gmail.com
SilentDragon9179,43721,False,silentdragon9179@outlook.com
IronLion9180,16927,False,ironlion9180@mail.ru
ShadowDragon9181,21146,True,shadowdragon9181@gmail.com
GoldenBear9182,66402,False,goldenbear9182@hotmail.com
FireLion9183,50095,False,firelion9183@yahoo.com
SilentTiger9184,46299,False,silenttiger9184@outlook.com
SilentEagle9185,73970,False,silenteagle9185@outlook.com
MightyTiger9186,28746,False,mightytiger9186@yahoo.com
FireTiger9187,5906,True,firetiger9187@outlook.com
SwiftDragon9188,10786,False,swiftdragon9188@yahoo.com
FireFox9189,85557,False,firefox9189@gmail.com
ShadowTiger9190,13470,False,shadowtiger9190@mail.ru
FireEagle9191,80001,False,fireeagle9191@hotmail.com
EpicDragon9192,34489,False,epicdragon9192@outlook.com
ShadowHawk9193,84768,False,shadowhawk9193@yahoo.com
SwiftHawk9194,70744,False,swifthawk9194@mail.ru
EpicDragon9195,75360,False,epicdragon9195@mail.ru
ShadowFox9196,50036,False,shadowfox9196@mail.ru
DarkBear9197,29131,False,darkbear9197@hotmail.com
MightyViper9198,63830,False,mightyviper9198@gmail.com
SilentWolf9199,33608,True,silentwolf9199@yahoo.com
EpicWolf9200,19323,False,epicwolf9200@yahoo.com
DarkWolf9201,74938,False,darkwolf9201@mail.ru
SilentHawk9202,94547,True,silenthawk9202@gmail.com
SwiftViper9203,81263,False,swiftviper9203@yahoo.com
IronBear9204,74022,True,ironbear9204@gmail.com
EpicViper9205,49845,False,epicviper9205@mail.ru
SilentWolf9206,52753,False,silentwolf9206@mail.ru
CoolLion9207,93734,False,coollion9207@yahoo.com
FireLion9208,32879,False,firelion9208@outlook.com
IronViper9209,53581,True,ironviper9209@hotmail.com
SwiftFox9210,34669,False,swiftfox9210@hotmail.com
SilentShark9211,59724,False,silentshark9211@hotmail.com
IronDragon9212,78453,False,irondragon9212@mail.ru
EpicTiger9213,68389,False,epictiger9213@outlook.com
GoldenHawk9214,70562,False,goldenhawk9214@yahoo.com
CoolEagle9215,21295,False,cooleagle9215@yahoo.com
GoldenBear9216,76114,False,goldenbear9216@hotmail.com
DarkDragon9217,86705,False,darkdragon9217@hotmail.com
SwiftFox9218,51542,False,swiftfox9218@yahoo.com
SwiftDragon9219,44371,False,swiftdragon9219@gmail.com
DarkEagle9220,60972,False,darkeagle9220@yahoo.com
SwiftEagle9221,78849,False,swifteagle9221@outlook.com
SilentLion9222,97379,False,silentlion9222@mail.ru
IronLion9223,96066,False,ironlion9223@hotmail.com
DarkWolf9224,5277,False,darkwolf9224@yahoo.com
ShadowHawk9225,76412,False,shadowhawk9225@gmail.com
SilentDragon9226,31900,False,silentdragon9226@yahoo.com
DarkFox9227,40203,True,darkfox9227@yahoo.com
SilentDragon9228,41158,False,silentdragon9228@yahoo.com
DarkBear9229,97091,False,darkbear9229@gmail.com
MightyHawk9230,32016,False,mightyhawk9230@mail.ru
SwiftWolf9231,40110,False,swiftwolf9231@hotmail.com
MightyWolf9232,55474,False,mightywolf9232@outlook.com
SilentViper9233,68294,False,silentviper9233@hotmail.com
CoolHawk9234,64490,True,coolhawk9234@yahoo.com
DarkHawk9235,83096,False,darkhawk9235@hotmail.com
SilentShark9236,93982,False,silentshark9236@hotmail.com
MightyWolf9237,73015,False,mightywolf9237@outlook.com
MightyFox9238,1444,False,mightyfox9238@gmail.com
ShadowBear9239,42484,False,shadowbear9239@yahoo.com
EpicHawk9240,2880,True,epichawk9240@hotmail.com
ShadowDragon9241,50528,False,shadowdragon9241@hotmail.com
ShadowLion9242,82445,False,shadowlion9242@mail.ru
GoldenShark9243,13947,False,goldenshark9243@outlook.com
FireViper9244,84940,False,fireviper9244@mail.ru
MightyEagle9245,54940,False,mightyeagle9245@yahoo.com
EpicEagle9246,38578,False,epiceagle9246@mail.ru
FireHawk9247,45989,False,firehawk9247@gmail.com
DarkViper9248,84606,False,darkviper9248@mail.ru
DarkEagle9249,27284,False,darkeagle9249@yahoo.com
SwiftFox9250,61763,True,swiftfox9250@gmail.com
EpicShark9251,40603,True,epicshark9251@mail.ru
CoolViper9252,81135,False,coolviper9252@mail.ru
SwiftViper9253,56241,True,swiftviper9253@gmail.com
SwiftWolf9254,56018,False,swiftwolf9254@hotmail.com
SilentDragon9255,73904,False,silentdragon9255@yahoo.com
GoldenShark9256,20006,True,goldenshark9256@gmail.com
SwiftTiger9257,69099,False,swifttiger9257@hotmail.com
SilentViper9258,44470,False,silentviper9258@gmail.com
MightyEagle9259,90579,False,mightyeagle9259@outlook.com
GoldenHawk9260,65230,False,goldenhawk9260@yahoo.com
ShadowWolf9261,59439,False,shadowwolf9261@gmail.com
IronHawk9262,34536,False,ironhawk9262@yahoo.com
EpicBear9263,75136,False,epicbear9263@outlook.com
FireShark9264,3078,False,fireshark9264@hotmail.com
IronWolf9265,10038,True,ironwolf9265@gmail.com
GoldenShark9266,60774,False,goldenshark9266@yahoo.com
IronLion9267,63283,True,ironlion9267@gmail.com
DarkFox9268,89508,False,darkfox9268@hotmail.com
FireBear9269,42186,False,firebear9269@mail.ru
ShadowHawk9270,48031,True,shadowhawk9270@outlook.com
DarkHawk9271,87924,False,darkhawk9271@yahoo.com
GoldenTiger9272,37535,False,goldentiger9272@hotmail.com
SwiftBear9273,19889,False,swiftbear9273@outlook.com
DarkDragon9274,74119,False,darkdragon9274@gmail.com
FireWolf9275,96782,False,firewolf9275@outlook.com
SilentLion9276,76437,False,silentlion9276@mail.ru
FireViper9277,31872,False,fireviper9277@gmail.com
EpicDragon9278,6071,True,epicdragon9278@outlook.com
IronLion9279,52948,True,ironlion9279@hotmail.com
CoolTiger9280,2908,False,cooltiger9280@hotmail.com
EpicDragon9281,66788,False,epicdragon9281@yahoo.com
GoldenEagle9282,-713,False,goldeneagle9282@mail.ru
FireTiger9283,94923,False,firetiger9283@outlook.com
SwiftHawk9284,11183,False,swifthawk9284@mail.ru
EpicFox9285,83893,False,epicfox9285@outlook.com
SwiftViper9286,2986,True,swiftviper9286@outlook.com
MightyTiger9287,84791,False,mightytiger9287@outlook.com
MightyHawk9288,53279,True,mightyhawk9288@outlook.com
GoldenEagle9289,75248,False,goldeneagle9289@yahoo.com
CoolTiger9290,64941,False,cooltiger9290@gmail.com
ShadowShark9291,70053,False,shadowshark9291@yahoo.com
ShadowHawk9292,22355,False,shadowhawk9292@outlook.com
SwiftFox9293,92774,True,swiftfox9293@outlook.com
CoolFox9294,43646,True,coolfox9294@yahoo.com
EpicLion9295,64575,False,epiclion9295@hotmail.com
DarkLion9296,16398,False,darklion9296@gmail.com
DarkLion9297,88871,False,darklion9297@yahoo.com
ShadowShark9298,76628,False,shadowshark9298@mail.ru
IronLion9299,27265,False,ironlion9299@hotmail.com
MightyFox9300,90721,False,mightyfox9300@hotmail.com
GoldenViper9301,68861,False,goldenviper9301@yahoo.com
CoolShark9302,39384,False,coolshark9302@hotmail.com
IronViper9303,51228,False,ironviper9303@gmail.com
IronEagle9304,60208,False,ironeagle9304@mail.ru
EpicTiger9305,59690,False,epictiger9305@hotmail.com
IronViper9306,14880,False,ironviper9306@outlook.com
ShadowTiger9307,86041,True,shadowtiger9307@gmail.com
CoolEagle9308,60819,False,cooleagle9308@yahoo.com
IronDragon9309,31623,False,irondragon9309@yahoo.com
SwiftFox9310,25425,False,swiftfox9310@gmail.com
GoldenViper9311,60787,True,goldenviper9311@hotmail.com
EpicDragon9312,42770,False,epicdragon9312@gmail.com
CoolFox9313,15194,False,coolfox9313@hotmail.com
DarkFox9314,18655,False,darkfox9314@mail.ru
FireHawk9315,69363,False,firehawk9315@hotmail.com
MightyLion9316,55141,False,mightylion9316@mail.ru
SilentBear9317,95036,False,silentbear9317@gmail.com
ShadowTiger9318,19244,False,shadowtiger9318@mail.ru
FireBear9319,45378,False,firebear9319@outlook.com
IronDragon9320,69795,True,irondragon9320@gmail.com
CoolHawk9321,40049,False,coolhawk9321@outlook.com
ShadowDragon9322,29970,True,shadowdragon9322@hotmail.com
MightyEagle9323,49928,False,mightyeagle9323@gmail.com
ShadowShark9324,32212,False,shadowshark9324@hotmail.com
DarkViper9325,16770,True,darkviper9325@yahoo.com
CoolViper9326,45507,True,coolviper9326@mail.ru
SwiftTiger9327,95131,False,swifttiger9327@outlook.com
ShadowShark9328,16481,False,shadowshark9328@yahoo.com
MightyShark9329,76919,False,mightyshark9329@mail.ru
SwiftFox9330,4038,False,swiftfox9330@mail.ru
SwiftBear9331,64427,False,swiftbear9331@mail.ru
IronBear9332,77344,False,ironbear9332@gmail.com
ShadowFox9333,55355,False,shadowfox9333@outlook.com
DarkEagle9334,82133,False,darkeagle9334@gmail.com
CoolHawk9335,3741,False,coolhawk9335@gmail.com
SilentTiger9336,32698,False,silenttiger9336@mail.ru
CoolDragon9337,69994,True,cooldragon9337@yahoo.com
ShadowHawk9338,82437,False,shadowhawk9338@yahoo.com
ShadowHawk9339,24192,False,shadowhawk9339@yahoo.com
SilentShark9340,11056,False,silentshark9340@outlook.com
SilentWolf9341,68397,False,silentwolf9341@mail.ru
GoldenLion9342,26926,False,goldenlion9342@outlook.com
ShadowFox9343,33135,False,shadowfox9343@yahoo.com
ShadowHawk9344,-564,True,shadowhawk9344@yahoo.com
SilentShark9345,87533,False,silentshark9345@gmail.com
SwiftShark9346,11381,False,swiftshark9346@mail.ru
MightyBear9347,99890,False,mightybear9347@hotmail.com
CoolShark9348,61266,False,coolshark9348@yahoo.com
CoolFox9349,29946,False,coolfox9349@gmail.com
DarkShark9350,63079,False,darkshark9350@yahoo.com
ShadowWolf9351,40128,False,shadowwolf9351@hotmail.com
SwiftWolf9352,55524,True,swiftwolf9352@mail.ru
CoolViper9353,69790,False,coolviper9353@mail.ru
GoldenViper9354,36730,False,goldenviper9354@gmail.com
GoldenWolf9355,96834,False,goldenwolf9355@outlook.com
SwiftEagle9356,22119,True,swifteagle9356@yahoo.com
SwiftViper9357,98309,False,swiftviper9357@hotmail.com
EpicDragon9358,91456,False,epicdragon9358@mail.ru
SilentShark9359,58696,False,silentshark9359@yahoo.com
ShadowBear9360,61563,False,shadowbear9360@hotmail.com
SilentLion9361,72062,False,silentlion9361@gmail.com
MightyBear9362,99986,False,mightybear9362@gmail.com
ShadowWolf9363,48765,False,shadowwolf9363@mail.ru
EpicLion9364,40888,True,epiclion9364@mail.ru
CoolViper9365,84595,False,coolviper9365@hotmail.com
CoolTiger9366,33386,False,cooltiger9366@outlook.com
ShadowFox9367,25781,False,shadowfox9367@hotmail.com
FireLion9368,91500,False,firelion9368@outlook.com
IronShark9369,84396,True,ironshark9369@yahoo.com
EpicFox9370,68632,True,epicfox9370@gmail.com
SwiftViper9371,1374,False,swiftviper9371@gmail.com
ShadowEagle9372,42574,False,shadoweagle9372@yahoo.com
ShadowWolf9373,49948,False,shadowwolf9373@mail.ru
SwiftWolf9374,63660,False,swiftwolf9374@outlook.com
CoolViper9375,91025,False,coolviper9375@mail.ru
SilentEagle9376,76998,False,silenteagle9376@outlook.com
EpicTiger9377,34771,False,epictiger9377@outlook.com
IronViper9378,11443,False,ironviper9378@gmail.com
GoldenDragon9379,53987,True,goldendragon9379@gmail.com
GoldenShark9380,-642,False,goldenshark9380@yahoo.com
ShadowHawk9381,66118,False,shadowhawk9381@outlook.com
SilentShark9382,23037,False,silentshark9382@yahoo.com
SilentViper9383,33096,False,silentviper9383@gmail.com
IronShark9384,35206,False,ironshark9384@yahoo.com
MightyHawk9385,28577,True,mightyhawk9385@hotmail.com
SilentHawk9386,92724,False,silenthawk9386@hotmail.com
CoolLion9387,16701,False,coollion9387@mail.ru
MightyDragon9388,84009,False,mightydragon9388@yahoo.com
SwiftFox9389,79321,False,swiftfox9389@mail.ru
EpicWolf9390,67317,False,epicwolf9390@outlook.com
DarkTiger9391,39722,True,darktiger9391@gmail.com
GoldenViper9392,25927,False,goldenviper9392@outlook.com
ShadowHawk9393,6946,False,shadowhawk9393@outlook.com
CoolLion9394,86967,False,coollion9394@gmail.com
MightyFox9395,62397,False,mightyfox9395@outlook.com
MightyDragon9396,92577,False,mightydragon9396@hotmail.com
SilentFox9397,9798,False,silentfox9397@outlook.com
CoolViper9398,35533,False,coolviper9398@gmail.com
CoolWolf9399,47754,False,coolwolf9399@hotmail.com
DarkWolf9400,40434,False,darkwolf9400@outlook.com
FireWolf9401,6474,False,firewolf9401@yahoo.com
GoldenEagle9402,93565,False,goldeneagle9402@hotmail.com
EpicHawk9403,72686,True,epichawk9403@outlook.com
EpicShark9404,3301,False,epicshark9404@hotmail.com
IronEagle9405,98652,False,ironeagle9405@gmail.com
MightyShark9406,23741,False,mightyshark9406@hotmail.com
ShadowViper9407,76960,False,shadowviper9407@gmail.com
GoldenDragon9408,51965,True,goldendragon9408@hotmail.com
DarkEagle9409,71916,True,darkeagle9409@gmail.com
IronShark9410,53659,True,ironshark9410@outlook.com
ShadowWolf9411,59436,False,shadowwolf9411@yahoo.com
GoldenFox9412,89504,False,goldenfox9412@outlook.com
MightyLion9413,56746,True,mightylion9413@hotmail.com
IronLion9414,63099,False,ironlion9414@gmail.com
SilentHawk9415,46637,False,silenthawk9415@gmail.com
CoolFox9416,21973,False,coolfox9416@yahoo.com
CoolLion9417,53454,True,coollion9417@hotmail.com
MightyHawk9418,50309,True,mightyhawk9418@mail.ru
IronHawk9419,13808,False,ironhawk9419@gmail.com
CoolHawk9420,22836,False,coolhawk9420@mail.ru
EpicBear9421,19998,True,epicbear9421@outlook.com
GoldenViper9422,31697,True,goldenviper9422@yahoo.com
GoldenLion9423,84905,False,goldenlion9423@hotmail.com
DarkFox9424,81018,False,darkfox9424@yahoo.com
SwiftDragon9425,45894,False,swiftdragon9425@outlook.com
FireWolf9426,61936,True,firewolf9426@outlook.com
DarkViper9427,42520,True,darkviper9427@gmail.com
GoldenLion9428,61125,False,goldenlion9428@gmail.com
ShadowDragon9429,64818,False,shadowdragon9429@outlook.com
GoldenEagle9430,17092,False,goldeneagle9430@yahoo.com
CoolShark9431,65798,False,coolshark9431@outlook.com
MightyShark9432,47594,False,mightyshark9432@yahoo.com
EpicBear9433,96223,True,epicbear9433@yahoo.com
SilentLion9434,64077,True,silentlion9434@outlook.com
GoldenBear9435,63089,False,goldenbear9435@gmail.com
ShadowHawk9436,17342,False,shadowhawk9436@yahoo.com
DarkFox9437,11417,False,darkfox9437@outlook.com
ShadowEagle9438,31103,False,shadoweagle9438@mail.ru
FireShark9439,52548,False,fireshark9439@hotmail.com
GoldenHawk9440,45375,False,goldenhawk9440@yahoo.com
GoldenTiger9441,92057,False,goldentiger9441@yahoo.com
FireLion9442,94503,False,firelion9442@outlook.com
IronTiger9443,16189,False,irontiger9443@outlook.com
CoolLion9444,50787,True,coollion9444@yahoo.com
CoolEagle9445,3178,True,cooleagle9445@outlook.com
ShadowHawk9446,40612,False,shadowhawk9446@gmail.com
ShadowWolf9447,7598,False,shadowwolf9447@hotmail.com
ShadowWolf9448,81073,False,shadowwolf9448@mail.ru
MightyFox9449,40292,False,mightyfox9449@gmail.com
CoolLion9450,4128,False,coollion9450@hotmail.com
GoldenDragon9451,69651,False,goldendragon9451@hotmail.com
EpicHawk9452,15873,False,epichawk9452@mail.ru
MightyWolf9453,22249,False,mightywolf9453@outlook.com
FireLion9454,26629,True,firelion9454@mail.ru
SwiftBear9455,76753,False,swiftbear9455@outlook.com
IronViper9456,45068,False,ironviper9456@mail.ru
ShadowShark9457,76389,False,shadowshark9457@yahoo.com
SilentDragon9458,4395,False,silentdragon9458@hotmail.com
SilentTiger9459,52855,False,silenttiger9459@yahoo.com
DarkDragon9460,5757,True,darkdragon9460@hotmail.com
GoldenHawk9461,48671,False,goldenhawk9461@mail.ru
MightyShark9462,54238,True,mightyshark9462@yahoo.com
FireFox9463,50386,False,firefox9463@mail.ru
CoolTiger9464,68148,False,cooltiger9464@outlook.com
SilentTiger9465,23495,False,silenttiger9465@gmail.com
GoldenHawk9466,23955,False,goldenhawk9466@gmail.com
ShadowViper9467,90501,False,shadowviper9467@hotmail.com
ShadowShark9468,84355,False,shadowshark9468@mail.ru
FireWolf9469,80820,False,firewolf9469@outlook.com
CoolFox9470,43040,False,coolfox9470@yahoo.com
IronHawk9471,87960,False,ironhawk9471@hotmail.com
ShadowLion9472,41448,False,shadowlion9472@mail.ru
FireLion9473,72406,False,firelion9473@gmail.com
SwiftTiger9474,26106,False,swifttiger9474@outlook.com
SilentViper9475,56405,False,silentviper9475@gmail.com
FireTiger9476,56963,False,firetiger9476@mail.ru
SilentDragon9477,95518,False,silentdragon9477@gmail.com
ShadowFox9478,55847,False,shadowfox9478@mail.ru
EpicBear9479,80365,False,epicbear9479@gmail.com
IronBear9480,55483,False,ironbear9480@mail.ru
DarkWolf9481,76458,False,darkwolf9481@yahoo.com
DarkHawk9482,87892,False,darkhawk9482@mail.ru
CoolShark9483,74031,False,coolshark9483@mail.ru
ShadowBear9484,21527,False,shadowbear9484@yahoo.com
ShadowHawk9485,61583,True,shadowhawk9485@outlook.com
DarkViper9486,3314,False,darkviper9486@yahoo.com
ShadowBear9487,43255,False,shadowbear9487@yahoo.com
FireEagle9488,26583,True,fireeagle9488@yahoo.com
GoldenTiger9489,33915,False,goldentiger9489@gmail.com
FireFox9490,96076,False,firefox9490@outlook.com
SilentWolf9491,65425,True,silentwolf9491@yahoo.com
DarkLion9492,59294,False,darklion9492@outlook.com
EpicTiger9493,71556,False,epictiger9493@mail.ru
CoolViper9494,39149,False,coolviper9494@outlook.com
GoldenWolf9495,97316,False,goldenwolf9495@hotmail.com
DarkBear9496,49160,False,darkbear9496@hotmail.com
EpicDragon9497,82943,False,epicdragon9497@gmail.com
CoolEagle9498,28519,True,cooleagle9498@hotmail.com
CoolShark9499,14395,False,coolshark9499@hotmail.com
GoldenTiger9500,29132,True,goldentiger9500@gmail.com
ShadowViper9501,79592,False,shadowviper9501@gmail.com
GoldenHawk9502,27169,False,goldenhawk9502@gmail.com
IronTiger9503,80464,True,irontiger9503@mail.ru
FireFox9504,8444,False,firefox9504@yahoo.com
GoldenFox9505,26784,False,goldenfox9505@hotmail.com
FireHawk9506,37454,False,firehawk9506@hotmail.com
MightyFox9507,4751,False,mightyfox9507@mail.ru
IronShark9508,11469,False,ironshark9508@hotmail.com
CoolLion9509,28419,False,coollion9509@yahoo.com
FireEagle9510,8275,False,fireeagle9510@hotmail.com
ShadowHawk9511,19362,True,shadowhawk9511@gmail.com
DarkViper9512,2593,True,darkviper9512@gmail.com
SwiftWolf9513,53726,False,swiftwolf9513@hotmail.com
SwiftShark9514,38972,False,swiftshark9514@hotmail.com
SilentWolf9515,36289,False,silentwolf9515@yahoo.com
MightyDragon9516,72355,True,mightydragon9516@hotmail.com
SilentLion9517,12835,False,silentlion9517@outlook.com
MightyDragon9518,93435,False,mightydragon9518@gmail.com
GoldenHawk9519,6286,False,goldenhawk9519@mail.ru
FireFox9520,41169,False,firefox9520@hotmail.com
EpicBear9521,57229,False,epicbear9521@yahoo.com
GoldenShark9522,11459,False,goldenshark9522@yahoo.com
FireTiger9523,36392,True,firetiger9523@mail.ru
EpicFox9524,23485,False,epicfox9524@hotmail.com
SwiftFox9525,22351,False,swiftfox9525@outlook.com
IronDragon9526,29344,False,irondragon9526@gmail.com
CoolHawk9527,21753,False,coolhawk9527@outlook.com
IronBear9528,37421,False,ironbear9528@hotmail.com
EpicEagle9529,27799,True,epiceagle9529@mail.ru
EpicDragon9530,84663,False,epicdragon9530@yahoo.com
CoolWolf9531,67957,True,coolwolf9531@gmail.com
SilentDragon9532,22112,False,silentdragon9532@outlook.com
SilentShark9533,94982,False,silentshark9533@hotmail.com
IronBear9534,33343,False,ironbear9534@hotmail.com
ShadowViper9535,91006,True,shadowviper9535@yahoo.com
CoolEagle9536,44135,False,cooleagle9536@hotmail.com
CoolLion9537,43720,False,coollion9537@outlook.com
ShadowHawk9538,31022,False,shadowhawk9538@yahoo.com
GoldenFox9539,63476,False,goldenfox9539@outlook.com
SwiftFox9540,95492,False,swiftfox9540@mail.ru
DarkLion9541,86419,False,darklion9541@yahoo.com
IronHawk9542,73449,False,ironhawk9542@outlook.com
SwiftHawk9543,61179,True,swifthawk9543@hotmail.com
CoolLion9544,72102,False,coollion9544@hotmail.com
FireHawk9545,7204,False,firehawk9545@yahoo.com
ShadowWolf9546,6356,False,shadowwolf9546@hotmail.com
ShadowDragon9547,96899,False,shadowdragon9547@outlook.com
DarkWolf9548,57845,True,darkwolf9548@hotmail.com
EpicShark9549,17973,False,epicshark9549@outlook.com
GoldenShark9550,77629,False,goldenshark9550@gmail.com
FireLion9551,30604,False,firelion9551@outlook.com
SilentHawk9552,9546,False,silenthawk9552@yahoo.com
IronEagle9553,87464,False,ironeagle9553@outlook.com
GoldenViper9554,89738,False,goldenviper9554@gmail.com
EpicLion9555,5697,True,epiclion9555@hotmail.com
CoolDragon9556,98558,False,cooldragon9556@yahoo.com
MightyDragon9557,75191,False,mightydragon9557@hotmail.com
EpicWolf9558,93035,False,epicwolf9558@outlook.com
MightyBear9559,87955,True,mightybear9559@gmail.com
DarkEagle9560,41383,False,darkeagle9560@mail.ru
SilentLion9561,10470,True,silentlion9561@yahoo.com
GoldenLion9562,65534,False,goldenlion9562@gmail.com
GoldenHawk9563,16170,False,goldenhawk9563@yahoo.com
FireFox9564,52968,True,firefox9564@outlook.com
EpicFox9565,26937,True,epicfox9565@gmail.com
MightyBear9566,85036,False,mightybear9566@hotmail.com
MightyViper9567,20666,False,mightyviper9567@hotmail.com
IronTiger9568,75583,True,irontiger9568@hotmail.com
CoolViper9569,2612,True,coolviper9569@mail.ru
DarkTiger9570,75284,False,darktiger9570@gmail.com
CoolFox9571,3964,False,coolfox9571@outlook.com
IronBear9572,24267,False,ironbear9572@outlook.com
SwiftViper9573,47954,False,swiftviper9573@mail.ru
ShadowWolf9574,71883,False,shadowwolf9574@outlook.com
MightyDragon9575,61844,False,mightydragon9575@gmail.com
MightyHawk9576,7643,False,mightyhawk9576@outlook.com
CoolViper9577,40495,True,coolviper9577@hotmail.com
SwiftHawk9578,21249,True,swifthawk9578@gmail.com
CoolHawk9579,72076,False,coolhawk9579@gmail.com
SwiftViper9580,61727,False,swiftviper9580@outlook.com
SwiftFox9581,92321,False,swiftfox9581@outlook.com
ShadowWolf9582,76311,False,shadowwolf9582@outlook.com
EpicFox9583,59074,False,epicfox9583@outlook.com
EpicHawk9584,14793,False,epichawk9584@outlook.com
CoolDragon9585,83555,True,cooldragon9585@yahoo.com
IronWolf9586,13874,False,ironwolf9586@hotmail.com
IronFox9587,49806,False,ironfox9587@outlook.com
SwiftLion9588,31770,False,swiftlion9588@gmail.com
SwiftViper9589,79225,False,swiftviper9589@outlook.com
DarkTiger9590,91130,False,darktiger9590@outlook.com
IronViper9591,53235,True,ironviper9591@outlook.com
IronEagle9592,50909,False,ironeagle9592@outlook.com
GoldenShark9593,98107,False,goldenshark9593@yahoo.com
MightyShark9594,63140,False,mightyshark9594@hotmail.com
FireViper9595,11077,False,fireviper9595@yahoo.com
SilentBear9596,49421,False,silentbear9596@mail.ru
SwiftFox9597,81246,False,swiftfox9597@yahoo.com
ShadowWolf9598,19685,False,shadowwolf9598@mail.ru
EpicWolf9599,48465,True,epicwolf9599@hotmail.com
CoolViper9600,70812,False,coolviper9600@gmail.com
CoolLion9601,6615,True,coollion9601@outlook.com
DarkEagle9602,38101,True,darkeagle9602@outlook.com
CoolTiger9603,51271,False,cooltiger9603@mail.ru
MightyViper9604,65903,False,mightyviper9604@mail.ru
CoolHawk9605,38851,True,coolhawk9605@outlook.com
SwiftEagle9606,25432,False,swifteagle9606@yahoo.com
CoolFox9607,15797,False,coolfox9607@gmail.com
SilentHawk9608,67747,True,silenthawk9608@mail.ru
CoolShark9609,50001,False,coolshark9609@gmail.com
ShadowWolf9610,36484,False,shadowwolf9610@outlook.com
MightyLion9611,43436,False,mightylion9611@mail.ru
FireTiger9612,89023,False,firetiger9612@yahoo.com
EpicHawk9613,37511,False,epichawk9613@hotmail.com
EpicDragon9614,16987,False,epicdragon9614@hotmail.com
IronViper9615,43802,True,ironviper9615@hotmail.com
IronLion9616,22962,False,ironlion9616@hotmail.com
EpicWolf9617,26947,False,epicwolf9617@outlook.com
SilentFox9618,89423,False,silentfox9618@mail.ru
ShadowBear9619,82696,True,shadowbear9619@hotmail.com
CoolViper9620,72715,True,coolviper9620@yahoo.com
CoolTiger9621,62173,False,cooltiger9621@outlook.com
MightyViper9622,32603,True,mightyviper9622@outlook.com
SilentViper9623,12405,False,silentviper9623@mail.ru
FireBear9624,6807,False,firebear9624@mail.ru
GoldenHawk9625,83281,True,goldenhawk9625@outlook.com
CoolShark9626,63961,False,coolshark9626@hotmail.com
ShadowShark9627,94284,False,shadowshark9627@yahoo.com
DarkFox9628,67469,False,darkfox9628@yahoo.com
ShadowHawk9629,7384,False,shadowhawk9629@mail.ru
ShadowBear9630,49947,False,shadowbear9630@gmail.com
ShadowFox9631,73567,False,shadowfox9631@outlook.com
GoldenShark9632,74571,False,goldenshark9632@gmail.com
MightyEagle9633,5824,False,mightyeagle9633@yahoo.com
GoldenTiger9634,20274,False,goldentiger9634@gmail.com
MightyTiger9635,70411,False,mightytiger9635@gmail.com
DarkHawk9636,16387,True,darkhawk9636@mail.ru
FireBear9637,83645,False,firebear9637@yahoo.com
SwiftWolf9638,69337,False,swiftwolf9638@outlook.com
CoolTiger9639,11753,False,cooltiger9639@hotmail.com
EpicBear9640,72584,False,epicbear9640@outlook.com
SwiftBear9641,78017,False,swiftbear9641@mail.ru
EpicBear9642,10852,True,epicbear9642@outlook.com
IronBear9643,98234,True,ironbear9643@yahoo.com
EpicViper9644,705,False,epicviper9644@mail.ru
MightyFox9645,72224,False,mightyfox9645@yahoo.com
MightyBear9646,74493,True,mightybear9646@yahoo.com
IronFox9647,54879,True,ironfox9647@gmail.com
SilentLion9648,60746,False,silentlion9648@mail.ru
MightyBear9649,36361,False,mightybear9649@yahoo.com
SwiftDragon9650,79525,True,swiftdragon9650@mail.ru
ShadowViper9651,89516,False,shadowviper9651@mail.ru
DarkBear9652,60015,False,darkbear9652@hotmail.com
CoolViper9653,7376,False,coolviper9653@yahoo.com
CoolLion9654,58409,False,coollion9654@gmail.com
DarkEagle9655,42127,False,darkeagle9655@outlook.com
SilentBear9656,2366,False,silentbear9656@outlook.com
EpicTiger9657,83183,False,epictiger9657@yahoo.com
EpicBear9658,78028,False,epicbear9658@gmail.com
MightyDragon9659,69821,False,mightydragon9659@hotmail.com
IronHawk9660,25304,False,ironhawk9660@hotmail.com
EpicFox9661,88023,False,epicfox9661@yahoo.com
SilentWolf9662,33806,False,silentwolf9662@yahoo.com
GoldenHawk9663,68915,False,goldenhawk9663@mail.ru
SilentEagle9664,56779,False,silenteagle9664@hotmail.com
GoldenEagle9665,59043,False,goldeneagle9665@mail.ru
MightyDragon9666,25076,False,mightydragon9666@outlook.com
DarkLion9667,39416,False,darklion9667@hotmail.com
SilentFox9668,44457,False,silentfox9668@yahoo.com
MightyFox9669,72716,False,mightyfox9669@outlook.com
SwiftWolf9670,24604,True,swiftwolf9670@mail.ru
GoldenEagle9671,56703,False,goldeneagle9671@hotmail.com
MightyShark9672,74509,True,mightyshark9672@mail.ru
IronLion9673,66947,False,ironlion9673@yahoo.com
SilentTiger9674,93336,True,silenttiger9674@mail.ru
DarkViper9675,52813,False,darkviper9675@mail.ru
FireFox9676,40174,False,firefox9676@mail.ru
GoldenEagle9677,50482,False,goldeneagle9677@mail.ru
MightyHawk9678,89083,False,mightyhawk9678@hotmail.com
MightyLion9679,67518,False,mightylion9679@yahoo.com
SilentBear9680,97213,False,silentbear9680@gmail.com
IronLion9681,74127,False,ironlion9681@yahoo.com
FireBear9682,93662,True,firebear9682@outlook.com
EpicLion9683,66959,False,epiclion9683@mail.ru
DarkLion9684,89238,False,darklion9684@outlook.com
MightyViper9685,30937,True,mightyviper9685@hotmail.com
GoldenDragon9686,23778,False,goldendragon9686@hotmail.com
MightyTiger9687,41349,False,mightytiger9687@gmail.com
EpicEagle9688,92167,True,epiceagle9688@yahoo.com
ShadowDragon9689,98967,False,shadowdragon9689@yahoo.com
SwiftBear9690,5745,False,swiftbear9690@gmail.com
GoldenLion9691,20658,False,goldenlion9691@outlook.com
EpicBear9692,90700,False,epicbear9692@gmail.com
ShadowTiger9693,51866,False,shadowtiger9693@outlook.com
FireHawk9694,27961,False,firehawk9694@yahoo.com
SilentLion9695,21463,False,silentlion9695@gmail.com
DarkViper9696,44534,False,darkviper9696@yahoo.com
DarkFox9697,60966,True,darkfox9697@outlook.com
MightyViper9698,32846,False,mightyviper9698@yahoo.com
GoldenWolf9699,84154,True,goldenwolf9699@outlook.com
DarkDragon9700,78533,False,darkdragon9700@gmail.com
FireFox9701,45905,False,firefox9701@mail.ru
SwiftTiger9702,78690,False,swifttiger9702@gmail.com
ShadowWolf9703,47944,False,shadowwolf9703@yahoo.com
FireLion9704,8428,False,firelion9704@outlook.com
IronBear9705,2304,False,ironbear9705@outlook.com
MightyLion9706,30803,False,mightylion9706@yahoo.com
MightyShark9707,82019,True,mightyshark9707@hotmail.com
CoolLion9708,67262,False,coollion9708@mail.ru
EpicShark9709,87201,False,epicshark9709@mail.ru
DarkShark9710,69196,False,darkshark9710@mail.ru
ShadowFox9711,10396,False,shadowfox9711@outlook.com
GoldenViper9712,36265,False,goldenviper9712@gmail.com
IronViper9713,37997,False,ironviper9713@yahoo.com
IronWolf9714,59450,False,ironwolf9714@yahoo.com
MightyWolf9715,33519,True,mightywolf9715@outlook.com
ShadowDragon9716,29808,False,shadowdragon9716@hotmail.com
FireHawk9717,58402,False,firehawk9717@mail.ru
ShadowLion9718,39131,False,shadowlion9718@hotmail.com
FireHawk9719,48503,False,firehawk9719@yahoo.com
ShadowEagle9720,19024,False,shadoweagle9720@outlook.com
SwiftEagle9721,7325,False,swifteagle9721@hotmail.com
DarkLion9722,52652,False,darklion9722@yahoo.com
MightyDragon9723,53886,False,mightydragon9723@yahoo.com
GoldenWolf9724,57064,False,goldenwolf9724@yahoo.com
DarkBear9725,50108,False,darkbear9725@outlook.com
GoldenWolf9726,35333,True,goldenwolf9726@hotmail.com
SwiftEagle9727,86478,True,swifteagle9727@outlook.com
SwiftHawk9728,19981,False,swifthawk9728@mail.ru
IronBear9729,4349,False,ironbear9729@yahoo.com
ShadowFox9730,99051,True,shadowfox9730@hotmail.com
IronBear9731,74155,False,ironbear9731@outlook.com
SwiftBear9732,41184,False,swiftbear9732@outlook.com
IronLion9733,9412,False,ironlion9733@hotmail.com
MightyWolf9734,70307,True,mightywolf9734@hotmail.com
ShadowTiger9735,91356,True,shadowtiger9735@hotmail.com
GoldenViper9736,88725,False,goldenviper9736@yahoo.com
GoldenWolf9737,4492,False,goldenwolf9737@gmail.com
SilentDragon9738,27423,False,silentdragon9738@yahoo.com
FireViper9739,38371,False,fireviper9739@gmail.com
SilentShark9740,25709,False,silentshark9740@yahoo.com
EpicLion9741,24464,False,epiclion9741@yahoo.com
IronHawk9742,46645,False,ironhawk9742@outlook.com
DarkLion9743,48387,True,darklion9743@outlook.com
IronBear9744,80532,False,ironbear9744@gmail.com
SilentHawk9745,15644,False,silenthawk9745@yahoo.com
GoldenHawk9746,38844,False,goldenhawk9746@hotmail.com
SilentDragon9747,13042,False,silentdragon9747@hotmail.com
CoolDragon9748,93212,True,cooldragon9748@mail.ru
SwiftEagle9749,43833,True,swifteagle9749@mail.ru
SilentHawk9750,26966,False,silenthawk9750@mail.ru
FireBear9751,48944,False,firebear9751@hotmail.com
EpicEagle9752,11177,True,epiceagle9752@outlook.com
FireTiger9753,16522,False,firetiger9753@gmail.com
EpicBear9754,19040,False,epicbear9754@mail.ru
IronTiger9755,4273,True,irontiger9755@yahoo.com
SilentViper9756,4144,False,silentviper9756@hotmail.com
SwiftViper9757,72611,True,swiftviper9757@mail.ru
MightyEagle9758,29345,False,mightyeagle9758@yahoo.com
SilentBear9759,41025,True,silentbear9759@gmail.com
SilentWolf9760,42188,False,silentwolf9760@outlook.com
ShadowViper9761,3544,False,shadowviper9761@gmail.com
SilentViper9762,75436,False,silentviper9762@mail.ru
CoolWolf9763,45435,False,coolwolf9763@outlook.com
CoolShark9764,84016,False,coolshark9764@outlook.com
MightyHawk9765,93621,False,mightyhawk9765@gmail.com
CoolBear9766,97227,True,coolbear9766@hotmail.com
GoldenWolf9767,51054,False,goldenwolf9767@mail.ru
DarkHawk9768,15703,False,darkhawk9768@outlook.com
SwiftShark9769,33831,False,swiftshark9769@yahoo.com
DarkHawk9770,33144,False,darkhawk9770@outlook.com
MightyBear9771,40387,False,mightybear9771@mail.ru
MightyEagle9772,65501,False,mightyeagle9772@outlook.com
ShadowShark9773,71866,False,shadowshark9773@yahoo.com
GoldenBear9774,50358,False,goldenbear9774@mail.ru
EpicShark9775,30069,True,epicshark9775@mail.ru
CoolLion9776,50810,False,coollion9776@mail.ru
DarkFox9777,55773,False,darkfox9777@yahoo.com
MightyViper9778,-232,False,mightyviper9778@mail.ru
MightyViper9779,26751,False,mightyviper9779@hotmail.com
DarkShark9780,83021,False,darkshark9780@hotmail.com
FireLion9781,14583,True,firelion9781@yahoo.com
IronDragon9782,64928,False,irondragon9782@outlook.com
FireEagle9783,84878,False,fireeagle9783@hotmail.com
MightyEagle9784,12766,False,mightyeagle9784@outlook.com
SwiftHawk9785,6102,False,swifthawk9785@outlook.com
FireHawk9786,73358,False,firehawk9786@yahoo.com
SwiftWolf9787,92440,False,swiftwolf9787@yahoo.com
ShadowFox9788,83860,True,shadowfox9788@gmail.com
FireBear9789,14499,False,firebear9789@outlook.com
SwiftShark9790,39857,True,swiftshark9790@gmail.com
IronTiger9791,29018,False,irontiger9791@mail.ru
MightyShark9792,76264,False,mightyshark9792@mail.ru
DarkShark9793,79882,True,darkshark9793@hotmail.com
FireEagle9794,55089,False,fireeagle9794@gmail.com
EpicDragon9795,42907,False,epicdragon9795@outlook.com
FireTiger9796,71879,False,firetiger9796@mail.ru
GoldenWolf9797,19991,False,goldenwolf9797@mail.ru
CoolViper9798,60061,False,coolviper9798@hotmail.com
MightyHawk9799,60741,False,mightyhawk9799@yahoo.com
MightyViper9800,58220,False,mightyviper9800@mail.ru
SwiftWolf9801,-922,True,swiftwolf9801@hotmail.com
EpicLion9802,74129,False,epiclion9802@mail.ru
EpicWolf9803,41603,False,epicwolf9803@mail.ru
MightyHawk9804,1837,False,mightyhawk9804@yahoo.com
DarkLion9805,78591,False,darklion9805@yahoo.com
ShadowViper9806,33855,True,shadowviper9806@mail.ru
FireBear9807,56746,True,firebear9807@hotmail.com
SwiftEagle9808,3104,False,swifteagle9808@outlook.com
SilentTiger9809,41796,False,silenttiger9809@yahoo.com
SwiftHawk9810,90418,True,swifthawk9810@mail.ru
GoldenFox9811,8160,False,goldenfox9811@yahoo.com
CoolDragon9812,15956,False,cooldragon9812@yahoo.com
GoldenViper9813,29714,False,goldenviper9813@gmail.com
DarkEagle9814,42425,False,darkeagle9814@hotmail.com
SwiftTiger9815,22412,False,swifttiger9815@gmail.com
SilentViper9816,20664,False,silentviper9816@mail.ru
EpicTiger9817,55946,False,epictiger9817@gmail.com
FireBear9818,9242,False,firebear9818@yahoo.com
DarkEagle9819,30617,False,darkeagle9819@gmail.com
IronTiger9820,21382,False,irontiger9820@hotmail.com
CoolFox9821,32759,False,coolfox9821@hotmail.com
EpicDragon9822,27709,False,epicdragon9822@yahoo.com
EpicLion9823,24157,False,epiclion9823@outlook.com
GoldenWolf9824,52499,False,goldenwolf9824@outlook.com
FireDragon9825,20332,False,firedragon9825@yahoo.com
CoolEagle9826,12329,False,cooleagle9826@outlook.com
IronShark9827,11862,False,ironshark9827@gmail.com
SilentWolf9828,60981,False,silentwolf9828@gmail.com
EpicViper9829,99076,False,epicviper9829@outlook.com
EpicShark9830,55114,False,epicshark9830@gmail.com
ShadowFox9831,30560,False,shadowfox9831@mail.ru
MightyShark9832,41406,True,mightyshark9832@gmail.com
FireTiger9833,65924,False,firetiger9833@mail.ru
SilentShark9834,42719,False,silentshark9834@outlook.com
DarkLion9835,44732,False,darklion9835@mail.ru
GoldenFox9836,79066,False,goldenfox9836@outlook.com
FireTiger9837,21588,False,firetiger9837@hotmail.com
ShadowFox9838,61997,False,shadowfox9838@gmail.com
GoldenHawk9839,45901,False,goldenhawk9839@hotmail.com
GoldenWolf9840,82364,False,goldenwolf9840@mail.ru
GoldenDragon9841,-318,True,goldendragon9841@gmail.com
FireEagle9842,20517,False,fireeagle9842@outlook.com
DarkHawk9843,20692,False,darkhawk9843@mail.ru
SwiftDragon9844,87111,True,swiftdragon9844@mail.ru
IronTiger9845,47310,True,irontiger9845@mail.ru
FireEagle9846,3838,False,fireeagle9846@mail.ru
ShadowEagle9847,63145,False,shadoweagle9847@gmail.com
MightyDragon9848,41567,False,mightydragon9848@hotmail.com
SwiftViper9849,80230,True,swiftviper9849@gmail.com
IronFox9850,30199,False,ironfox9850@yahoo.com
DarkFox9851,27884,False,darkfox9851@outlook.com
DarkViper9852,15025,True,darkviper9852@yahoo.com
DarkWolf9853,5169,False,darkwolf9853@gmail.com
IronBear9854,25071,False,ironbear9854@hotmail.com
IronViper9855,93023,False,ironviper9855@mail.ru
DarkBear9856,77925,False,darkbear9856@hotmail.com
GoldenBear9857,60634,False,goldenbear9857@outlook.com
DarkEagle9858,74294,False,darkeagle9858@outlook.com
ShadowTiger9859,2198,False,shadowtiger9859@yahoo.com
EpicDragon9860,62348,False,epicdragon9860@yahoo.com
SwiftFox9861,14564,False,swiftfox9861@outlook.com
SwiftShark9862,30935,True,swiftshark9862@hotmail.com
SilentLion9863,6504,False,silentlion9863@yahoo.com
CoolWolf9864,28135,False,coolwolf9864@gmail.com
ShadowShark9865,46754,True,shadowshark9865@yahoo.com
CoolFox9866,6869,False,coolfox9866@gmail.com
EpicFox9867,95375,False,epicfox9867@mail.ru
ShadowTiger9868,78207,False,shadowtiger9868@yahoo.com
FireDragon9869,77461,False,firedragon9869@gmail.com
IronWolf9870,79488,True,ironwolf9870@yahoo.com
CoolEagle9871,63812,False,cooleagle9871@gmail.com
IronLion9872,66491,False,ironlion9872@gmail.com
SwiftShark9873,11356,False,swiftshark9873@hotmail.com
EpicBear9874,27971,False,epicbear9874@mail.ru
MightyEagle9875,61560,False,mightyeagle9875@mail.ru
SilentHawk9876,11936,False,silenthawk9876@mail.ru
FireDragon9877,45047,False,firedragon9877@outlook.com
FireBear9878,8907,False,firebear9878@hotmail.com
IronFox9879,69947,False,ironfox9879@mail.ru
SwiftFox9880,30886,True,swiftfox9880@hotmail.com
DarkLion9881,31283,False,darklion9881@hotmail.com
SilentTiger9882,37953,False,silenttiger9882@yahoo.com
GoldenEagle9883,60383,False,goldeneagle9883@mail.ru
ShadowWolf9884,70178,False,shadowwolf9884@yahoo.com
EpicEagle9885,62413,False,epiceagle9885@gmail.com
DarkFox9886,74779,False,darkfox9886@gmail.com
IronBear9887,96228,True,ironbear9887@hotmail.com
CoolViper9888,74240,False,coolviper9888@outlook.com
DarkShark9889,64979,False,darkshark9889@mail.ru
MightyDragon9890,52561,False,mightydragon9890@gmail.com
SilentEagle9891,74037,False,silenteagle9891@mail.ru
CoolViper9892,98129,True,coolviper9892@hotmail.com
SwiftTiger9893,25717,False,swifttiger9893@mail.ru
IronHawk9894,49519,False,ironhawk9894@gmail.com
IronEagle9895,48174,False,ironeagle9895@mail.ru
SwiftTiger9896,98380,False,swifttiger9896@hotmail.com
FireWolf9897,15484,True,firewolf9897@mail.ru
IronWolf9898,48083,False,ironwolf9898@mail.ru
SilentTiger9899,38994,False,silenttiger9899@gmail.com
CoolBear9900,68431,False,coolbear9900@outlook.com
SilentFox9901,11116,False,silentfox9901@yahoo.com
SilentViper9902,54616,False,silentviper9902@gmail.com
SilentHawk9903,92776,True,silenthawk9903@yahoo.com
GoldenShark9904,23937,False,goldenshark9904@mail.ru
SilentViper9905,85420,False,silentviper9905@gmail.com
FireWolf9906,27784,True,firewolf9906@gmail.com
ShadowDragon9907,49378,False,shadowdragon9907@gmail.com
IronEagle9908,36992,False,ironeagle9908@yahoo.com
DarkViper9909,37833,False,darkviper9909@gmail.com
FireDragon9910,41835,True,firedragon9910@gmail.com
ShadowDragon9911,80038,False,shadowdragon9911@gmail.com
SwiftShark9912,41629,False,swiftshark9912@mail.ru
GoldenDragon9913,28552,True,goldendragon9913@hotmail.com
FireWolf9914,5333,True,firewolf9914@mail.ru
IronViper9915,39278,False,ironviper9915@yahoo.com
SilentTiger9916,57817,False,silenttiger9916@hotmail.com
CoolWolf9917,55369,False,coolwolf9917@mail.ru
CoolTiger9918,42061,False,cooltiger9918@hotmail.com
GoldenDragon9919,74229,False,goldendragon9919@mail.ru
EpicHawk9920,16262,False,epichawk9920@outlook.com
GoldenLion9921,59434,True,goldenlion9921@mail.ru
GoldenShark9922,37002,False,goldenshark9922@mail.ru
IronLion9923,-974,False,ironlion9923@yahoo.com
SwiftViper9924,30460,True,swiftviper9924@outlook.com
CoolViper9925,42626,False,coolviper9925@mail.ru
DarkBear9926,5569,True,darkbear9926@gmail.com
CoolDragon9927,50688,False,cooldragon9927@outlook.com
SilentViper9928,91004,True,silentviper9928@mail.ru
MightyShark9929,6120,False,mightyshark9929@yahoo.com
DarkFox9930,65320,False,darkfox9930@outlook.com
CoolFox9931,17225,True,coolfox9931@yahoo.com
CoolDragon9932,21037,False,cooldragon9932@mail.ru
IronWolf9933,11483,True,ironwolf9933@gmail.com
IronFox9934,30863,False,ironfox9934@hotmail.com
DarkWolf9935,73833,False,darkwolf9935@mail.ru
CoolEagle9936,57920,False,cooleagle9936@hotmail.com
ShadowLion9937,40927,False,shadowlion9937@outlook.com
MightyFox9938,59598,True,mightyfox9938@mail.ru
CoolDragon9939,34760,False,cooldragon9939@hotmail.com
FireShark9940,88608,False,fireshark9940@gmail.com
SwiftTiger9941,62777,True,swifttiger9941@gmail.com
SwiftHawk9942,33702,False,swifthawk9942@yahoo.com
SilentDragon9943,73537,False,silentdragon9943@gmail.com
DarkLion9944,79169,False,darklion9944@mail.ru
GoldenEagle9945,18681,True,goldeneagle9945@outlook.com
SilentLion9946,69814,False,silentlion9946@mail.ru
ShadowShark9947,54719,False,shadowshark9947@gmail.com
SwiftEagle9948,9377,True,swifteagle9948@hotmail.com
ShadowDragon9949,22287,True,shadowdragon9949@outlook.com
CoolHawk9950,56554,False,coolhawk9950@mail.ru
ShadowShark9951,78487,False,shadowshark9951@yahoo.com
DarkBear9952,30235,False,darkbear9952@hotmail.com
EpicHawk9953,91810,False,epichawk9953@outlook.com
EpicBear9954,77447,True,epicbear9954@outlook.com
SilentDragon9955,77505,False,silentdragon9955@mail.ru
IronDragon9956,5181,True,irondragon9956@mail.ru
DarkFox9957,86451,False,darkfox9957@hotmail.com
EpicWolf9958,40092,True,epicwolf9958@mail.ru
FireEagle9959,9968,False,fireeagle9959@mail.ru
MightyTiger9960,34264,False,mightytiger9960@yahoo.com
MightyEagle9961,3668,False,mightyeagle9961@mail.ru
EpicFox9962,65062,True,epicfox9962@hotmail.com
MightyHawk9963,94281,False,mightyhawk9963@yahoo.com
SilentWolf9964,81806,False,silentwolf9964@gmail.com
MightyViper9965,93652,False,mightyviper9965@gmail.com
EpicEagle9966,35066,False,epiceagle9966@gmail.com
SilentTiger9967,41782,False,silenttiger9967@mail.ru
GoldenTiger9968,97125,False,goldentiger9968@gmail.com
DarkDragon9969,76717,False,darkdragon9969@outlook.com
DarkFox9970,53336,False,darkfox9970@hotmail.com
SilentHawk9971,19634,True,silenthawk9971@outlook.com
CoolViper9972,96339,False,coolviper9972@hotmail.com
IronBear9973,14032,False,ironbear9973@yahoo.com
EpicWolf9974,26805,False,epicwolf9974@hotmail.com
DarkHawk9975,78658,False,darkhawk9975@yahoo.com
EpicShark9976,38848,False,epicshark9976@gmail.com
SwiftEagle9977,75365,False,swifteagle9977@gmail.com
SilentHawk9978,86590,False,silenthawk9978@outlook.com
FireFox9979,65097,False,firefox9979@mail.ru
SwiftTiger9980,7551,False,swifttiger9980@outlook.com
IronViper9981,71382,True,ironviper9981@gmail.com
EpicTiger9982,13463,True,epictiger9982@outlook.com
FireLion9983,31987,False,firelion9983@hotmail.com
DarkEagle9984,94834,False,darkeagle9984@gmail.com
GoldenDragon9985,77162,False,goldendragon9985@mail.ru
FireWolf9986,54614,False,firewolf9986@gmail.com
SwiftShark9987,79301,False,swiftshark9987@gmail.com
DarkShark9988,68852,True,darkshark9988@mail.ru
FireLion9989,23821,False,firelion9989@hotmail.com
IronViper9990,71438,False,ironviper9990@yahoo.com
IronBear9991,61074,False,ironbear9991@yahoo.com
SwiftTiger9992,37049,False,swifttiger9992@outlook.com
EpicWolf9993,29445,False,epicwolf9993@outlook.com
ShadowShark9994,95437,False,shadowshark9994@gmail.com
IronFox9995,84598,False,ironfox9995@hotmail.com
ShadowViper9996,12588,False,shadowviper9996@gmail.com
MightyLion9997,17534,False,mightylion9997@mail.ru
FireDragon9998,-961,False,firedragon9998@yahoo.com
SilentShark9999,87160,True,silentshark9999@outlook.com
